hospital_id,medicine_id,batch_no,quantity_available,manufacture_date,expiry_date,last_updated
HOSP-BG-001,MED-001,BATCH-0224295,41,2026-05-21,2029-05-20,2026-06-29
HOSP-BG-001,MED-002,BATCH-0223476,654,2026-06-29,2028-06-28,2026-06-29
HOSP-BG-001,MED-003,BATCH-0222108,360,2026-06-22,2029-06-21,2026-06-29
HOSP-BG-001,MED-004,BATCH-0223477,422,2026-06-27,2028-06-26,2026-06-29
HOSP-BG-001,MED-005,BATCH-0224296,162,2026-04-26,2028-04-25,2026-06-29
HOSP-BG-001,MED-006,BATCH-0222109,119,2026-06-22,2028-06-21,2026-06-29
HOSP-BG-001,MED-006,BATCH-0223478,650,2026-06-29,2028-06-28,2026-06-29
HOSP-BG-001,MED-007,BATCH-0222110,11,2026-06-20,2028-06-19,2026-06-29
HOSP-BG-001,MED-007,BATCH-0223479,636,2026-06-28,2028-06-27,2026-06-29
HOSP-BG-001,MED-008,BATCH-0223480,1026,2026-06-29,2029-06-28,2026-06-29
HOSP-BG-001,MED-009,BATCH-0223481,706,2026-06-29,2028-06-28,2026-06-29
HOSP-BG-001,MED-010,BATCH-0224297,138,2026-06-11,2029-06-10,2026-06-29
HOSP-BG-001,MED-011,BATCH-0223482,1227,2026-06-28,2029-06-27,2026-06-29
HOSP-BG-001,MED-012,BATCH-0224298,171,2026-04-20,2029-04-19,2026-06-29
HOSP-BG-001,MED-013,BATCH-0222112,108,2026-06-20,2028-06-19,2026-06-29
HOSP-BG-001,MED-013,BATCH-0223483,867,2026-06-29,2028-06-28,2026-06-29
HOSP-BG-001,MED-014,BATCH-0223484,1311,2026-06-29,2028-06-28,2026-06-29
HOSP-BG-001,MED-015,BATCH-0223485,828,2026-06-29,2028-06-28,2026-06-29
HOSP-BG-001,MED-016,BATCH-0222113,146,2026-06-22,2028-06-21,2026-06-29
HOSP-BG-001,MED-017,BATCH-0220779,151,2026-06-13,2029-06-12,2026-06-29
HOSP-BG-001,MED-018,BATCH-0222114,81,2026-06-21,2028-06-20,2026-06-29
HOSP-BG-001,MED-018,BATCH-0223486,273,2026-06-29,2028-06-28,2026-06-29
HOSP-BG-001,MED-019,BATCH-0223487,169,2026-06-28,2028-06-27,2026-06-29
HOSP-BG-001,MED-020,BATCH-0223488,310,2026-06-28,2028-06-27,2026-06-29
HOSP-BG-001,MED-021,BATCH-0224299,134,2026-05-02,2029-05-01,2026-06-29
HOSP-BG-001,MED-022,BATCH-0223489,1198,2026-06-28,2029-06-27,2026-06-29
HOSP-BG-001,MED-023,BATCH-0222115,734,2026-06-20,2029-06-19,2026-06-29
HOSP-BG-001,MED-024,BATCH-0223490,289,2026-06-28,2028-06-27,2026-06-29
HOSP-BG-001,MED-025,BATCH-0224300,57,2026-05-29,2029-05-28,2026-06-29
HOSP-BG-001,MED-026,BATCH-0224301,94,2026-06-09,2029-06-08,2026-06-29
HOSP-BG-001,MED-027,BATCH-0224302,180,2026-05-11,2029-05-10,2026-06-29
HOSP-BG-001,MED-028,BATCH-0222116,57,2026-06-22,2029-06-21,2026-06-29
HOSP-BG-001,MED-029,BATCH-0222117,138,2026-06-21,2029-06-20,2026-06-29
HOSP-BG-001,MED-030,BATCH-0222118,180,2026-06-22,2029-06-21,2026-06-29
HOSP-BG-001,MED-031,BATCH-0223491,1527,2026-06-28,2031-06-28,2026-06-29
HOSP-BG-001,MED-032,BATCH-0220786,1228,2026-06-15,2031-06-15,2026-06-29
HOSP-BG-001,MED-033,BATCH-0222119,588,2026-06-21,2031-06-21,2026-06-29
HOSP-BG-001,MED-034,BATCH-0223492,203,2026-06-29,2028-06-28,2026-06-29
HOSP-BG-001,MED-035,BATCH-0222120,25,2026-06-22,2028-06-21,2026-06-29
HOSP-BG-001,MED-035,BATCH-0223493,95,2026-06-29,2028-06-28,2026-06-29
HOSP-BG-001,MED-036,BATCH-0222953,1431,2026-04-18,2028-04-17,2026-06-29
HOSP-BG-001,MED-037,BATCH-0222121,136,2026-06-21,2029-06-20,2026-06-29
HOSP-BG-001,MED-038,BATCH-0223494,315,2026-06-27,2028-06-26,2026-06-29
HOSP-BG-001,MED-039,BATCH-0222122,120,2026-06-20,2029-06-19,2026-06-29
HOSP-BG-001,MED-040,BATCH-0222123,80,2026-06-20,2029-06-19,2026-06-29
HOSP-BG-001,MED-041,BATCH-0223495,32,2026-06-27,2028-06-26,2026-06-29
HOSP-BG-001,MED-042,BATCH-0222124,17,2026-06-20,2028-06-19,2026-06-29
HOSP-BG-001,MED-043,BATCH-0223496,17,2026-06-27,2028-06-26,2026-06-29
HOSP-BG-001,MED-044,BATCH-0223497,18,2026-06-29,2028-06-28,2026-06-29
HOSP-BG-001,MED-045,BATCH-0223498,122,2026-06-27,2028-06-26,2026-06-29
HOSP-BG-001,MED-046,BATCH-0219424,2,2026-06-08,2027-12-07,2026-06-29
HOSP-BG-001,MED-046,BATCH-0222125,10,2026-06-20,2027-12-19,2026-06-29
HOSP-BG-001,MED-047,BATCH-0224303,22,2026-05-05,2029-05-04,2026-06-29
HOSP-BG-001,MED-048,BATCH-0222126,26,2026-06-20,2028-06-19,2026-06-29
HOSP-BG-001,MED-048,BATCH-0223499,304,2026-06-28,2028-06-27,2026-06-29
HOSP-BG-001,MED-049,BATCH-0222127,346,2026-06-22,2028-06-21,2026-06-29
HOSP-BG-001,MED-050,BATCH-0222128,202,2026-06-22,2028-06-21,2026-06-29
HOSP-BG-001,MED-051,BATCH-0223500,286,2026-06-28,2028-06-27,2026-06-29
HOSP-BG-001,MED-052,BATCH-0222129,177,2026-06-20,2028-06-19,2026-06-29
HOSP-BG-001,MED-053,BATCH-0222130,185,2026-06-21,2028-06-20,2026-06-29
HOSP-BG-001,MED-053,BATCH-0223501,410,2026-06-28,2028-06-27,2026-06-29
HOSP-BG-001,MED-054,BATCH-0222131,71,2026-06-22,2028-06-21,2026-06-29
HOSP-BG-001,MED-055,BATCH-0220792,35,2026-06-13,2029-06-12,2026-06-29
HOSP-BG-001,MED-056,BATCH-0223502,99,2026-06-29,2029-06-28,2026-06-29
HOSP-BG-001,MED-057,BATCH-0223503,83,2026-06-29,2028-06-28,2026-06-29
HOSP-BG-001,MED-058,BATCH-0222132,44,2026-06-21,2028-06-20,2026-06-29
HOSP-BG-001,MED-059,BATCH-0222133,30,2026-06-21,2028-06-20,2026-06-29
HOSP-BG-001,MED-060,BATCH-0223504,41,2026-06-29,2028-06-28,2026-06-29
HOSP-BG-001,MED-061,BATCH-0223505,167,2026-06-28,2028-06-27,2026-06-29
HOSP-BG-001,MED-062,BATCH-0224304,13,2026-04-12,2029-04-11,2026-06-29
HOSP-BG-001,MED-063,BATCH-0223506,63,2026-06-29,2028-06-28,2026-06-29
HOSP-BG-001,MED-064,BATCH-0223507,397,2026-06-27,2031-06-27,2026-06-29
HOSP-BG-001,MED-065,BATCH-0224305,13,2026-06-06,2026-07-06,2026-06-29
HOSP-BG-001,MED-066,BATCH-0224306,10,2026-06-06,2026-07-06,2026-06-29
HOSP-BG-001,MED-067,BATCH-0223508,335,2026-06-29,2029-06-28,2026-06-29
HOSP-BG-001,MED-069,BATCH-0222136,79,2026-06-22,2029-06-21,2026-06-29
HOSP-BG-001,MED-070,BATCH-0222137,200,2026-06-22,2028-06-21,2026-06-29
HOSP-BG-001,MED-071,BATCH-0223509,127,2026-06-27,2028-06-26,2026-06-29
HOSP-BG-001,MED-072,BATCH-0223510,168,2026-06-28,2028-06-27,2026-06-29
HOSP-BG-002,MED-001,BATCH-0223511,4047,2026-06-29,2029-06-28,2026-06-29
HOSP-BG-002,MED-002,BATCH-0222138,33,2026-06-22,2028-06-21,2026-06-29
HOSP-BG-002,MED-002,BATCH-0223512,732,2026-06-27,2028-06-26,2026-06-29
HOSP-BG-002,MED-003,BATCH-0223513,1979,2026-06-29,2029-06-28,2026-06-29
HOSP-BG-002,MED-004,BATCH-0222139,83,2026-06-20,2028-06-19,2026-06-29
HOSP-BG-002,MED-005,BATCH-0223514,2083,2026-06-28,2028-06-27,2026-06-29
HOSP-BG-002,MED-006,BATCH-0223515,484,2026-06-29,2028-06-28,2026-06-29
HOSP-BG-002,MED-007,BATCH-0223516,648,2026-06-27,2028-06-26,2026-06-29
HOSP-BG-002,MED-009,BATCH-0223517,632,2026-06-27,2028-06-26,2026-06-29
HOSP-BG-002,MED-010,BATCH-0224307,55,2026-04-29,2029-04-28,2026-06-29
HOSP-BG-002,MED-011,BATCH-0223518,1828,2026-06-27,2029-06-26,2026-06-29
HOSP-BG-002,MED-012,BATCH-0223519,783,2026-06-27,2029-06-26,2026-06-29
HOSP-BG-002,MED-013,BATCH-0222143,380,2026-06-21,2028-06-20,2026-06-29
HOSP-BG-002,MED-014,BATCH-0223520,1469,2026-06-29,2028-06-28,2026-06-29
HOSP-BG-002,MED-015,BATCH-0223521,876,2026-06-27,2028-06-26,2026-06-29
HOSP-BG-002,MED-016,BATCH-0223522,412,2026-06-29,2028-06-28,2026-06-29
HOSP-BG-002,MED-017,BATCH-0223523,250,2026-06-27,2029-06-26,2026-06-29
HOSP-BG-002,MED-018,BATCH-0222146,235,2026-06-20,2028-06-19,2026-06-29
HOSP-BG-002,MED-019,BATCH-0224308,6,2026-04-28,2028-04-27,2026-06-29
HOSP-BG-002,MED-020,BATCH-0223524,428,2026-06-27,2028-06-26,2026-06-29
HOSP-BG-002,MED-021,BATCH-0223525,1989,2026-06-27,2029-06-26,2026-06-29
HOSP-BG-002,MED-022,BATCH-0222147,672,2026-06-22,2029-06-21,2026-06-29
HOSP-BG-002,MED-023,BATCH-0223526,2498,2026-06-27,2029-06-26,2026-06-29
HOSP-BG-002,MED-024,BATCH-0222148,166,2026-06-22,2028-06-21,2026-06-29
HOSP-BG-002,MED-025,BATCH-0222149,679,2026-06-21,2029-06-20,2026-06-29
HOSP-BG-002,MED-026,BATCH-0223527,1883,2026-06-27,2029-06-26,2026-06-29
HOSP-BG-002,MED-027,BATCH-0223528,1110,2026-06-29,2029-06-28,2026-06-29
HOSP-BG-002,MED-028,BATCH-0222151,130,2026-06-20,2029-06-19,2026-06-29
HOSP-BG-002,MED-029,BATCH-0224309,194,2026-05-13,2029-05-12,2026-06-29
HOSP-BG-002,MED-030,BATCH-0222152,142,2026-06-22,2029-06-21,2026-06-29
HOSP-BG-002,MED-031,BATCH-0223529,2868,2026-06-28,2031-06-28,2026-06-29
HOSP-BG-002,MED-032,BATCH-0222153,1854,2026-06-20,2031-06-20,2026-06-29
HOSP-BG-002,MED-033,BATCH-0223530,1619,2026-06-28,2031-06-28,2026-06-29
HOSP-BG-002,MED-034,BATCH-0224310,10,2026-06-03,2028-06-02,2026-06-29
HOSP-BG-002,MED-035,BATCH-0223531,116,2026-06-29,2028-06-28,2026-06-29
HOSP-BG-002,MED-036,BATCH-0224311,52,2026-04-07,2028-04-06,2026-06-29
HOSP-BG-002,MED-037,BATCH-0223532,321,2026-06-27,2029-06-26,2026-06-29
HOSP-BG-002,MED-038,BATCH-0223533,427,2026-06-28,2028-06-27,2026-06-29
HOSP-BG-002,MED-039,BATCH-0224312,11,2026-04-29,2029-04-28,2026-06-29
HOSP-BG-002,MED-040,BATCH-0222154,81,2026-06-22,2029-06-21,2026-06-29
HOSP-BG-002,MED-041,BATCH-0223534,31,2026-06-29,2028-06-28,2026-06-29
HOSP-BG-002,MED-042,BATCH-0223535,23,2026-06-28,2028-06-27,2026-06-29
HOSP-BG-002,MED-043,BATCH-0223536,11,2026-06-27,2028-06-26,2026-06-29
HOSP-BG-002,MED-044,BATCH-0220823,2,2026-06-15,2028-06-14,2026-06-29
HOSP-BG-002,MED-044,BATCH-0223537,26,2026-06-28,2028-06-27,2026-06-29
HOSP-BG-002,MED-045,BATCH-0224313,9,2026-04-07,2028-04-06,2026-06-29
HOSP-BG-002,MED-046,BATCH-0222156,9,2026-06-21,2027-12-20,2026-06-29
HOSP-BG-002,MED-047,BATCH-0224314,35,2026-05-14,2029-05-13,2026-06-29
HOSP-BG-002,MED-048,BATCH-0222158,175,2026-06-20,2028-06-19,2026-06-29
HOSP-BG-002,MED-049,BATCH-0224315,101,2026-04-08,2028-04-07,2026-06-29
HOSP-BG-002,MED-050,BATCH-0223538,225,2026-06-29,2028-06-28,2026-06-29
HOSP-BG-002,MED-051,BATCH-0224316,8,2026-06-12,2028-06-11,2026-06-29
HOSP-BG-002,MED-052,BATCH-0223539,424,2026-06-29,2028-06-28,2026-06-29
HOSP-BG-002,MED-053,BATCH-0222160,357,2026-06-22,2028-06-21,2026-06-29
HOSP-BG-002,MED-054,BATCH-0223540,423,2026-06-27,2028-06-26,2026-06-29
HOSP-BG-002,MED-055,BATCH-0222161,104,2026-06-20,2029-06-19,2026-06-29
HOSP-BG-002,MED-056,BATCH-0222162,68,2026-06-21,2029-06-20,2026-06-29
HOSP-BG-002,MED-057,BATCH-0223541,115,2026-06-29,2028-06-28,2026-06-29
HOSP-BG-002,MED-058,BATCH-0223542,124,2026-06-29,2028-06-28,2026-06-29
HOSP-BG-002,MED-059,BATCH-0223543,58,2026-06-29,2028-06-28,2026-06-29
HOSP-BG-002,MED-060,BATCH-0222163,41,2026-06-20,2028-06-19,2026-06-29
HOSP-BG-002,MED-061,BATCH-0223544,88,2026-06-28,2028-06-27,2026-06-29
HOSP-BG-002,MED-062,BATCH-0223545,118,2026-06-27,2029-06-26,2026-06-29
HOSP-BG-002,MED-063,BATCH-0222164,52,2026-06-20,2028-06-19,2026-06-29
HOSP-BG-002,MED-064,BATCH-0223546,702,2026-06-28,2031-06-28,2026-06-29
HOSP-BG-002,MED-065,BATCH-0220831,19,2026-06-14,2026-07-14,2026-06-29
HOSP-BG-002,MED-066,BATCH-0223547,119,2026-06-27,2026-07-27,2026-06-29
HOSP-BG-002,MED-067,BATCH-0222165,219,2026-06-21,2029-06-20,2026-06-29
HOSP-BG-002,MED-068,BATCH-0222166,87,2026-06-22,2029-06-21,2026-06-29
HOSP-BG-002,MED-069,BATCH-0220834,14,2026-06-13,2029-06-12,2026-06-29
HOSP-BG-002,MED-069,BATCH-0223548,185,2026-06-27,2029-06-26,2026-06-29
HOSP-BG-002,MED-070,BATCH-0220835,104,2026-06-13,2028-06-12,2026-06-29
HOSP-BG-002,MED-070,BATCH-0223549,600,2026-06-29,2028-06-28,2026-06-29
HOSP-BG-002,MED-071,BATCH-0220836,30,2026-06-14,2028-06-13,2026-06-29
HOSP-BG-002,MED-071,BATCH-0223550,140,2026-06-27,2028-06-26,2026-06-29
HOSP-BG-002,MED-072,BATCH-0222167,65,2026-06-20,2028-06-19,2026-06-29
HOSP-BG-003,MED-001,BATCH-0222168,257,2026-06-22,2029-06-21,2026-06-29
HOSP-BG-003,MED-002,BATCH-0222169,10,2026-06-20,2028-06-19,2026-06-29
HOSP-BG-003,MED-003,BATCH-0224317,82,2026-05-31,2029-05-30,2026-06-29
HOSP-BG-003,MED-004,BATCH-0220838,23,2026-06-13,2028-06-12,2026-06-29
HOSP-BG-003,MED-004,BATCH-0223551,120,2026-06-28,2028-06-27,2026-06-29
HOSP-BG-003,MED-005,BATCH-0223552,217,2026-06-27,2028-06-26,2026-06-29
HOSP-BG-003,MED-006,BATCH-0222170,18,2026-06-21,2028-06-20,2026-06-29
HOSP-BG-003,MED-007,BATCH-0223553,52,2026-06-29,2028-06-28,2026-06-29
HOSP-BG-003,MED-009,BATCH-0222173,37,2026-06-20,2028-06-19,2026-06-29
HOSP-BG-003,MED-009,BATCH-0223554,94,2026-06-27,2028-06-26,2026-06-29
HOSP-BG-003,MED-010,BATCH-0223555,180,2026-06-29,2029-06-28,2026-06-29
HOSP-BG-003,MED-011,BATCH-0223556,180,2026-06-27,2029-06-26,2026-06-29
HOSP-BG-003,MED-012,BATCH-0222174,65,2026-06-21,2029-06-20,2026-06-29
HOSP-BG-003,MED-014,BATCH-0223557,187,2026-06-28,2028-06-27,2026-06-29
HOSP-BG-003,MED-016,BATCH-0219478,18,2026-06-07,2028-06-06,2026-06-29
HOSP-BG-003,MED-017,BATCH-0103762,67,2024-08-05,2027-08-05,2026-06-29
HOSP-BG-003,MED-017,BATCH-0206397,300,2026-03-16,2029-03-15,2026-06-29
HOSP-BG-003,MED-018,BATCH-0222176,12,2026-06-22,2028-06-21,2026-06-29
HOSP-BG-003,MED-019,BATCH-0223558,10,2026-06-28,2028-06-27,2026-06-29
HOSP-BG-003,MED-020,BATCH-0223559,15,2026-06-29,2028-06-28,2026-06-29
HOSP-BG-003,MED-021,BATCH-0219480,38,2026-06-07,2029-06-06,2026-06-29
HOSP-BG-003,MED-022,BATCH-0222177,123,2026-06-22,2029-06-21,2026-06-29
HOSP-BG-003,MED-023,BATCH-0222178,115,2026-06-22,2029-06-21,2026-06-29
HOSP-BG-003,MED-024,BATCH-0222179,16,2026-06-21,2028-06-20,2026-06-29
HOSP-BG-003,MED-025,BATCH-0219482,82,2026-06-06,2029-06-05,2026-06-29
HOSP-BG-003,MED-026,BATCH-0222180,125,2026-06-21,2029-06-20,2026-06-29
HOSP-BG-003,MED-027,BATCH-0222181,51,2026-06-20,2029-06-19,2026-06-29
HOSP-BG-003,MED-028,BATCH-0223560,28,2026-06-27,2029-06-26,2026-06-29
HOSP-BG-003,MED-029,BATCH-0223561,180,2026-06-28,2029-06-27,2026-06-29
HOSP-BG-003,MED-030,BATCH-0222182,17,2026-06-20,2029-06-19,2026-06-29
HOSP-BG-003,MED-031,BATCH-0220847,40,2026-06-15,2031-06-15,2026-06-29
HOSP-BG-003,MED-031,BATCH-0223562,200,2026-06-28,2031-06-28,2026-06-29
HOSP-BG-003,MED-032,BATCH-0219484,51,2026-06-07,2031-06-07,2026-06-29
HOSP-BG-003,MED-032,BATCH-0223563,200,2026-06-27,2031-06-27,2026-06-29
HOSP-BG-003,MED-033,BATCH-0222183,133,2026-06-20,2031-06-20,2026-06-29
HOSP-BG-003,MED-034,BATCH-0223564,18,2026-06-29,2028-06-28,2026-06-29
HOSP-BG-003,MED-035,BATCH-0223565,4,2026-06-29,2028-06-28,2026-06-29
HOSP-BG-003,MED-036,BATCH-0220848,280,2026-06-14,2028-06-13,2026-06-29
HOSP-BG-003,MED-037,BATCH-0220849,6,2026-06-13,2029-06-12,2026-06-29
HOSP-BG-003,MED-038,BATCH-0223566,32,2026-06-29,2028-06-28,2026-06-29
HOSP-BG-003,MED-039,BATCH-0222184,17,2026-06-20,2029-06-19,2026-06-29
HOSP-BG-003,MED-040,BATCH-0224318,6,2026-04-13,2029-04-12,2026-06-29
HOSP-BG-003,MED-041,BATCH-0223567,114,2026-06-29,2028-06-28,2026-06-29
HOSP-BG-003,MED-042,BATCH-0220851,11,2026-06-15,2028-06-14,2026-06-29
HOSP-BG-003,MED-042,BATCH-0223568,86,2026-06-29,2028-06-28,2026-06-29
HOSP-BG-003,MED-043,BATCH-0223569,52,2026-06-27,2028-06-26,2026-06-29
HOSP-BG-003,MED-044,BATCH-0222185,56,2026-06-20,2028-06-19,2026-06-29
HOSP-BG-003,MED-045,BATCH-0222186,2,2026-06-21,2028-06-20,2026-06-29
HOSP-BG-003,MED-045,BATCH-0223570,340,2026-06-27,2028-06-26,2026-06-29
HOSP-BG-003,MED-046,BATCH-0222187,5,2026-06-21,2027-12-20,2026-06-29
HOSP-BG-003,MED-047,BATCH-0223571,90,2026-06-28,2029-06-27,2026-06-29
HOSP-BG-003,MED-048,BATCH-0223572,22,2026-06-28,2028-06-27,2026-06-29
HOSP-BG-003,MED-049,BATCH-0219491,126,2026-06-06,2028-06-05,2026-06-29
HOSP-BG-003,MED-050,BATCH-0223573,28,2026-06-27,2028-06-26,2026-06-29
HOSP-BG-003,MED-051,BATCH-0218246,3,2026-06-01,2028-05-31,2026-06-29
HOSP-BG-003,MED-051,BATCH-0222188,30,2026-06-21,2028-06-20,2026-06-29
HOSP-BG-003,MED-052,BATCH-0222189,1,2026-06-21,2028-06-20,2026-06-29
HOSP-BG-003,MED-052,BATCH-0223574,33,2026-06-29,2028-06-28,2026-06-29
HOSP-BG-003,MED-053,BATCH-0222190,28,2026-06-22,2028-06-21,2026-06-29
HOSP-BG-003,MED-054,BATCH-0220854,6,2026-06-15,2028-06-14,2026-06-29
HOSP-BG-003,MED-055,BATCH-0218249,1,2026-05-31,2029-05-30,2026-06-29
HOSP-BG-003,MED-055,BATCH-0223575,20,2026-06-29,2029-06-28,2026-06-29
HOSP-BG-003,MED-056,BATCH-0224319,3,2026-06-11,2029-06-10,2026-06-29
HOSP-BG-003,MED-057,BATCH-0222191,5,2026-06-22,2028-06-21,2026-06-29
HOSP-BG-003,MED-058,BATCH-0222192,3,2026-06-21,2028-06-20,2026-06-29
HOSP-BG-003,MED-059,BATCH-0222193,8,2026-06-20,2028-06-19,2026-06-29
HOSP-BG-003,MED-060,BATCH-0223576,3,2026-06-27,2028-06-26,2026-06-29
HOSP-BG-003,MED-061,BATCH-0220858,8,2026-06-15,2028-06-14,2026-06-29
HOSP-BG-003,MED-062,BATCH-0220859,7,2026-06-13,2029-06-12,2026-06-29
HOSP-BG-003,MED-063,BATCH-0223577,5,2026-06-29,2028-06-28,2026-06-29
HOSP-BG-003,MED-064,BATCH-0219496,7,2026-06-07,2031-06-07,2026-06-29
HOSP-BG-003,MED-064,BATCH-0223578,48,2026-06-28,2031-06-28,2026-06-29
HOSP-BG-003,MED-065,BATCH-0223579,46,2026-06-29,2026-07-29,2026-06-29
HOSP-BG-003,MED-066,BATCH-0222195,2,2026-06-22,2026-07-22,2026-06-29
HOSP-BG-003,MED-067,BATCH-0223580,14,2026-06-28,2029-06-27,2026-06-29
HOSP-BG-003,MED-068,BATCH-0223581,7,2026-06-27,2029-06-26,2026-06-29
HOSP-BG-003,MED-069,BATCH-0223582,10,2026-06-28,2029-06-27,2026-06-29
HOSP-BG-003,MED-070,BATCH-0214968,29,2026-05-11,2028-05-10,2026-06-29
HOSP-BG-003,MED-070,BATCH-0220864,150,2026-06-14,2028-06-13,2026-06-29
HOSP-BG-003,MED-071,BATCH-0220865,13,2026-06-14,2028-06-13,2026-06-29
HOSP-BG-003,MED-071,BATCH-0223583,30,2026-06-29,2028-06-28,2026-06-29
HOSP-BG-003,MED-072,BATCH-0223584,32,2026-06-29,2028-06-28,2026-06-29
HOSP-BG-004,MED-001,BATCH-0222196,779,2026-06-22,2029-06-21,2026-06-29
HOSP-BG-004,MED-002,BATCH-0220868,82,2026-06-15,2028-06-14,2026-06-29
HOSP-BG-004,MED-002,BATCH-0222197,481,2026-06-20,2028-06-19,2026-06-29
HOSP-BG-004,MED-003,BATCH-0219503,220,2026-06-07,2029-06-06,2026-06-29
HOSP-BG-004,MED-004,BATCH-0222198,62,2026-06-21,2028-06-20,2026-06-29
HOSP-BG-004,MED-005,BATCH-0222199,365,2026-06-20,2028-06-19,2026-06-29
HOSP-BG-004,MED-006,BATCH-0223585,436,2026-06-27,2028-06-26,2026-06-29
HOSP-BG-004,MED-007,BATCH-0222201,103,2026-06-20,2028-06-19,2026-06-29
HOSP-BG-004,MED-007,BATCH-0223586,360,2026-06-28,2028-06-27,2026-06-29
HOSP-BG-004,MED-008,BATCH-0223587,885,2026-06-29,2029-06-28,2026-06-29
HOSP-BG-004,MED-010,BATCH-0223588,1042,2026-06-27,2029-06-26,2026-06-29
HOSP-BG-004,MED-011,BATCH-0223589,1773,2026-06-29,2029-06-28,2026-06-29
HOSP-BG-004,MED-012,BATCH-0223590,696,2026-06-29,2029-06-28,2026-06-29
HOSP-BG-004,MED-013,BATCH-0223591,163,2026-06-27,2028-06-26,2026-06-29
HOSP-BG-004,MED-014,BATCH-0223592,241,2026-06-27,2028-06-26,2026-06-29
HOSP-BG-004,MED-015,BATCH-0222205,38,2026-06-21,2028-06-20,2026-06-29
HOSP-BG-004,MED-015,BATCH-0223593,168,2026-06-29,2028-06-28,2026-06-29
HOSP-BG-004,MED-016,BATCH-0220875,2,2026-06-13,2028-06-12,2026-06-29
HOSP-BG-004,MED-016,BATCH-0223594,96,2026-06-27,2028-06-26,2026-06-29
HOSP-BG-004,MED-017,BATCH-0185760,2,2025-11-10,2028-11-09,2026-06-29
HOSP-BG-004,MED-017,BATCH-0216084,300,2026-05-18,2029-05-17,2026-06-29
HOSP-BG-004,MED-018,BATCH-0220876,102,2026-06-15,2028-06-14,2026-06-29
HOSP-BG-004,MED-019,BATCH-0223595,387,2026-06-28,2028-06-27,2026-06-29
HOSP-BG-004,MED-020,BATCH-0222206,525,2026-06-21,2028-06-20,2026-06-29
HOSP-BG-004,MED-021,BATCH-0220879,79,2026-06-14,2029-06-13,2026-06-29
HOSP-BG-004,MED-022,BATCH-0219515,82,2026-06-08,2029-06-07,2026-06-29
HOSP-BG-004,MED-023,BATCH-0220880,11,2026-06-14,2029-06-13,2026-06-29
HOSP-BG-004,MED-024,BATCH-0222207,14,2026-06-22,2028-06-21,2026-06-29
HOSP-BG-004,MED-025,BATCH-0220881,110,2026-06-13,2029-06-12,2026-06-29
HOSP-BG-004,MED-026,BATCH-0222208,130,2026-06-22,2029-06-21,2026-06-29
HOSP-BG-004,MED-027,BATCH-0223596,459,2026-06-29,2029-06-28,2026-06-29
HOSP-BG-004,MED-028,BATCH-0222209,29,2026-06-20,2029-06-19,2026-06-29
HOSP-BG-004,MED-029,BATCH-0223597,205,2026-06-29,2029-06-28,2026-06-29
HOSP-BG-004,MED-030,BATCH-0220884,7,2026-06-15,2029-06-14,2026-06-29
HOSP-BG-004,MED-030,BATCH-0223598,128,2026-06-27,2029-06-26,2026-06-29
HOSP-BG-004,MED-031,BATCH-0222210,352,2026-06-22,2031-06-22,2026-06-29
HOSP-BG-004,MED-032,BATCH-0222211,328,2026-06-20,2031-06-20,2026-06-29
HOSP-BG-004,MED-033,BATCH-0223599,297,2026-06-29,2031-06-29,2026-06-29
HOSP-BG-004,MED-034,BATCH-0223600,251,2026-06-27,2028-06-26,2026-06-29
HOSP-BG-004,MED-035,BATCH-0223601,93,2026-06-28,2028-06-27,2026-06-29
HOSP-BG-004,MED-036,BATCH-0219519,10,2026-06-07,2028-06-06,2026-06-29
HOSP-BG-004,MED-036,BATCH-0223602,300,2026-06-29,2028-06-28,2026-06-29
HOSP-BG-004,MED-037,BATCH-0223603,6,2026-06-29,2029-06-28,2026-06-29
HOSP-BG-004,MED-038,BATCH-0222212,95,2026-06-20,2028-06-19,2026-06-29
HOSP-BG-004,MED-039,BATCH-0222213,22,2026-06-21,2029-06-20,2026-06-29
HOSP-BG-004,MED-040,BATCH-0220890,6,2026-06-13,2029-06-12,2026-06-29
HOSP-BG-004,MED-041,BATCH-0223604,46,2026-06-27,2028-06-26,2026-06-29
HOSP-BG-004,MED-042,BATCH-0222215,11,2026-06-20,2028-06-19,2026-06-29
HOSP-BG-004,MED-043,BATCH-0220891,1,2026-06-14,2028-06-13,2026-06-29
HOSP-BG-004,MED-043,BATCH-0223605,26,2026-06-29,2028-06-28,2026-06-29
HOSP-BG-004,MED-044,BATCH-0222216,5,2026-06-21,2028-06-20,2026-06-29
HOSP-BG-004,MED-045,BATCH-0222217,55,2026-06-21,2028-06-20,2026-06-29
HOSP-BG-004,MED-046,BATCH-0222218,2,2026-06-22,2027-12-21,2026-06-29
HOSP-BG-004,MED-046,BATCH-0223606,16,2026-06-27,2027-12-26,2026-06-29
HOSP-BG-004,MED-047,BATCH-0223607,3177,2026-06-29,2029-06-28,2026-06-29
HOSP-BG-004,MED-048,BATCH-0222219,102,2026-06-21,2028-06-20,2026-06-29
HOSP-BG-004,MED-048,BATCH-0223608,1100,2026-06-28,2028-06-27,2026-06-29
HOSP-BG-004,MED-049,BATCH-0222220,232,2026-06-22,2028-06-21,2026-06-29
HOSP-BG-004,MED-050,BATCH-0220893,63,2026-06-13,2028-06-12,2026-06-29
HOSP-BG-004,MED-050,BATCH-0223609,390,2026-06-29,2028-06-28,2026-06-29
HOSP-BG-004,MED-051,BATCH-0222221,110,2026-06-22,2028-06-21,2026-06-29
HOSP-BG-004,MED-052,BATCH-0223610,1759,2026-06-27,2028-06-26,2026-06-29
HOSP-BG-004,MED-053,BATCH-0220895,4,2026-06-14,2028-06-13,2026-06-29
HOSP-BG-004,MED-053,BATCH-0223611,30,2026-06-28,2028-06-27,2026-06-29
HOSP-BG-004,MED-054,BATCH-0224320,11,2026-05-01,2028-04-30,2026-06-29
HOSP-BG-004,MED-055,BATCH-0220897,3,2026-06-15,2029-06-14,2026-06-29
HOSP-BG-004,MED-056,BATCH-0224321,4,2026-04-12,2029-04-11,2026-06-29
HOSP-BG-004,MED-057,BATCH-0223612,114,2026-06-29,2028-06-28,2026-06-29
HOSP-BG-004,MED-058,BATCH-0223613,50,2026-06-27,2028-06-26,2026-06-29
HOSP-BG-004,MED-059,BATCH-0222222,48,2026-06-21,2028-06-20,2026-06-29
HOSP-BG-004,MED-060,BATCH-0223614,22,2026-06-29,2028-06-28,2026-06-29
HOSP-BG-004,MED-061,BATCH-0224322,7,2026-05-20,2028-05-19,2026-06-29
HOSP-BG-004,MED-062,BATCH-0223615,36,2026-06-28,2029-06-27,2026-06-29
HOSP-BG-004,MED-063,BATCH-0222224,3,2026-06-20,2028-06-19,2026-06-29
HOSP-BG-004,MED-063,BATCH-0223616,20,2026-06-29,2028-06-28,2026-06-29
HOSP-BG-004,MED-064,BATCH-0222225,24,2026-06-20,2031-06-20,2026-06-29
HOSP-BG-004,MED-064,BATCH-0223617,144,2026-06-28,2031-06-28,2026-06-29
HOSP-BG-004,MED-065,BATCH-0223618,36,2026-06-28,2026-07-28,2026-06-29
HOSP-BG-004,MED-066,BATCH-0224323,12,2026-06-06,2026-07-06,2026-06-29
HOSP-BG-004,MED-067,BATCH-0222227,11,2026-06-21,2029-06-20,2026-06-29
HOSP-BG-004,MED-067,BATCH-0223619,131,2026-06-29,2029-06-28,2026-06-29
HOSP-BG-004,MED-068,BATCH-0223620,53,2026-06-29,2029-06-28,2026-06-29
HOSP-BG-004,MED-069,BATCH-0223621,52,2026-06-28,2029-06-27,2026-06-29
HOSP-BG-004,MED-070,BATCH-0220904,160,2026-06-15,2028-06-14,2026-06-29
HOSP-BG-004,MED-071,BATCH-0223622,36,2026-06-27,2028-06-26,2026-06-29
HOSP-BG-004,MED-072,BATCH-0222228,25,2026-06-20,2028-06-19,2026-06-29
HOSP-BG-004,MED-072,BATCH-0223623,156,2026-06-27,2028-06-26,2026-06-29
HOSP-BG-005,MED-001,BATCH-0222229,434,2026-06-22,2029-06-21,2026-06-29
HOSP-BG-005,MED-002,BATCH-0222230,99,2026-06-20,2028-06-19,2026-06-29
HOSP-BG-005,MED-003,BATCH-0222231,455,2026-06-22,2029-06-21,2026-06-29
HOSP-BG-005,MED-004,BATCH-0223624,343,2026-06-27,2028-06-26,2026-06-29
HOSP-BG-005,MED-005,BATCH-0223625,1148,2026-06-29,2028-06-28,2026-06-29
HOSP-BG-005,MED-006,BATCH-0223626,528,2026-06-29,2028-06-28,2026-06-29
HOSP-BG-005,MED-007,BATCH-0223627,325,2026-06-28,2028-06-27,2026-06-29
HOSP-BG-005,MED-008,BATCH-0223628,330,2026-06-28,2029-06-27,2026-06-29
HOSP-BG-005,MED-009,BATCH-0223629,354,2026-06-27,2028-06-26,2026-06-29
HOSP-BG-005,MED-010,BATCH-0223630,608,2026-06-27,2029-06-26,2026-06-29
HOSP-BG-005,MED-011,BATCH-0222234,128,2026-06-21,2029-06-20,2026-06-29
HOSP-BG-005,MED-012,BATCH-0223631,362,2026-06-27,2029-06-26,2026-06-29
HOSP-BG-005,MED-013,BATCH-0223632,738,2026-06-29,2028-06-28,2026-06-29
HOSP-BG-005,MED-014,BATCH-0222236,199,2026-06-20,2028-06-19,2026-06-29
HOSP-BG-005,MED-015,BATCH-0222237,224,2026-06-22,2028-06-21,2026-06-29
HOSP-BG-005,MED-016,BATCH-0224324,26,2026-05-27,2028-05-26,2026-06-29
HOSP-BG-005,MED-017,BATCH-0217215,282,2026-05-25,2029-05-24,2026-06-29
HOSP-BG-005,MED-018,BATCH-0222238,37,2026-06-22,2028-06-21,2026-06-29
HOSP-BG-005,MED-019,BATCH-0222239,5,2026-06-22,2028-06-21,2026-06-29
HOSP-BG-005,MED-020,BATCH-0223633,207,2026-06-28,2028-06-27,2026-06-29
HOSP-BG-005,MED-021,BATCH-0222241,198,2026-06-22,2029-06-21,2026-06-29
HOSP-BG-005,MED-022,BATCH-0224325,112,2026-06-06,2029-06-05,2026-06-29
HOSP-BG-005,MED-023,BATCH-0220913,46,2026-06-13,2029-06-12,2026-06-29
HOSP-BG-005,MED-024,BATCH-0222242,24,2026-06-21,2028-06-20,2026-06-29
HOSP-BG-005,MED-024,BATCH-0223634,58,2026-06-29,2028-06-28,2026-06-29
HOSP-BG-005,MED-025,BATCH-0223635,384,2026-06-28,2029-06-27,2026-06-29
HOSP-BG-005,MED-026,BATCH-0223636,482,2026-06-27,2029-06-26,2026-06-29
HOSP-BG-005,MED-027,BATCH-0222243,269,2026-06-21,2029-06-20,2026-06-29
HOSP-BG-005,MED-028,BATCH-0223637,129,2026-06-29,2029-06-28,2026-06-29
HOSP-BG-005,MED-029,BATCH-0222244,58,2026-06-22,2029-06-21,2026-06-29
HOSP-BG-005,MED-030,BATCH-0223638,112,2026-06-28,2029-06-27,2026-06-29
HOSP-BG-005,MED-031,BATCH-0223639,481,2026-06-27,2031-06-27,2026-06-29
HOSP-BG-005,MED-032,BATCH-0222245,280,2026-06-22,2031-06-22,2026-06-29
HOSP-BG-005,MED-033,BATCH-0222246,155,2026-06-22,2031-06-22,2026-06-29
HOSP-BG-005,MED-034,BATCH-0220917,63,2026-06-13,2028-06-12,2026-06-29
HOSP-BG-005,MED-034,BATCH-0223640,120,2026-06-28,2028-06-27,2026-06-29
HOSP-BG-005,MED-036,BATCH-0222248,4202,2026-06-21,2028-06-20,2026-06-29
HOSP-BG-005,MED-037,BATCH-0223641,91,2026-06-27,2029-06-26,2026-06-29
HOSP-BG-005,MED-038,BATCH-0222249,2,2026-06-21,2028-06-20,2026-06-29
HOSP-BG-005,MED-039,BATCH-0223642,57,2026-06-29,2029-06-28,2026-06-29
HOSP-BG-005,MED-040,BATCH-0220919,20,2026-06-13,2029-06-12,2026-06-29
HOSP-BG-005,MED-040,BATCH-0223643,150,2026-06-29,2029-06-28,2026-06-29
HOSP-BG-005,MED-041,BATCH-0220920,5,2026-06-13,2028-06-12,2026-06-29
HOSP-BG-005,MED-041,BATCH-0223644,16,2026-06-27,2028-06-26,2026-06-29
HOSP-BG-005,MED-042,BATCH-0222251,5,2026-06-20,2028-06-19,2026-06-29
HOSP-BG-005,MED-043,BATCH-0223645,9,2026-06-29,2028-06-28,2026-06-29
HOSP-BG-005,MED-044,BATCH-0223646,8,2026-06-27,2028-06-26,2026-06-29
HOSP-BG-005,MED-045,BATCH-0220922,1,2026-06-15,2028-06-14,2026-06-29
HOSP-BG-005,MED-046,BATCH-0223647,5,2026-06-28,2027-12-27,2026-06-29
HOSP-BG-005,MED-047,BATCH-0222253,369,2026-06-20,2029-06-19,2026-06-29
HOSP-BG-005,MED-048,BATCH-0223648,197,2026-06-29,2028-06-28,2026-06-29
HOSP-BG-005,MED-049,BATCH-0223649,360,2026-06-27,2028-06-26,2026-06-29
HOSP-BG-005,MED-050,BATCH-0224326,10,2026-05-09,2028-05-08,2026-06-29
HOSP-BG-005,MED-051,BATCH-0220925,22,2026-06-15,2028-06-14,2026-06-29
HOSP-BG-005,MED-051,BATCH-0223650,140,2026-06-28,2028-06-27,2026-06-29
HOSP-BG-005,MED-052,BATCH-0222255,37,2026-06-20,2028-06-19,2026-06-29
HOSP-BG-005,MED-052,BATCH-0223651,446,2026-06-27,2028-06-26,2026-06-29
HOSP-BG-005,MED-053,BATCH-0223652,2472,2026-06-28,2028-06-27,2026-06-29
HOSP-BG-005,MED-054,BATCH-0222256,708,2026-06-22,2028-06-21,2026-06-29
HOSP-BG-005,MED-055,BATCH-0223653,986,2026-06-29,2029-06-28,2026-06-29
HOSP-BG-005,MED-056,BATCH-0220929,23,2026-06-15,2029-06-14,2026-06-29
HOSP-BG-005,MED-056,BATCH-0223654,600,2026-06-28,2029-06-27,2026-06-29
HOSP-BG-005,MED-057,BATCH-0220930,23,2026-06-14,2028-06-13,2026-06-29
HOSP-BG-005,MED-057,BATCH-0223655,104,2026-06-27,2028-06-26,2026-06-29
HOSP-BG-005,MED-058,BATCH-0223656,45,2026-06-28,2028-06-27,2026-06-29
HOSP-BG-005,MED-059,BATCH-0222257,12,2026-06-20,2028-06-19,2026-06-29
HOSP-BG-005,MED-059,BATCH-0223657,72,2026-06-27,2028-06-26,2026-06-29
HOSP-BG-005,MED-060,BATCH-0220933,1,2026-06-14,2028-06-13,2026-06-29
HOSP-BG-005,MED-060,BATCH-0222258,17,2026-06-20,2028-06-19,2026-06-29
HOSP-BG-005,MED-061,BATCH-0223658,45,2026-06-28,2028-06-27,2026-06-29
HOSP-BG-005,MED-062,BATCH-0220935,20,2026-06-13,2029-06-12,2026-06-29
HOSP-BG-005,MED-063,BATCH-0223659,16,2026-06-28,2028-06-27,2026-06-29
HOSP-BG-005,MED-064,BATCH-0222259,46,2026-06-22,2031-06-22,2026-06-29
HOSP-BG-005,MED-065,BATCH-0223660,199,2026-06-28,2026-07-28,2026-06-29
HOSP-BG-005,MED-066,BATCH-0220938,60,2026-06-15,2026-07-15,2026-06-29
HOSP-BG-005,MED-067,BATCH-0220939,52,2026-06-13,2029-06-12,2026-06-29
HOSP-BG-005,MED-067,BATCH-0223661,459,2026-06-29,2029-06-28,2026-06-29
HOSP-BG-005,MED-068,BATCH-0222260,65,2026-06-22,2029-06-21,2026-06-29
HOSP-BG-005,MED-069,BATCH-0220940,27,2026-06-14,2029-06-13,2026-06-29
HOSP-BG-005,MED-069,BATCH-0223662,160,2026-06-29,2029-06-28,2026-06-29
HOSP-BG-005,MED-070,BATCH-0220941,12,2026-06-14,2028-06-13,2026-06-29
HOSP-BG-005,MED-070,BATCH-0222261,300,2026-06-22,2028-06-21,2026-06-29
HOSP-BG-005,MED-071,BATCH-0223663,69,2026-06-27,2028-06-26,2026-06-29
HOSP-BG-005,MED-072,BATCH-0222262,12,2026-06-21,2028-06-20,2026-06-29
HOSP-KP-002,MED-001,BATCH-0222975,1587,2026-06-22,2029-06-21,2026-06-29
HOSP-KP-002,MED-002,BATCH-0221636,49,2026-06-15,2028-06-14,2026-06-29
HOSP-KP-002,MED-002,BATCH-0224327,555,2026-06-29,2028-06-28,2026-06-29
HOSP-KP-002,MED-003,BATCH-0222976,810,2026-06-22,2029-06-21,2026-06-29
HOSP-KP-002,MED-004,BATCH-0218888,92,2026-06-01,2028-05-31,2026-06-29
HOSP-KP-002,MED-004,BATCH-0224328,280,2026-06-29,2028-06-28,2026-06-29
HOSP-KP-002,MED-005,BATCH-0222977,473,2026-06-22,2028-06-21,2026-06-29
HOSP-KP-002,MED-005,BATCH-0224329,700,2026-06-29,2028-06-28,2026-06-29
HOSP-KP-002,MED-006,BATCH-0224330,670,2026-06-29,2028-06-28,2026-06-29
HOSP-KP-002,MED-007,BATCH-0221638,111,2026-06-15,2028-06-14,2026-06-29
HOSP-KP-002,MED-007,BATCH-0224331,300,2026-06-29,2028-06-28,2026-06-29
HOSP-KP-002,MED-008,BATCH-0221639,102,2026-06-15,2029-06-14,2026-06-29
HOSP-KP-002,MED-008,BATCH-0224332,520,2026-06-29,2029-06-28,2026-06-29
HOSP-KP-002,MED-009,BATCH-0222978,294,2026-06-22,2028-06-21,2026-06-29
HOSP-KP-002,MED-009,BATCH-0224333,346,2026-06-29,2028-06-28,2026-06-29
HOSP-KP-002,MED-010,BATCH-0224334,177,2026-06-12,2029-06-11,2026-06-29
HOSP-KP-002,MED-011,BATCH-0222980,155,2026-06-22,2029-06-21,2026-06-29
HOSP-KP-002,MED-011,BATCH-0224335,1500,2026-06-29,2029-06-28,2026-06-29
HOSP-KP-002,MED-012,BATCH-0222981,523,2026-06-22,2029-06-21,2026-06-29
HOSP-KP-002,MED-013,BATCH-0222982,288,2026-06-22,2028-06-21,2026-06-29
HOSP-KP-002,MED-013,BATCH-0224336,448,2026-06-29,2028-06-28,2026-06-29
HOSP-KP-002,MED-014,BATCH-0221643,100,2026-06-15,2028-06-14,2026-06-29
HOSP-KP-002,MED-014,BATCH-0222983,593,2026-06-22,2028-06-21,2026-06-29
HOSP-KP-002,MED-015,BATCH-0222984,285,2026-06-22,2028-06-21,2026-06-29
HOSP-KP-002,MED-015,BATCH-0224337,391,2026-06-29,2028-06-28,2026-06-29
HOSP-KP-002,MED-016,BATCH-0224338,288,2026-06-29,2028-06-28,2026-06-29
HOSP-KP-002,MED-017,BATCH-0222986,295,2026-06-22,2029-06-21,2026-06-29
HOSP-KP-002,MED-018,BATCH-0222987,135,2026-06-22,2028-06-21,2026-06-29
HOSP-KP-002,MED-019,BATCH-0222988,144,2026-06-22,2028-06-21,2026-06-29
HOSP-KP-002,MED-020,BATCH-0221646,87,2026-06-15,2028-06-14,2026-06-29
HOSP-KP-002,MED-020,BATCH-0224339,224,2026-06-29,2028-06-28,2026-06-29
HOSP-KP-002,MED-021,BATCH-0224340,192,2026-04-26,2029-04-25,2026-06-29
HOSP-KP-002,MED-022,BATCH-0224341,1000,2026-06-29,2029-06-28,2026-06-29
HOSP-KP-002,MED-023,BATCH-0222991,838,2026-06-22,2029-06-21,2026-06-29
HOSP-KP-002,MED-024,BATCH-0221649,36,2026-06-15,2028-06-14,2026-06-29
HOSP-KP-002,MED-024,BATCH-0224342,133,2026-06-29,2028-06-28,2026-06-29
HOSP-KP-002,MED-025,BATCH-0221650,148,2026-06-15,2029-06-14,2026-06-29
HOSP-KP-002,MED-025,BATCH-0224343,800,2026-06-29,2029-06-28,2026-06-29
HOSP-KP-002,MED-026,BATCH-0224344,137,2026-05-27,2029-05-26,2026-06-29
HOSP-KP-002,MED-027,BATCH-0221652,79,2026-06-15,2029-06-14,2026-06-29
HOSP-KP-002,MED-027,BATCH-0224345,1400,2026-06-29,2029-06-28,2026-06-29
HOSP-KP-002,MED-028,BATCH-0221653,19,2026-06-15,2029-06-14,2026-06-29
HOSP-KP-002,MED-028,BATCH-0224346,440,2026-06-29,2029-06-28,2026-06-29
HOSP-KP-002,MED-029,BATCH-0224347,69,2026-04-09,2029-04-08,2026-06-29
HOSP-KP-002,MED-030,BATCH-0224348,315,2026-06-29,2029-06-28,2026-06-29
HOSP-KP-002,MED-031,BATCH-0222994,1281,2026-06-22,2031-06-22,2026-06-29
HOSP-KP-002,MED-032,BATCH-0222995,1722,2026-06-22,2031-06-22,2026-06-29
HOSP-KP-002,MED-033,BATCH-0224349,39,2026-06-12,2031-06-12,2026-06-29
HOSP-KP-002,MED-034,BATCH-0220311,8,2026-06-08,2028-06-07,2026-06-29
HOSP-KP-002,MED-034,BATCH-0222997,110,2026-06-22,2028-06-21,2026-06-29
HOSP-KP-002,MED-035,BATCH-0221657,16,2026-06-15,2028-06-14,2026-06-29
HOSP-KP-002,MED-035,BATCH-0222998,46,2026-06-22,2028-06-21,2026-06-29
HOSP-KP-002,MED-036,BATCH-0221658,319,2026-06-15,2028-06-14,2026-06-29
HOSP-KP-002,MED-036,BATCH-0224350,900,2026-06-29,2028-06-28,2026-06-29
HOSP-KP-002,MED-037,BATCH-0221659,28,2026-06-15,2029-06-14,2026-06-29
HOSP-KP-002,MED-037,BATCH-0224351,218,2026-06-29,2029-06-28,2026-06-29
HOSP-KP-002,MED-038,BATCH-0222999,207,2026-06-22,2028-06-21,2026-06-29
HOSP-KP-002,MED-039,BATCH-0223000,103,2026-06-22,2029-06-21,2026-06-29
HOSP-KP-002,MED-040,BATCH-0223001,128,2026-06-22,2029-06-21,2026-06-29
HOSP-KP-002,MED-041,BATCH-0223002,8,2026-06-22,2028-06-21,2026-06-29
HOSP-KP-002,MED-041,BATCH-0224352,24,2026-06-29,2028-06-28,2026-06-29
HOSP-KP-002,MED-042,BATCH-0221661,1,2026-06-15,2028-06-14,2026-06-29
HOSP-KP-002,MED-042,BATCH-0223003,12,2026-06-22,2028-06-21,2026-06-29
HOSP-KP-002,MED-043,BATCH-0224353,12,2026-06-29,2028-06-28,2026-06-29
HOSP-KP-002,MED-044,BATCH-0218917,2,2026-06-01,2028-05-31,2026-06-29
HOSP-KP-002,MED-044,BATCH-0224354,16,2026-06-29,2028-06-28,2026-06-29
HOSP-KP-002,MED-045,BATCH-0220314,37,2026-06-08,2028-06-07,2026-06-29
HOSP-KP-002,MED-045,BATCH-0224355,60,2026-06-29,2028-06-28,2026-06-29
HOSP-KP-002,MED-046,BATCH-0221662,3,2026-06-15,2027-12-14,2026-06-29
HOSP-KP-002,MED-046,BATCH-0224356,6,2026-06-29,2027-12-28,2026-06-29
HOSP-KP-002,MED-047,BATCH-0224357,49,2026-05-22,2029-05-21,2026-06-29
HOSP-KP-002,MED-048,BATCH-0224358,3,2026-04-27,2028-04-26,2026-06-29
HOSP-KP-002,MED-049,BATCH-0220316,160,2026-06-08,2028-06-07,2026-06-29
HOSP-KP-002,MED-049,BATCH-0224359,500,2026-06-29,2028-06-28,2026-06-29
HOSP-KP-002,MED-050,BATCH-0221665,104,2026-06-15,2028-06-14,2026-06-29
HOSP-KP-002,MED-050,BATCH-0224360,110,2026-06-29,2028-06-28,2026-06-29
HOSP-KP-002,MED-051,BATCH-0223004,88,2026-06-22,2028-06-21,2026-06-29
HOSP-KP-002,MED-051,BATCH-0224361,150,2026-06-29,2028-06-28,2026-06-29
HOSP-KP-002,MED-052,BATCH-0223005,223,2026-06-22,2028-06-21,2026-06-29
HOSP-KP-002,MED-052,BATCH-0224362,263,2026-06-29,2028-06-28,2026-06-29
HOSP-KP-002,MED-053,BATCH-0221666,211,2026-06-15,2028-06-14,2026-06-29
HOSP-KP-002,MED-053,BATCH-0224363,230,2026-06-29,2028-06-28,2026-06-29
HOSP-KP-002,MED-054,BATCH-0220319,11,2026-06-08,2028-06-07,2026-06-29
HOSP-KP-002,MED-054,BATCH-0223006,132,2026-06-22,2028-06-21,2026-06-29
HOSP-KP-002,MED-055,BATCH-0220320,57,2026-06-08,2029-06-07,2026-06-29
HOSP-KP-002,MED-055,BATCH-0224364,90,2026-06-29,2029-06-28,2026-06-29
HOSP-KP-002,MED-056,BATCH-0223007,69,2026-06-22,2029-06-21,2026-06-29
HOSP-KP-002,MED-057,BATCH-0223008,75,2026-06-22,2028-06-21,2026-06-29
HOSP-KP-002,MED-058,BATCH-0223009,43,2026-06-22,2028-06-21,2026-06-29
HOSP-KP-002,MED-059,BATCH-0221668,17,2026-06-15,2028-06-14,2026-06-29
HOSP-KP-002,MED-059,BATCH-0224365,47,2026-06-29,2028-06-28,2026-06-29
HOSP-KP-002,MED-060,BATCH-0220324,3,2026-06-08,2028-06-07,2026-06-29
HOSP-KP-002,MED-060,BATCH-0223010,26,2026-06-22,2028-06-21,2026-06-29
HOSP-KP-002,MED-061,BATCH-0223011,70,2026-06-22,2028-06-21,2026-06-29
HOSP-KP-002,MED-062,BATCH-0220325,10,2026-06-08,2029-06-07,2026-06-29
HOSP-KP-002,MED-062,BATCH-0224366,80,2026-06-29,2029-06-28,2026-06-29
HOSP-KP-002,MED-063,BATCH-0223012,28,2026-06-22,2028-06-21,2026-06-29
HOSP-KP-002,MED-063,BATCH-0224367,29,2026-06-29,2028-06-28,2026-06-29
HOSP-KP-002,MED-064,BATCH-0223013,180,2026-06-22,2031-06-22,2026-06-29
HOSP-KP-002,MED-064,BATCH-0224368,300,2026-06-29,2031-06-29,2026-06-29
HOSP-KP-002,MED-065,BATCH-0221670,21,2026-06-15,2026-07-15,2026-06-29
HOSP-KP-002,MED-065,BATCH-0224369,69,2026-06-29,2026-07-29,2026-06-29
HOSP-KP-002,MED-066,BATCH-0223014,57,2026-06-22,2026-07-22,2026-06-29
HOSP-KP-002,MED-067,BATCH-0221671,99,2026-06-15,2029-06-14,2026-06-29
HOSP-KP-002,MED-067,BATCH-0224370,181,2026-06-29,2029-06-28,2026-06-29
HOSP-KP-002,MED-068,BATCH-0223015,44,2026-06-22,2029-06-21,2026-06-29
HOSP-KP-002,MED-069,BATCH-0223016,73,2026-06-22,2029-06-21,2026-06-29
HOSP-KP-002,MED-070,BATCH-0223017,289,2026-06-22,2028-06-21,2026-06-29
HOSP-KP-002,MED-071,BATCH-0220331,21,2026-06-08,2028-06-07,2026-06-29
HOSP-KP-002,MED-071,BATCH-0223018,50,2026-06-22,2028-06-21,2026-06-29
HOSP-KP-002,MED-072,BATCH-0223019,57,2026-06-22,2028-06-21,2026-06-29
HOSP-KP-002,MED-072,BATCH-0224371,94,2026-06-29,2028-06-28,2026-06-29
HOSP-GD-001,MED-001,BATCH-0223664,2543,2026-06-28,2029-06-27,2026-06-29
HOSP-GD-001,MED-002,BATCH-0223665,45,2026-06-28,2028-06-27,2026-06-29
HOSP-GD-001,MED-003,BATCH-0222263,567,2026-06-21,2029-06-20,2026-06-29
HOSP-GD-001,MED-004,BATCH-0223666,209,2026-06-27,2028-06-26,2026-06-29
HOSP-GD-001,MED-005,BATCH-0224372,51,2026-04-13,2028-04-12,2026-06-29
HOSP-GD-001,MED-006,BATCH-0223667,623,2026-06-29,2028-06-28,2026-06-29
HOSP-GD-001,MED-007,BATCH-0223668,381,2026-06-29,2028-06-28,2026-06-29
HOSP-GD-001,MED-008,BATCH-0223669,529,2026-06-29,2029-06-28,2026-06-29
HOSP-GD-001,MED-009,BATCH-0223670,511,2026-06-27,2028-06-26,2026-06-29
HOSP-GD-001,MED-010,BATCH-0223671,872,2026-06-29,2029-06-28,2026-06-29
HOSP-GD-001,MED-011,BATCH-0223672,715,2026-06-29,2029-06-28,2026-06-29
HOSP-GD-001,MED-012,BATCH-0223673,486,2026-06-29,2029-06-28,2026-06-29
HOSP-GD-001,MED-013,BATCH-0223674,708,2026-06-29,2028-06-28,2026-06-29
HOSP-GD-001,MED-014,BATCH-0222269,394,2026-06-22,2028-06-21,2026-06-29
HOSP-GD-001,MED-015,BATCH-0222270,77,2026-06-21,2028-06-20,2026-06-29
HOSP-GD-001,MED-016,BATCH-0223675,180,2026-06-27,2028-06-26,2026-06-29
HOSP-GD-001,MED-017,BATCH-0211915,16,2026-04-19,2029-04-18,2026-06-29
HOSP-GD-001,MED-017,BATCH-0222271,300,2026-06-20,2029-06-19,2026-06-29
HOSP-GD-001,MED-018,BATCH-0223676,239,2026-06-28,2028-06-27,2026-06-29
HOSP-GD-001,MED-019,BATCH-0223677,286,2026-06-29,2028-06-28,2026-06-29
HOSP-GD-001,MED-020,BATCH-0223678,262,2026-06-27,2028-06-26,2026-06-29
HOSP-GD-001,MED-022,BATCH-0222272,547,2026-06-22,2029-06-21,2026-06-29
HOSP-GD-001,MED-023,BATCH-0223679,1490,2026-06-29,2029-06-28,2026-06-29
HOSP-GD-001,MED-024,BATCH-0222273,64,2026-06-21,2028-06-20,2026-06-29
HOSP-GD-001,MED-025,BATCH-0222274,463,2026-06-20,2029-06-19,2026-06-29
HOSP-GD-001,MED-026,BATCH-0222275,421,2026-06-21,2029-06-20,2026-06-29
HOSP-GD-001,MED-027,BATCH-0223680,943,2026-06-27,2029-06-26,2026-06-29
HOSP-GD-001,MED-028,BATCH-0223681,320,2026-06-28,2029-06-27,2026-06-29
HOSP-GD-001,MED-029,BATCH-0223682,395,2026-06-29,2029-06-28,2026-06-29
HOSP-GD-001,MED-030,BATCH-0222276,207,2026-06-22,2029-06-21,2026-06-29
HOSP-GD-001,MED-031,BATCH-0222277,180,2026-06-22,2031-06-22,2026-06-29
HOSP-GD-001,MED-031,BATCH-0223683,1250,2026-06-29,2031-06-29,2026-06-29
HOSP-GD-001,MED-032,BATCH-0223684,2306,2026-06-28,2031-06-28,2026-06-29
HOSP-GD-001,MED-033,BATCH-0222278,337,2026-06-20,2031-06-20,2026-06-29
HOSP-GD-001,MED-034,BATCH-0224373,17,2026-04-09,2028-04-08,2026-06-29
HOSP-GD-001,MED-035,BATCH-0223685,58,2026-06-29,2028-06-28,2026-06-29
HOSP-GD-001,MED-036,BATCH-0223686,1217,2026-06-29,2028-06-28,2026-06-29
HOSP-GD-001,MED-037,BATCH-0223687,184,2026-06-27,2029-06-26,2026-06-29
HOSP-GD-001,MED-038,BATCH-0223688,204,2026-06-29,2028-06-28,2026-06-29
HOSP-GD-001,MED-039,BATCH-0222280,47,2026-06-21,2029-06-20,2026-06-29
HOSP-GD-001,MED-040,BATCH-0223689,152,2026-06-29,2029-06-28,2026-06-29
HOSP-GD-001,MED-041,BATCH-0223690,25,2026-06-29,2028-06-28,2026-06-29
HOSP-GD-001,MED-042,BATCH-0222281,11,2026-06-22,2028-06-21,2026-06-29
HOSP-GD-001,MED-044,BATCH-0222283,5,2026-06-21,2028-06-20,2026-06-29
HOSP-GD-001,MED-044,BATCH-0223691,13,2026-06-28,2028-06-27,2026-06-29
HOSP-GD-001,MED-045,BATCH-0222284,26,2026-06-20,2028-06-19,2026-06-29
HOSP-GD-001,MED-047,BATCH-0223693,670,2026-06-27,2029-06-26,2026-06-29
HOSP-GD-001,MED-048,BATCH-0222285,128,2026-06-21,2028-06-20,2026-06-29
HOSP-GD-001,MED-049,BATCH-0223694,452,2026-06-27,2028-06-26,2026-06-29
HOSP-GD-001,MED-050,BATCH-0222286,60,2026-06-22,2028-06-21,2026-06-29
HOSP-GD-001,MED-051,BATCH-0222287,4,2026-06-22,2028-06-21,2026-06-29
HOSP-GD-001,MED-052,BATCH-0223695,443,2026-06-29,2028-06-28,2026-06-29
HOSP-GD-001,MED-053,BATCH-0222288,283,2026-06-20,2028-06-19,2026-06-29
HOSP-GD-001,MED-054,BATCH-0223696,124,2026-06-28,2028-06-27,2026-06-29
HOSP-GD-001,MED-055,BATCH-0222289,6,2026-06-22,2029-06-21,2026-06-29
HOSP-GD-001,MED-056,BATCH-0222290,47,2026-06-22,2029-06-21,2026-06-29
HOSP-GD-001,MED-057,BATCH-0222291,55,2026-06-21,2028-06-20,2026-06-29
HOSP-GD-001,MED-058,BATCH-0222292,12,2026-06-21,2028-06-20,2026-06-29
HOSP-GD-001,MED-059,BATCH-0223697,62,2026-06-27,2028-06-26,2026-06-29
HOSP-GD-001,MED-060,BATCH-0220976,3,2026-06-13,2028-06-12,2026-06-29
HOSP-GD-001,MED-060,BATCH-0222293,32,2026-06-21,2028-06-20,2026-06-29
HOSP-GD-001,MED-061,BATCH-0222294,24,2026-06-22,2028-06-21,2026-06-29
HOSP-GD-001,MED-062,BATCH-0220977,2,2026-06-15,2029-06-14,2026-06-29
HOSP-GD-001,MED-063,BATCH-0222295,19,2026-06-20,2028-06-19,2026-06-29
HOSP-GD-001,MED-064,BATCH-0222296,193,2026-06-21,2031-06-21,2026-06-29
HOSP-GD-001,MED-065,BATCH-0222297,27,2026-06-20,2026-07-20,2026-06-29
HOSP-GD-001,MED-066,BATCH-0223698,58,2026-06-27,2026-07-27,2026-06-29
HOSP-GD-001,MED-067,BATCH-0223699,161,2026-06-27,2029-06-26,2026-06-29
HOSP-GD-001,MED-068,BATCH-0223700,60,2026-06-27,2029-06-26,2026-06-29
HOSP-GD-001,MED-069,BATCH-0220982,30,2026-06-13,2029-06-12,2026-06-29
HOSP-GD-001,MED-069,BATCH-0223701,85,2026-06-28,2029-06-27,2026-06-29
HOSP-GD-001,MED-070,BATCH-0222298,254,2026-06-22,2028-06-21,2026-06-29
HOSP-GD-001,MED-071,BATCH-0222299,39,2026-06-21,2028-06-20,2026-06-29
HOSP-GD-001,MED-072,BATCH-0222300,7,2026-06-20,2028-06-19,2026-06-29
HOSP-GD-001,MED-072,BATCH-0223702,144,2026-06-29,2028-06-28,2026-06-29
HOSP-KR-002,MED-001,BATCH-0223703,100,2026-06-28,2029-06-27,2026-06-29
HOSP-KR-002,MED-002,BATCH-0222301,2,2026-06-21,2028-06-20,2026-06-29
HOSP-KR-002,MED-002,BATCH-0223704,21,2026-06-27,2028-06-26,2026-06-29
HOSP-KR-002,MED-003,BATCH-0218355,146,2026-05-30,2029-05-29,2026-06-29
HOSP-KR-002,MED-004,BATCH-0220983,10,2026-06-14,2028-06-13,2026-06-29
HOSP-KR-002,MED-005,BATCH-0220984,147,2026-06-15,2028-06-14,2026-06-29
HOSP-KR-002,MED-005,BATCH-0222302,200,2026-06-21,2028-06-20,2026-06-29
HOSP-KR-002,MED-006,BATCH-0223705,20,2026-06-28,2028-06-27,2026-06-29
HOSP-KR-002,MED-007,BATCH-0219624,12,2026-06-06,2028-06-05,2026-06-29
HOSP-KR-002,MED-008,BATCH-0220985,6,2026-06-14,2029-06-13,2026-06-29
HOSP-KR-002,MED-009,BATCH-0223706,15,2026-06-27,2028-06-26,2026-06-29
HOSP-KR-002,MED-010,BATCH-0206525,110,2026-03-15,2029-03-14,2026-06-29
HOSP-KR-002,MED-012,BATCH-0219627,99,2026-06-06,2029-06-05,2026-06-29
HOSP-KR-002,MED-013,BATCH-0223707,38,2026-06-29,2028-06-28,2026-06-29
HOSP-KR-002,MED-014,BATCH-0224374,4,2026-05-27,2028-05-26,2026-06-29
HOSP-KR-002,MED-015,BATCH-0222305,13,2026-06-22,2028-06-21,2026-06-29
HOSP-KR-002,MED-016,BATCH-0194819,22,2026-01-04,2028-01-04,2026-06-29
HOSP-KR-002,MED-017,BATCH-0201490,293,2026-01-13,2029-01-12,2026-06-29
HOSP-KR-002,MED-018,BATCH-0222306,2,2026-06-20,2028-06-19,2026-06-29
HOSP-KR-002,MED-018,BATCH-0223708,6,2026-06-27,2028-06-26,2026-06-29
HOSP-KR-002,MED-019,BATCH-0222307,18,2026-06-22,2028-06-21,2026-06-29
HOSP-KR-002,MED-021,BATCH-0215077,141,2026-05-11,2029-05-10,2026-06-29
HOSP-KR-002,MED-022,BATCH-0212978,138,2026-04-25,2029-04-24,2026-06-29
HOSP-KR-002,MED-023,BATCH-0217270,60,2026-05-25,2029-05-24,2026-06-29
HOSP-KR-002,MED-023,BATCH-0223709,200,2026-06-29,2029-06-28,2026-06-29
HOSP-KR-002,MED-024,BATCH-0222308,1,2026-06-20,2028-06-19,2026-06-29
HOSP-KR-002,MED-024,BATCH-0223710,9,2026-06-29,2028-06-28,2026-06-29
HOSP-KR-002,MED-025,BATCH-0206529,43,2026-03-16,2029-03-15,2026-06-29
HOSP-KR-002,MED-025,BATCH-0222309,200,2026-06-22,2029-06-21,2026-06-29
HOSP-KR-002,MED-025,BATCH-0223711,200,2026-06-29,2029-06-28,2026-06-29
HOSP-KR-002,MED-026,BATCH-0217271,271,2026-05-24,2029-05-23,2026-06-29
HOSP-KR-002,MED-026,BATCH-0218364,300,2026-05-30,2029-05-29,2026-06-29
HOSP-KR-002,MED-027,BATCH-0220992,163,2026-06-13,2029-06-12,2026-06-29
HOSP-KR-002,MED-028,BATCH-0224375,19,2026-04-29,2029-04-28,2026-06-29
HOSP-KR-002,MED-029,BATCH-0181943,177,2025-10-19,2028-10-18,2026-06-29
HOSP-KR-002,MED-030,BATCH-0223712,7,2026-06-27,2029-06-26,2026-06-29
HOSP-KR-002,MED-031,BATCH-0220994,11,2026-06-14,2031-06-14,2026-06-29
HOSP-KR-002,MED-031,BATCH-0222310,100,2026-06-21,2031-06-21,2026-06-29
HOSP-KR-002,MED-032,BATCH-0216179,74,2026-05-17,2031-05-17,2026-06-29
HOSP-KR-002,MED-033,BATCH-0215082,92,2026-05-09,2031-05-09,2026-06-29
HOSP-KR-002,MED-034,BATCH-0216180,1,2026-05-17,2028-05-16,2026-06-29
HOSP-KR-002,MED-034,BATCH-0222311,20,2026-06-20,2028-06-19,2026-06-29
HOSP-KR-002,MED-034,BATCH-0223713,20,2026-06-27,2028-06-26,2026-06-29
HOSP-KR-002,MED-035,BATCH-0218365,1,2026-05-30,2028-05-29,2026-06-29
HOSP-KR-002,MED-035,BATCH-0219633,6,2026-06-08,2028-06-07,2026-06-29
HOSP-KR-002,MED-036,BATCH-0208721,180,2026-03-29,2028-03-28,2026-06-29
HOSP-KR-002,MED-038,BATCH-0220996,1,2026-06-13,2028-06-12,2026-06-29
HOSP-KR-002,MED-039,BATCH-0222312,13,2026-06-22,2029-06-21,2026-06-29
HOSP-KR-002,MED-039,BATCH-0223714,20,2026-06-28,2029-06-27,2026-06-29
HOSP-KR-002,MED-040,BATCH-0217273,9,2026-05-23,2029-05-22,2026-06-29
HOSP-KR-002,MED-041,BATCH-0207652,5,2026-03-23,2028-03-22,2026-06-29
HOSP-KR-002,MED-042,BATCH-0194826,6,2026-01-03,2028-01-03,2026-06-29
HOSP-KR-002,MED-043,BATCH-0196036,5,2026-01-10,2028-01-10,2026-06-29
HOSP-KR-002,MED-044,BATCH-0167225,1,2025-08-04,2027-08-04,2026-06-29
HOSP-KR-002,MED-044,BATCH-0168686,5,2025-08-11,2027-08-11,2026-06-29
HOSP-KR-002,MED-045,BATCH-0198499,32,2026-01-26,2028-01-26,2026-06-29
HOSP-KR-002,MED-046,BATCH-0204333,5,2026-02-28,2027-08-29,2026-06-29
HOSP-KR-002,MED-047,BATCH-0219634,50,2026-06-07,2029-06-06,2026-06-29
HOSP-KR-002,MED-048,BATCH-0223715,1,2026-06-29,2028-06-28,2026-06-29
HOSP-KR-002,MED-049,BATCH-0202080,248,2026-02-16,2028-02-16,2026-06-29
HOSP-KR-002,MED-049,BATCH-0203214,300,2026-02-21,2028-02-21,2026-06-29
HOSP-KR-002,MED-050,BATCH-0222313,10,2026-06-20,2028-06-19,2026-06-29
HOSP-KR-002,MED-050,BATCH-0223716,10,2026-06-27,2028-06-26,2026-06-29
HOSP-KR-002,MED-051,BATCH-0219635,4,2026-06-06,2028-06-05,2026-06-29
HOSP-KR-002,MED-052,BATCH-0223717,10,2026-06-28,2028-06-27,2026-06-29
HOSP-KR-002,MED-053,BATCH-0223718,7,2026-06-29,2028-06-28,2026-06-29
HOSP-KR-002,MED-054,BATCH-0216186,3,2026-05-17,2028-05-16,2026-06-29
HOSP-KR-002,MED-055,BATCH-0208727,2,2026-03-29,2029-03-28,2026-06-29
HOSP-KR-002,MED-056,BATCH-0222315,5,2026-06-21,2029-06-20,2026-06-29
HOSP-KR-002,MED-056,BATCH-0223719,15,2026-06-28,2029-06-27,2026-06-29
HOSP-KR-002,MED-057,BATCH-0220999,5,2026-06-13,2028-06-12,2026-06-29
HOSP-KR-002,MED-057,BATCH-0222316,7,2026-06-22,2028-06-21,2026-06-29
HOSP-KR-002,MED-058,BATCH-0217274,3,2026-05-25,2028-05-24,2026-06-29
HOSP-KR-002,MED-058,BATCH-0218369,6,2026-05-30,2028-05-29,2026-06-29
HOSP-KR-002,MED-059,BATCH-0222317,3,2026-06-22,2028-06-21,2026-06-29
HOSP-KR-002,MED-059,BATCH-0223720,7,2026-06-27,2028-06-26,2026-06-29
HOSP-KR-002,MED-060,BATCH-0214004,3,2026-05-02,2028-05-01,2026-06-29
HOSP-KR-002,MED-060,BATCH-0223721,5,2026-06-27,2028-06-26,2026-06-29
HOSP-KR-002,MED-061,BATCH-0215089,14,2026-05-09,2028-05-08,2026-06-29
HOSP-KR-002,MED-062,BATCH-0208731,10,2026-03-28,2029-03-27,2026-06-29
HOSP-KR-002,MED-063,BATCH-0214006,5,2026-05-03,2028-05-02,2026-06-29
HOSP-KR-002,MED-064,BATCH-0222318,13,2026-06-20,2031-06-20,2026-06-29
HOSP-KR-002,MED-064,BATCH-0223722,24,2026-06-28,2031-06-28,2026-06-29
HOSP-KR-002,MED-065,BATCH-0222319,5,2026-06-20,2026-07-20,2026-06-29
HOSP-KR-002,MED-067,BATCH-0222320,6,2026-06-22,2029-06-21,2026-06-29
HOSP-KR-002,MED-067,BATCH-0223723,10,2026-06-29,2029-06-28,2026-06-29
HOSP-KR-002,MED-068,BATCH-0217275,4,2026-05-23,2029-05-22,2026-06-29
HOSP-KR-002,MED-068,BATCH-0218371,7,2026-05-30,2029-05-29,2026-06-29
HOSP-KR-002,MED-069,BATCH-0221002,4,2026-06-13,2029-06-12,2026-06-29
HOSP-KR-002,MED-070,BATCH-0161491,140,2025-07-07,2027-07-07,2026-06-29
HOSP-KR-002,MED-070,BATCH-0223724,150,2026-06-28,2028-06-27,2026-06-29
HOSP-KR-002,MED-071,BATCH-0222321,8,2026-06-20,2028-06-19,2026-06-29
HOSP-KR-002,MED-071,BATCH-0223725,10,2026-06-27,2028-06-26,2026-06-29
HOSP-KR-002,MED-072,BATCH-0223726,2,2026-06-29,2028-06-28,2026-06-29
HOSP-BG-010,MED-001,BATCH-0221676,279,2026-06-15,2029-06-14,2026-06-29
HOSP-BG-010,MED-001,BATCH-0224376,900,2026-06-29,2029-06-28,2026-06-29
HOSP-BG-010,MED-002,BATCH-0223022,75,2026-06-22,2028-06-21,2026-06-29
HOSP-BG-010,MED-002,BATCH-0224377,126,2026-06-29,2028-06-28,2026-06-29
HOSP-BG-010,MED-003,BATCH-0223023,1419,2026-06-22,2029-06-21,2026-06-29
HOSP-BG-010,MED-004,BATCH-0223024,352,2026-06-22,2028-06-21,2026-06-29
HOSP-BG-010,MED-005,BATCH-0223025,778,2026-06-22,2028-06-21,2026-06-29
HOSP-BG-010,MED-006,BATCH-0223026,378,2026-06-22,2028-06-21,2026-06-29
HOSP-BG-010,MED-006,BATCH-0224378,420,2026-06-29,2028-06-28,2026-06-29
HOSP-BG-010,MED-007,BATCH-0223027,114,2026-06-22,2028-06-21,2026-06-29
HOSP-BG-010,MED-007,BATCH-0224379,480,2026-06-29,2028-06-28,2026-06-29
HOSP-BG-010,MED-008,BATCH-0224380,740,2026-06-29,2029-06-28,2026-06-29
HOSP-BG-010,MED-009,BATCH-0223028,164,2026-06-22,2028-06-21,2026-06-29
HOSP-BG-010,MED-009,BATCH-0224381,395,2026-06-29,2028-06-28,2026-06-29
HOSP-BG-010,MED-010,BATCH-0221679,157,2026-06-15,2029-06-14,2026-06-29
HOSP-BG-010,MED-010,BATCH-0224382,800,2026-06-29,2029-06-28,2026-06-29
HOSP-BG-010,MED-011,BATCH-0223029,175,2026-06-22,2029-06-21,2026-06-29
HOSP-BG-010,MED-011,BATCH-0224383,550,2026-06-29,2029-06-28,2026-06-29
HOSP-BG-010,MED-012,BATCH-0224384,600,2026-06-29,2029-06-28,2026-06-29
HOSP-BG-010,MED-013,BATCH-0223030,503,2026-06-22,2028-06-21,2026-06-29
HOSP-BG-010,MED-013,BATCH-0224385,611,2026-06-29,2028-06-28,2026-06-29
HOSP-BG-010,MED-014,BATCH-0221683,351,2026-06-15,2028-06-14,2026-06-29
HOSP-BG-010,MED-014,BATCH-0224386,1251,2026-06-29,2028-06-28,2026-06-29
HOSP-BG-010,MED-015,BATCH-0223031,607,2026-06-22,2028-06-21,2026-06-29
HOSP-BG-010,MED-016,BATCH-0221685,20,2026-06-15,2028-06-14,2026-06-29
HOSP-BG-010,MED-016,BATCH-0224387,96,2026-06-29,2028-06-28,2026-06-29
HOSP-BG-010,MED-017,BATCH-0214545,220,2026-05-04,2029-05-03,2026-06-29
HOSP-BG-010,MED-018,BATCH-0221686,41,2026-06-15,2028-06-14,2026-06-29
HOSP-BG-010,MED-018,BATCH-0224388,76,2026-06-29,2028-06-28,2026-06-29
HOSP-BG-010,MED-019,BATCH-0223032,100,2026-06-22,2028-06-21,2026-06-29
HOSP-BG-010,MED-020,BATCH-0221687,33,2026-06-15,2028-06-14,2026-06-29
HOSP-BG-010,MED-020,BATCH-0224389,82,2026-06-29,2028-06-28,2026-06-29
HOSP-BG-010,MED-021,BATCH-0223033,433,2026-06-22,2029-06-21,2026-06-29
HOSP-BG-010,MED-022,BATCH-0223034,362,2026-06-22,2029-06-21,2026-06-29
HOSP-BG-010,MED-023,BATCH-0221689,317,2026-06-15,2029-06-14,2026-06-29
HOSP-BG-010,MED-024,BATCH-0221690,28,2026-06-15,2028-06-14,2026-06-29
HOSP-BG-010,MED-024,BATCH-0224390,45,2026-06-29,2028-06-28,2026-06-29
HOSP-BG-010,MED-025,BATCH-0218949,107,2026-06-01,2029-05-31,2026-06-29
HOSP-BG-010,MED-025,BATCH-0224391,400,2026-06-29,2029-06-28,2026-06-29
HOSP-BG-010,MED-026,BATCH-0220358,36,2026-06-08,2029-06-07,2026-06-29
HOSP-BG-010,MED-026,BATCH-0224392,600,2026-06-29,2029-06-28,2026-06-29
HOSP-BG-010,MED-027,BATCH-0221691,479,2026-06-15,2029-06-14,2026-06-29
HOSP-BG-010,MED-028,BATCH-0223035,88,2026-06-22,2029-06-21,2026-06-29
HOSP-BG-010,MED-028,BATCH-0224393,150,2026-06-29,2029-06-28,2026-06-29
HOSP-BG-010,MED-029,BATCH-0223036,210,2026-06-22,2029-06-21,2026-06-29
HOSP-BG-010,MED-030,BATCH-0223037,87,2026-06-22,2029-06-21,2026-06-29
HOSP-BG-010,MED-031,BATCH-0223038,567,2026-06-22,2031-06-22,2026-06-29
HOSP-BG-010,MED-032,BATCH-0220362,152,2026-06-08,2031-06-08,2026-06-29
HOSP-BG-010,MED-032,BATCH-0223039,600,2026-06-22,2031-06-22,2026-06-29
HOSP-BG-010,MED-033,BATCH-0221692,178,2026-06-15,2031-06-15,2026-06-29
HOSP-BG-010,MED-033,BATCH-0224394,200,2026-06-29,2031-06-29,2026-06-29
HOSP-BG-010,MED-034,BATCH-0224395,50,2026-06-29,2028-06-28,2026-06-29
HOSP-BG-010,MED-035,BATCH-0221694,4,2026-06-15,2028-06-14,2026-06-29
HOSP-BG-010,MED-035,BATCH-0223040,15,2026-06-22,2028-06-21,2026-06-29
HOSP-BG-010,MED-036,BATCH-0223041,190,2026-04-04,2028-04-03,2026-06-29
HOSP-BG-010,MED-037,BATCH-0223042,65,2026-06-22,2029-06-21,2026-06-29
HOSP-BG-010,MED-038,BATCH-0223043,59,2026-06-22,2028-06-21,2026-06-29
HOSP-BG-010,MED-039,BATCH-0221695,14,2026-06-15,2029-06-14,2026-06-29
HOSP-BG-010,MED-039,BATCH-0224396,100,2026-06-29,2029-06-28,2026-06-29
HOSP-BG-010,MED-040,BATCH-0223044,105,2026-06-22,2029-06-21,2026-06-29
HOSP-BG-010,MED-041,BATCH-0223045,411,2026-06-22,2028-06-21,2026-06-29
HOSP-BG-010,MED-041,BATCH-0224397,430,2026-06-29,2028-06-28,2026-06-29
HOSP-BG-010,MED-042,BATCH-0223046,292,2026-06-22,2028-06-21,2026-06-29
HOSP-BG-010,MED-043,BATCH-0221696,103,2026-06-15,2028-06-14,2026-06-29
HOSP-BG-010,MED-043,BATCH-0224398,231,2026-06-29,2028-06-28,2026-06-29
HOSP-BG-010,MED-044,BATCH-0221697,112,2026-06-15,2028-06-14,2026-06-29
HOSP-BG-010,MED-044,BATCH-0224399,347,2026-06-29,2028-06-28,2026-06-29
HOSP-BG-010,MED-045,BATCH-0221698,184,2026-06-15,2028-06-14,2026-06-29
HOSP-BG-010,MED-045,BATCH-0224400,1480,2026-06-29,2028-06-28,2026-06-29
HOSP-BG-010,MED-046,BATCH-0221699,19,2026-06-15,2027-12-14,2026-06-29
HOSP-BG-010,MED-046,BATCH-0224401,224,2026-06-29,2027-12-28,2026-06-29
HOSP-BG-010,MED-047,BATCH-0220371,11,2026-06-08,2029-06-07,2026-06-29
HOSP-BG-010,MED-047,BATCH-0223047,250,2026-06-22,2029-06-21,2026-06-29
HOSP-BG-010,MED-048,BATCH-0223048,38,2026-06-22,2028-06-21,2026-06-29
HOSP-BG-010,MED-048,BATCH-0224402,57,2026-06-29,2028-06-28,2026-06-29
HOSP-BG-010,MED-049,BATCH-0221701,104,2026-06-15,2028-06-14,2026-06-29
HOSP-BG-010,MED-050,BATCH-0223049,40,2026-06-22,2028-06-21,2026-06-29
HOSP-BG-010,MED-051,BATCH-0221702,39,2026-06-15,2028-06-14,2026-06-29
HOSP-BG-010,MED-051,BATCH-0224403,40,2026-06-29,2028-06-28,2026-06-29
HOSP-BG-010,MED-052,BATCH-0223050,112,2026-06-22,2028-06-21,2026-06-29
HOSP-BG-010,MED-053,BATCH-0223051,75,2026-06-22,2028-06-21,2026-06-29
HOSP-BG-010,MED-054,BATCH-0221703,27,2026-06-15,2028-06-14,2026-06-29
HOSP-BG-010,MED-055,BATCH-0221704,28,2026-06-15,2029-06-14,2026-06-29
HOSP-BG-010,MED-056,BATCH-0220375,3,2026-06-08,2029-06-07,2026-06-29
HOSP-BG-010,MED-056,BATCH-0223052,30,2026-06-22,2029-06-21,2026-06-29
HOSP-BG-010,MED-057,BATCH-0221705,15,2026-06-15,2028-06-14,2026-06-29
HOSP-BG-010,MED-057,BATCH-0223053,49,2026-06-22,2028-06-21,2026-06-29
HOSP-BG-010,MED-058,BATCH-0221706,28,2026-06-15,2028-06-14,2026-06-29
HOSP-BG-010,MED-058,BATCH-0224404,40,2026-06-29,2028-06-28,2026-06-29
HOSP-BG-010,MED-059,BATCH-0223054,23,2026-06-22,2028-06-21,2026-06-29
HOSP-BG-010,MED-059,BATCH-0224405,26,2026-06-29,2028-06-28,2026-06-29
HOSP-BG-010,MED-060,BATCH-0223055,8,2026-06-22,2028-06-21,2026-06-29
HOSP-BG-010,MED-060,BATCH-0224406,13,2026-06-29,2028-06-28,2026-06-29
HOSP-BG-010,MED-061,BATCH-0216773,12,2026-05-18,2028-05-17,2026-06-29
HOSP-BG-010,MED-061,BATCH-0224407,60,2026-06-29,2028-06-28,2026-06-29
HOSP-BG-010,MED-062,BATCH-0223056,36,2026-06-22,2029-06-21,2026-06-29
HOSP-BG-010,MED-063,BATCH-0223057,25,2026-06-22,2028-06-21,2026-06-29
HOSP-BG-010,MED-064,BATCH-0221708,60,2026-06-15,2031-06-15,2026-06-29
HOSP-BG-010,MED-064,BATCH-0224408,144,2026-06-29,2031-06-29,2026-06-29
HOSP-BG-010,MED-065,BATCH-0223058,23,2026-06-22,2026-07-22,2026-06-29
HOSP-BG-010,MED-065,BATCH-0224409,184,2026-06-29,2026-07-29,2026-06-29
HOSP-BG-010,MED-066,BATCH-0223059,114,2026-06-22,2026-07-22,2026-06-29
HOSP-BG-010,MED-067,BATCH-0223060,36,2026-06-22,2029-06-21,2026-06-29
HOSP-BG-010,MED-067,BATCH-0224410,90,2026-06-29,2029-06-28,2026-06-29
HOSP-BG-010,MED-068,BATCH-0221711,17,2026-06-15,2029-06-14,2026-06-29
HOSP-BG-010,MED-068,BATCH-0224411,20,2026-06-29,2029-06-28,2026-06-29
HOSP-BG-010,MED-069,BATCH-0224412,65,2026-06-29,2029-06-28,2026-06-29
HOSP-BG-010,MED-070,BATCH-0223062,448,2026-06-22,2028-06-21,2026-06-29
HOSP-BG-010,MED-071,BATCH-0221712,18,2026-06-15,2028-06-14,2026-06-29
HOSP-BG-010,MED-071,BATCH-0224413,110,2026-06-29,2028-06-28,2026-06-29
HOSP-BG-010,MED-072,BATCH-0223063,17,2026-06-22,2028-06-21,2026-06-29
HOSP-BG-010,MED-072,BATCH-0224414,136,2026-06-29,2028-06-28,2026-06-29
HOSP-BG-011,MED-001,BATCH-0221003,245,2026-06-15,2029-06-14,2026-06-29
HOSP-BG-011,MED-002,BATCH-0223727,21,2026-06-29,2028-06-28,2026-06-29
HOSP-BG-011,MED-003,BATCH-0223728,118,2026-06-29,2029-06-28,2026-06-29
HOSP-BG-011,MED-004,BATCH-0221005,10,2026-06-13,2028-06-12,2026-06-29
HOSP-BG-011,MED-004,BATCH-0223729,50,2026-06-27,2028-06-26,2026-06-29
HOSP-BG-011,MED-005,BATCH-0222322,66,2026-06-21,2028-06-20,2026-06-29
HOSP-BG-011,MED-006,BATCH-0222323,58,2026-06-21,2028-06-20,2026-06-29
HOSP-BG-011,MED-007,BATCH-0222324,46,2026-06-22,2028-06-21,2026-06-29
HOSP-BG-011,MED-009,BATCH-0222326,13,2026-06-21,2028-06-20,2026-06-29
HOSP-BG-011,MED-010,BATCH-0223730,180,2026-06-27,2029-06-26,2026-06-29
HOSP-BG-011,MED-011,BATCH-0222327,8,2026-06-20,2029-06-19,2026-06-29
HOSP-BG-011,MED-012,BATCH-0219644,94,2026-06-06,2029-06-05,2026-06-29
HOSP-BG-011,MED-014,BATCH-0223731,60,2026-06-27,2028-06-26,2026-06-29
HOSP-BG-011,MED-015,BATCH-0223732,18,2026-06-29,2028-06-28,2026-06-29
HOSP-BG-011,MED-016,BATCH-0222329,39,2026-06-20,2028-06-19,2026-06-29
HOSP-BG-011,MED-017,BATCH-0124572,278,2024-11-23,2027-11-23,2026-06-29
HOSP-BG-011,MED-018,BATCH-0222330,4,2026-06-22,2028-06-21,2026-06-29
HOSP-BG-011,MED-019,BATCH-0219648,6,2026-06-08,2028-06-07,2026-06-29
HOSP-BG-011,MED-020,BATCH-0223733,17,2026-06-28,2028-06-27,2026-06-29
HOSP-BG-011,MED-021,BATCH-0222332,258,2026-06-22,2029-06-21,2026-06-29
HOSP-BG-011,MED-022,BATCH-0216199,95,2026-05-18,2029-05-17,2026-06-29
HOSP-BG-011,MED-023,BATCH-0223734,186,2026-06-28,2029-06-27,2026-06-29
HOSP-BG-011,MED-024,BATCH-0222333,10,2026-06-21,2028-06-20,2026-06-29
HOSP-BG-011,MED-025,BATCH-0221013,120,2026-06-13,2029-06-12,2026-06-29
HOSP-BG-011,MED-026,BATCH-0222334,253,2026-06-20,2029-06-19,2026-06-29
HOSP-BG-011,MED-027,BATCH-0219650,108,2026-06-07,2029-06-06,2026-06-29
HOSP-BG-011,MED-029,BATCH-0209837,133,2026-04-06,2029-04-05,2026-06-29
HOSP-BG-011,MED-030,BATCH-0222335,11,2026-06-21,2029-06-20,2026-06-29
HOSP-BG-011,MED-031,BATCH-0223735,225,2026-06-27,2031-06-27,2026-06-29
HOSP-BG-011,MED-032,BATCH-0223736,591,2026-06-28,2031-06-28,2026-06-29
HOSP-BG-011,MED-033,BATCH-0223737,243,2026-06-29,2031-06-29,2026-06-29
HOSP-BG-011,MED-034,BATCH-0222336,15,2026-06-21,2028-06-20,2026-06-29
HOSP-BG-011,MED-035,BATCH-0215103,2,2026-05-09,2028-05-08,2026-06-29
HOSP-BG-011,MED-035,BATCH-0221017,5,2026-06-15,2028-06-14,2026-06-29
HOSP-BG-011,MED-036,BATCH-0215104,101,2026-05-09,2028-05-08,2026-06-29
HOSP-BG-011,MED-037,BATCH-0223738,13,2026-06-27,2029-06-26,2026-06-29
HOSP-BG-011,MED-038,BATCH-0223739,21,2026-06-27,2028-06-26,2026-06-29
HOSP-BG-011,MED-039,BATCH-0222337,11,2026-06-22,2029-06-21,2026-06-29
HOSP-BG-011,MED-040,BATCH-0223740,38,2026-06-28,2029-06-27,2026-06-29
HOSP-BG-011,MED-041,BATCH-0219656,1,2026-06-06,2028-06-05,2026-06-29
HOSP-BG-011,MED-041,BATCH-0223741,5,2026-06-29,2028-06-28,2026-06-29
HOSP-BG-011,MED-042,BATCH-0218382,3,2026-05-31,2028-05-30,2026-06-29
HOSP-BG-011,MED-042,BATCH-0223742,6,2026-06-27,2028-06-26,2026-06-29
HOSP-BG-011,MED-043,BATCH-0221020,8,2026-06-15,2028-06-14,2026-06-29
HOSP-BG-011,MED-044,BATCH-0213000,3,2026-04-26,2028-04-25,2026-06-29
HOSP-BG-011,MED-044,BATCH-0222338,5,2026-06-20,2028-06-19,2026-06-29
HOSP-BG-011,MED-045,BATCH-0221021,29,2026-06-15,2028-06-14,2026-06-29
HOSP-BG-011,MED-046,BATCH-0219657,5,2026-06-08,2027-12-07,2026-06-29
HOSP-BG-011,MED-047,BATCH-0223743,71,2026-06-28,2029-06-27,2026-06-29
HOSP-BG-011,MED-048,BATCH-0223744,15,2026-06-28,2028-06-27,2026-06-29
HOSP-BG-011,MED-049,BATCH-0215108,147,2026-05-11,2028-05-10,2026-06-29
HOSP-BG-011,MED-050,BATCH-0221023,4,2026-06-15,2028-06-14,2026-06-29
HOSP-BG-011,MED-051,BATCH-0221024,9,2026-06-13,2028-06-12,2026-06-29
HOSP-BG-011,MED-052,BATCH-0223745,11,2026-06-29,2028-06-28,2026-06-29
HOSP-BG-011,MED-053,BATCH-0217290,10,2026-05-25,2028-05-24,2026-06-29
HOSP-BG-011,MED-054,BATCH-0222340,6,2026-06-20,2028-06-19,2026-06-29
HOSP-BG-011,MED-055,BATCH-0217292,12,2026-05-23,2029-05-22,2026-06-29
HOSP-BG-011,MED-056,BATCH-0222341,10,2026-06-21,2029-06-20,2026-06-29
HOSP-BG-011,MED-057,BATCH-0222342,136,2026-06-20,2028-06-19,2026-06-29
HOSP-BG-011,MED-058,BATCH-0223746,235,2026-06-29,2028-06-28,2026-06-29
HOSP-BG-011,MED-059,BATCH-0222343,161,2026-06-22,2028-06-21,2026-06-29
HOSP-BG-011,MED-060,BATCH-0217293,3,2026-05-24,2028-05-23,2026-06-29
HOSP-BG-011,MED-061,BATCH-0217294,6,2026-05-24,2028-05-23,2026-06-29
HOSP-BG-011,MED-062,BATCH-0221028,22,2026-06-14,2029-06-13,2026-06-29
HOSP-BG-011,MED-063,BATCH-0222344,4,2026-06-22,2028-06-21,2026-06-29
HOSP-BG-011,MED-064,BATCH-0222345,28,2026-06-21,2031-06-21,2026-06-29
HOSP-BG-011,MED-065,BATCH-0223747,7,2026-06-27,2026-07-27,2026-06-29
HOSP-BG-011,MED-066,BATCH-0223748,4,2026-06-28,2026-07-28,2026-06-29
HOSP-BG-011,MED-067,BATCH-0223749,51,2026-06-28,2029-06-27,2026-06-29
HOSP-BG-011,MED-068,BATCH-0222346,9,2026-06-22,2029-06-21,2026-06-29
HOSP-BG-011,MED-069,BATCH-0223750,27,2026-06-28,2029-06-27,2026-06-29
HOSP-BG-011,MED-070,BATCH-0187041,33,2025-11-17,2027-11-17,2026-06-29
HOSP-BG-011,MED-070,BATCH-0209853,150,2026-04-05,2028-04-04,2026-06-29
HOSP-BG-011,MED-071,BATCH-0213007,3,2026-04-27,2028-04-26,2026-06-29
HOSP-BG-011,MED-071,BATCH-0218390,10,2026-06-01,2028-05-31,2026-06-29
HOSP-BG-011,MED-072,BATCH-0223751,14,2026-06-29,2028-06-28,2026-06-29
HOSP-BG-012,MED-001,BATCH-0223752,590,2026-06-27,2029-06-26,2026-06-29
HOSP-BG-012,MED-002,BATCH-0222348,25,2026-06-21,2028-06-20,2026-06-29
HOSP-BG-012,MED-002,BATCH-0223753,83,2026-06-29,2028-06-28,2026-06-29
HOSP-BG-012,MED-003,BATCH-0224415,83,2026-04-29,2029-04-28,2026-06-29
HOSP-BG-012,MED-004,BATCH-0222349,216,2026-06-20,2028-06-19,2026-06-29
HOSP-BG-012,MED-005,BATCH-0223754,666,2026-06-27,2028-06-26,2026-06-29
HOSP-BG-012,MED-006,BATCH-0223755,327,2026-06-27,2028-06-26,2026-06-29
HOSP-BG-012,MED-007,BATCH-0223756,249,2026-06-27,2028-06-26,2026-06-29
HOSP-BG-012,MED-008,BATCH-0223757,270,2026-06-29,2029-06-28,2026-06-29
HOSP-BG-012,MED-009,BATCH-0222352,168,2026-06-22,2028-06-21,2026-06-29
HOSP-BG-012,MED-010,BATCH-0223758,560,2026-06-29,2029-06-28,2026-06-29
HOSP-BG-012,MED-011,BATCH-0222353,109,2026-06-22,2029-06-21,2026-06-29
HOSP-BG-012,MED-012,BATCH-0222354,11,2026-06-21,2029-06-20,2026-06-29
HOSP-BG-012,MED-014,BATCH-0223759,529,2026-06-28,2028-06-27,2026-06-29
HOSP-BG-012,MED-015,BATCH-0223760,354,2026-06-28,2028-06-27,2026-06-29
HOSP-BG-012,MED-016,BATCH-0221039,8,2026-06-13,2028-06-12,2026-06-29
HOSP-BG-012,MED-017,BATCH-0199779,262,2026-02-01,2029-01-31,2026-06-29
HOSP-BG-012,MED-018,BATCH-0222356,29,2026-06-20,2028-06-19,2026-06-29
HOSP-BG-012,MED-019,BATCH-0222357,35,2026-06-20,2028-06-19,2026-06-29
HOSP-BG-012,MED-020,BATCH-0223761,58,2026-06-28,2028-06-27,2026-06-29
HOSP-BG-012,MED-021,BATCH-0223762,360,2026-06-27,2029-06-26,2026-06-29
HOSP-BG-012,MED-022,BATCH-0223763,360,2026-06-27,2029-06-26,2026-06-29
HOSP-BG-012,MED-023,BATCH-0222358,177,2026-06-20,2029-06-19,2026-06-29
HOSP-BG-012,MED-024,BATCH-0222359,7,2026-06-22,2028-06-21,2026-06-29
HOSP-BG-012,MED-025,BATCH-0219682,83,2026-06-08,2029-06-07,2026-06-29
HOSP-BG-012,MED-025,BATCH-0223764,300,2026-06-27,2029-06-26,2026-06-29
HOSP-BG-012,MED-026,BATCH-0223765,360,2026-06-28,2029-06-27,2026-06-29
HOSP-BG-012,MED-027,BATCH-0222360,165,2026-06-20,2029-06-19,2026-06-29
HOSP-BG-012,MED-028,BATCH-0223766,114,2026-06-29,2029-06-28,2026-06-29
HOSP-BG-012,MED-029,BATCH-0221042,126,2026-06-15,2029-06-14,2026-06-29
HOSP-BG-012,MED-030,BATCH-0222362,107,2026-06-21,2029-06-20,2026-06-29
HOSP-BG-012,MED-031,BATCH-0222363,81,2026-06-21,2031-06-21,2026-06-29
HOSP-BG-012,MED-031,BATCH-0223767,1700,2026-06-29,2031-06-29,2026-06-29
HOSP-BG-012,MED-032,BATCH-0222364,1044,2026-06-22,2031-06-22,2026-06-29
HOSP-BG-012,MED-033,BATCH-0222365,622,2026-06-20,2031-06-20,2026-06-29
HOSP-BG-012,MED-034,BATCH-0221045,16,2026-06-14,2028-06-13,2026-06-29
HOSP-BG-012,MED-035,BATCH-0222366,10,2026-06-22,2028-06-21,2026-06-29
HOSP-BG-012,MED-036,BATCH-0223066,180,2026-05-08,2028-05-07,2026-06-29
HOSP-BG-012,MED-037,BATCH-0221046,10,2026-06-14,2029-06-13,2026-06-29
HOSP-BG-012,MED-038,BATCH-0222367,13,2026-06-20,2028-06-19,2026-06-29
HOSP-BG-012,MED-039,BATCH-0223768,78,2026-06-28,2029-06-27,2026-06-29
HOSP-BG-012,MED-040,BATCH-0222368,40,2026-06-20,2029-06-19,2026-06-29
HOSP-BG-012,MED-041,BATCH-0223769,10,2026-06-28,2028-06-27,2026-06-29
HOSP-BG-012,MED-043,BATCH-0221050,5,2026-06-13,2028-06-12,2026-06-29
HOSP-BG-012,MED-044,BATCH-0221051,1,2026-06-13,2028-06-12,2026-06-29
HOSP-BG-012,MED-044,BATCH-0223770,6,2026-06-28,2028-06-27,2026-06-29
HOSP-BG-012,MED-045,BATCH-0222370,21,2026-06-21,2028-06-20,2026-06-29
HOSP-BG-012,MED-046,BATCH-0221052,3,2026-06-14,2027-12-13,2026-06-29
HOSP-BG-012,MED-047,BATCH-0223771,205,2026-06-29,2029-06-28,2026-06-29
HOSP-BG-012,MED-048,BATCH-0222371,27,2026-06-21,2028-06-20,2026-06-29
HOSP-BG-012,MED-049,BATCH-0223772,180,2026-06-28,2028-06-27,2026-06-29
HOSP-BG-012,MED-050,BATCH-0222372,41,2026-06-21,2028-06-20,2026-06-29
HOSP-BG-012,MED-051,BATCH-0221054,14,2026-06-14,2028-06-13,2026-06-29
HOSP-BG-012,MED-051,BATCH-0223773,40,2026-06-28,2028-06-27,2026-06-29
HOSP-BG-012,MED-052,BATCH-0223774,93,2026-06-29,2028-06-28,2026-06-29
HOSP-BG-012,MED-053,BATCH-0222374,60,2026-06-21,2028-06-20,2026-06-29
HOSP-BG-012,MED-054,BATCH-0221056,12,2026-06-15,2028-06-14,2026-06-29
HOSP-BG-012,MED-055,BATCH-0218414,3,2026-06-01,2029-05-31,2026-06-29
HOSP-BG-012,MED-055,BATCH-0222375,40,2026-06-21,2029-06-20,2026-06-29
HOSP-BG-012,MED-056,BATCH-0223775,19,2026-06-28,2029-06-27,2026-06-29
HOSP-BG-012,MED-057,BATCH-0222376,19,2026-06-22,2028-06-21,2026-06-29
HOSP-BG-012,MED-058,BATCH-0223776,46,2026-06-28,2028-06-27,2026-06-29
HOSP-BG-012,MED-059,BATCH-0223777,34,2026-06-28,2028-06-27,2026-06-29
HOSP-BG-012,MED-060,BATCH-0222378,22,2026-06-20,2028-06-19,2026-06-29
HOSP-BG-012,MED-061,BATCH-0222379,65,2026-06-22,2028-06-21,2026-06-29
HOSP-BG-012,MED-063,BATCH-0223778,121,2026-06-27,2028-06-26,2026-06-29
HOSP-BG-012,MED-064,BATCH-0222380,43,2026-06-20,2031-06-20,2026-06-29
HOSP-BG-012,MED-064,BATCH-0223779,948,2026-06-28,2031-06-28,2026-06-29
HOSP-BG-012,MED-065,BATCH-0223780,114,2026-06-27,2026-07-27,2026-06-29
HOSP-BG-012,MED-066,BATCH-0223781,62,2026-06-29,2026-07-29,2026-06-29
HOSP-BG-012,MED-067,BATCH-0223782,279,2026-06-27,2029-06-26,2026-06-29
HOSP-BG-012,MED-068,BATCH-0222381,13,2026-06-21,2029-06-20,2026-06-29
HOSP-BG-012,MED-069,BATCH-0222382,30,2026-06-20,2029-06-19,2026-06-29
HOSP-BG-012,MED-069,BATCH-0223783,90,2026-06-29,2029-06-28,2026-06-29
HOSP-BG-012,MED-070,BATCH-0214053,5,2026-05-02,2028-05-01,2026-06-29
HOSP-BG-012,MED-070,BATCH-0221065,150,2026-06-14,2028-06-13,2026-06-29
HOSP-BG-012,MED-071,BATCH-0222383,47,2026-06-22,2028-06-21,2026-06-29
HOSP-BG-012,MED-072,BATCH-0222384,41,2026-06-21,2028-06-20,2026-06-29
HOSP-BG-013,MED-001,BATCH-0223784,2778,2026-06-29,2029-06-28,2026-06-29
HOSP-BG-013,MED-002,BATCH-0223785,377,2026-06-29,2028-06-28,2026-06-29
HOSP-BG-013,MED-003,BATCH-0222385,621,2026-06-22,2029-06-21,2026-06-29
HOSP-BG-013,MED-004,BATCH-0223786,259,2026-06-27,2028-06-26,2026-06-29
HOSP-BG-013,MED-005,BATCH-0223787,1017,2026-06-28,2028-06-27,2026-06-29
HOSP-BG-013,MED-006,BATCH-0222386,260,2026-06-20,2028-06-19,2026-06-29
HOSP-BG-013,MED-006,BATCH-0223788,620,2026-06-28,2028-06-27,2026-06-29
HOSP-BG-013,MED-008,BATCH-0223789,376,2026-06-29,2029-06-28,2026-06-29
HOSP-BG-013,MED-009,BATCH-0223790,550,2026-06-28,2028-06-27,2026-06-29
HOSP-BG-013,MED-010,BATCH-0223791,1100,2026-06-27,2029-06-26,2026-06-29
HOSP-BG-013,MED-011,BATCH-0223792,702,2026-06-27,2029-06-26,2026-06-29
HOSP-BG-013,MED-012,BATCH-0222389,568,2026-06-21,2029-06-20,2026-06-29
HOSP-BG-013,MED-013,BATCH-0223793,348,2026-06-27,2028-06-26,2026-06-29
HOSP-BG-013,MED-014,BATCH-0223794,866,2026-06-27,2028-06-26,2026-06-29
HOSP-BG-013,MED-015,BATCH-0221076,454,2026-06-13,2028-06-12,2026-06-29
HOSP-BG-013,MED-015,BATCH-0223795,668,2026-06-28,2028-06-27,2026-06-29
HOSP-BG-013,MED-016,BATCH-0223796,238,2026-06-29,2028-06-28,2026-06-29
HOSP-BG-013,MED-017,BATCH-0222391,281,2026-06-21,2029-06-20,2026-06-29
HOSP-BG-013,MED-018,BATCH-0223797,297,2026-06-27,2028-06-26,2026-06-29
HOSP-BG-013,MED-019,BATCH-0222392,48,2026-06-20,2028-06-19,2026-06-29
HOSP-BG-013,MED-020,BATCH-0223798,202,2026-06-28,2028-06-27,2026-06-29
HOSP-BG-013,MED-022,BATCH-0223799,997,2026-06-27,2029-06-26,2026-06-29
HOSP-BG-013,MED-023,BATCH-0222393,902,2026-06-20,2029-06-19,2026-06-29
HOSP-BG-013,MED-024,BATCH-0223800,167,2026-06-27,2028-06-26,2026-06-29
HOSP-BG-013,MED-025,BATCH-0222394,374,2026-06-20,2029-06-19,2026-06-29
HOSP-BG-013,MED-026,BATCH-0223801,740,2026-06-27,2029-06-26,2026-06-29
HOSP-BG-013,MED-027,BATCH-0222395,196,2026-06-20,2029-06-19,2026-06-29
HOSP-BG-013,MED-028,BATCH-0223802,462,2026-06-28,2029-06-27,2026-06-29
HOSP-BG-013,MED-029,BATCH-0223803,345,2026-06-28,2029-06-27,2026-06-29
HOSP-BG-013,MED-030,BATCH-0222397,114,2026-06-20,2029-06-19,2026-06-29
HOSP-BG-013,MED-030,BATCH-0223804,276,2026-06-27,2029-06-26,2026-06-29
HOSP-BG-013,MED-031,BATCH-0222398,886,2026-06-21,2031-06-21,2026-06-29
HOSP-BG-013,MED-032,BATCH-0222399,938,2026-06-21,2031-06-21,2026-06-29
HOSP-BG-013,MED-033,BATCH-0221086,137,2026-06-13,2031-06-13,2026-06-29
HOSP-BG-013,MED-033,BATCH-0223805,1000,2026-06-27,2031-06-27,2026-06-29
HOSP-BG-013,MED-034,BATCH-0223806,149,2026-06-28,2028-06-27,2026-06-29
HOSP-BG-013,MED-035,BATCH-0223807,78,2026-06-28,2028-06-27,2026-06-29
HOSP-BG-013,MED-036,BATCH-0224416,82,2026-05-09,2028-05-08,2026-06-29
HOSP-BG-013,MED-037,BATCH-0222401,112,2026-06-20,2029-06-19,2026-06-29
HOSP-BG-013,MED-038,BATCH-0222402,172,2026-06-20,2028-06-19,2026-06-29
HOSP-BG-013,MED-039,BATCH-0222403,105,2026-06-21,2029-06-20,2026-06-29
HOSP-BG-013,MED-040,BATCH-0222404,68,2026-06-20,2029-06-19,2026-06-29
HOSP-BG-013,MED-041,BATCH-0222405,5,2026-06-22,2028-06-21,2026-06-29
HOSP-BG-013,MED-042,BATCH-0221090,8,2026-06-14,2028-06-13,2026-06-29
HOSP-BG-013,MED-043,BATCH-0221091,1,2026-06-15,2028-06-14,2026-06-29
HOSP-BG-013,MED-043,BATCH-0223808,17,2026-06-27,2028-06-26,2026-06-29
HOSP-BG-013,MED-044,BATCH-0223809,15,2026-06-27,2028-06-26,2026-06-29
HOSP-BG-013,MED-045,BATCH-0223810,76,2026-06-29,2028-06-28,2026-06-29
HOSP-BG-013,MED-046,BATCH-0223811,8,2026-06-27,2027-12-26,2026-06-29
HOSP-BG-013,MED-047,BATCH-0223812,737,2026-06-27,2029-06-26,2026-06-29
HOSP-BG-013,MED-048,BATCH-0223813,177,2026-06-29,2028-06-28,2026-06-29
HOSP-BG-013,MED-049,BATCH-0223814,226,2026-06-28,2028-06-27,2026-06-29
HOSP-BG-013,MED-050,BATCH-0222409,75,2026-06-22,2028-06-21,2026-06-29
HOSP-BG-013,MED-051,BATCH-0223815,210,2026-06-28,2028-06-27,2026-06-29
HOSP-BG-013,MED-052,BATCH-0222410,71,2026-06-20,2028-06-19,2026-06-29
HOSP-BG-013,MED-053,BATCH-0222411,210,2026-06-22,2028-06-21,2026-06-29
HOSP-BG-013,MED-054,BATCH-0222412,77,2026-06-22,2028-06-21,2026-06-29
HOSP-BG-013,MED-055,BATCH-0223816,172,2026-06-28,2029-06-27,2026-06-29
HOSP-BG-013,MED-056,BATCH-0223817,120,2026-06-29,2029-06-28,2026-06-29
HOSP-BG-013,MED-057,BATCH-0222413,53,2026-06-20,2028-06-19,2026-06-29
HOSP-BG-013,MED-058,BATCH-0222414,35,2026-06-22,2028-06-21,2026-06-29
HOSP-BG-013,MED-059,BATCH-0222415,8,2026-06-21,2028-06-20,2026-06-29
HOSP-BG-013,MED-059,BATCH-0223818,56,2026-06-27,2028-06-26,2026-06-29
HOSP-BG-013,MED-060,BATCH-0222416,15,2026-06-21,2028-06-20,2026-06-29
HOSP-BG-013,MED-060,BATCH-0223819,39,2026-06-29,2028-06-28,2026-06-29
HOSP-BG-013,MED-061,BATCH-0223820,104,2026-06-27,2028-06-26,2026-06-29
HOSP-BG-013,MED-062,BATCH-0223821,59,2026-06-29,2029-06-28,2026-06-29
HOSP-BG-013,MED-063,BATCH-0223822,56,2026-06-29,2028-06-28,2026-06-29
HOSP-BG-013,MED-064,BATCH-0222418,153,2026-06-22,2031-06-22,2026-06-29
HOSP-BG-013,MED-065,BATCH-0222419,42,2026-06-22,2026-07-22,2026-06-29
HOSP-BG-013,MED-066,BATCH-0223823,72,2026-06-27,2026-07-27,2026-06-29
HOSP-BG-013,MED-067,BATCH-0222420,154,2026-06-22,2029-06-21,2026-06-29
HOSP-BG-013,MED-068,BATCH-0221104,9,2026-06-14,2029-06-13,2026-06-29
HOSP-BG-013,MED-068,BATCH-0223824,87,2026-06-28,2029-06-27,2026-06-29
HOSP-BG-013,MED-069,BATCH-0222421,61,2026-06-22,2029-06-21,2026-06-29
HOSP-BG-013,MED-070,BATCH-0222422,184,2026-06-21,2028-06-20,2026-06-29
HOSP-BG-013,MED-071,BATCH-0223825,119,2026-06-28,2028-06-27,2026-06-29
HOSP-BG-013,MED-072,BATCH-0222423,114,2026-06-22,2028-06-21,2026-06-29
HOSP-BG-014,MED-001,BATCH-0223826,853,2026-06-29,2029-06-28,2026-06-29
HOSP-BG-014,MED-002,BATCH-0223827,148,2026-06-27,2028-06-26,2026-06-29
HOSP-BG-014,MED-003,BATCH-0222424,350,2026-06-21,2029-06-20,2026-06-29
HOSP-BG-014,MED-004,BATCH-0222425,60,2026-06-20,2028-06-19,2026-06-29
HOSP-BG-014,MED-005,BATCH-0222426,208,2026-06-22,2028-06-21,2026-06-29
HOSP-BG-014,MED-006,BATCH-0223828,256,2026-06-28,2028-06-27,2026-06-29
HOSP-BG-014,MED-007,BATCH-0222427,140,2026-06-21,2028-06-20,2026-06-29
HOSP-BG-014,MED-008,BATCH-0222428,113,2026-06-22,2029-06-21,2026-06-29
HOSP-BG-014,MED-009,BATCH-0223829,336,2026-06-29,2028-06-28,2026-06-29
HOSP-BG-014,MED-010,BATCH-0223830,455,2026-06-27,2029-06-26,2026-06-29
HOSP-BG-014,MED-011,BATCH-0223831,435,2026-06-28,2029-06-27,2026-06-29
HOSP-BG-014,MED-012,BATCH-0222430,87,2026-06-21,2029-06-20,2026-06-29
HOSP-BG-014,MED-013,BATCH-0222431,63,2026-06-20,2028-06-19,2026-06-29
HOSP-BG-014,MED-013,BATCH-0223832,414,2026-06-29,2028-06-28,2026-06-29
HOSP-BG-014,MED-015,BATCH-0223833,286,2026-06-29,2028-06-28,2026-06-29
HOSP-BG-014,MED-016,BATCH-0224417,27,2026-05-02,2028-05-01,2026-06-29
HOSP-BG-014,MED-017,BATCH-0202183,1,2026-02-15,2029-02-14,2026-06-29
HOSP-BG-014,MED-017,BATCH-0219751,300,2026-06-08,2029-06-07,2026-06-29
HOSP-BG-014,MED-018,BATCH-0222434,96,2026-06-21,2028-06-20,2026-06-29
HOSP-BG-014,MED-019,BATCH-0222435,91,2026-06-21,2028-06-20,2026-06-29
HOSP-BG-014,MED-020,BATCH-0222436,98,2026-06-22,2028-06-21,2026-06-29
HOSP-BG-014,MED-021,BATCH-0223834,508,2026-06-27,2029-06-26,2026-06-29
HOSP-BG-014,MED-022,BATCH-0221117,111,2026-06-13,2029-06-12,2026-06-29
HOSP-BG-014,MED-023,BATCH-0223835,858,2026-06-28,2029-06-27,2026-06-29
HOSP-BG-014,MED-024,BATCH-0223836,93,2026-06-27,2028-06-26,2026-06-29
HOSP-BG-014,MED-025,BATCH-0221119,57,2026-06-13,2029-06-12,2026-06-29
HOSP-BG-014,MED-026,BATCH-0222437,534,2026-06-20,2029-06-19,2026-06-29
HOSP-BG-014,MED-027,BATCH-0222438,163,2026-06-20,2029-06-19,2026-06-29
HOSP-BG-014,MED-028,BATCH-0223837,196,2026-06-27,2029-06-26,2026-06-29
HOSP-BG-014,MED-029,BATCH-0222439,123,2026-06-21,2029-06-20,2026-06-29
HOSP-BG-014,MED-030,BATCH-0222440,6,2026-06-20,2029-06-19,2026-06-29
HOSP-BG-014,MED-030,BATCH-0223838,169,2026-06-29,2029-06-28,2026-06-29
HOSP-BG-014,MED-031,BATCH-0222441,575,2026-06-22,2031-06-22,2026-06-29
HOSP-BG-014,MED-032,BATCH-0222442,1049,2026-06-22,2031-06-22,2026-06-29
HOSP-BG-014,MED-033,BATCH-0222443,135,2026-06-22,2031-06-22,2026-06-29
HOSP-BG-014,MED-033,BATCH-0223839,500,2026-06-28,2031-06-28,2026-06-29
HOSP-BG-014,MED-034,BATCH-0221121,1,2026-06-13,2028-06-12,2026-06-29
HOSP-BG-014,MED-034,BATCH-0223840,90,2026-06-28,2028-06-27,2026-06-29
HOSP-BG-014,MED-035,BATCH-0223841,37,2026-06-27,2028-06-26,2026-06-29
HOSP-BG-014,MED-036,BATCH-0222444,613,2026-06-22,2028-06-21,2026-06-29
HOSP-BG-014,MED-038,BATCH-0223842,145,2026-06-27,2028-06-26,2026-06-29
HOSP-BG-014,MED-039,BATCH-0222445,63,2026-06-20,2029-06-19,2026-06-29
HOSP-BG-014,MED-040,BATCH-0222446,26,2026-06-20,2029-06-19,2026-06-29
HOSP-BG-014,MED-042,BATCH-0223843,10,2026-06-28,2028-06-27,2026-06-29
HOSP-BG-014,MED-043,BATCH-0221124,2,2026-06-14,2028-06-13,2026-06-29
HOSP-BG-014,MED-044,BATCH-0221125,1,2026-06-14,2028-06-13,2026-06-29
HOSP-BG-014,MED-044,BATCH-0223844,9,2026-06-27,2028-06-26,2026-06-29
HOSP-BG-014,MED-045,BATCH-0222448,13,2026-06-20,2028-06-19,2026-06-29
HOSP-BG-014,MED-046,BATCH-0222449,5,2026-06-21,2027-12-20,2026-06-29
HOSP-BG-014,MED-047,BATCH-0222450,82,2026-06-20,2029-06-19,2026-06-29
HOSP-BG-014,MED-048,BATCH-0223845,116,2026-06-28,2028-06-27,2026-06-29
HOSP-BG-014,MED-050,BATCH-0221127,25,2026-06-15,2028-06-14,2026-06-29
HOSP-BG-014,MED-050,BATCH-0223846,120,2026-06-27,2028-06-26,2026-06-29
HOSP-BG-014,MED-051,BATCH-0222453,53,2026-06-20,2028-06-19,2026-06-29
HOSP-BG-014,MED-052,BATCH-0222454,111,2026-06-22,2028-06-21,2026-06-29
HOSP-BG-014,MED-052,BATCH-0223847,234,2026-06-28,2028-06-27,2026-06-29
HOSP-BG-014,MED-053,BATCH-0223848,163,2026-06-28,2028-06-27,2026-06-29
HOSP-BG-014,MED-054,BATCH-0223849,143,2026-06-28,2028-06-27,2026-06-29
HOSP-BG-014,MED-055,BATCH-0222455,34,2026-06-22,2029-06-21,2026-06-29
HOSP-BG-014,MED-056,BATCH-0221129,4,2026-06-15,2029-06-14,2026-06-29
HOSP-BG-014,MED-056,BATCH-0223850,55,2026-06-29,2029-06-28,2026-06-29
HOSP-BG-014,MED-057,BATCH-0222456,32,2026-06-20,2028-06-19,2026-06-29
HOSP-BG-014,MED-058,BATCH-0222457,24,2026-06-22,2028-06-21,2026-06-29
HOSP-BG-014,MED-059,BATCH-0223851,10,2026-06-29,2028-06-28,2026-06-29
HOSP-BG-014,MED-060,BATCH-0221132,14,2026-06-14,2028-06-13,2026-06-29
HOSP-BG-014,MED-061,BATCH-0222458,60,2026-06-21,2028-06-20,2026-06-29
HOSP-BG-014,MED-062,BATCH-0223852,44,2026-06-28,2029-06-27,2026-06-29
HOSP-BG-014,MED-063,BATCH-0222459,7,2026-06-22,2028-06-21,2026-06-29
HOSP-BG-014,MED-064,BATCH-0223853,279,2026-06-29,2031-06-29,2026-06-29
HOSP-BG-014,MED-065,BATCH-0223854,65,2026-06-28,2026-07-28,2026-06-29
HOSP-BG-014,MED-066,BATCH-0223855,23,2026-06-29,2026-07-29,2026-06-29
HOSP-BG-014,MED-067,BATCH-0222460,111,2026-06-21,2029-06-20,2026-06-29
HOSP-BG-014,MED-068,BATCH-0222461,1,2026-06-21,2029-06-20,2026-06-29
HOSP-BG-014,MED-068,BATCH-0223856,38,2026-06-29,2029-06-28,2026-06-29
HOSP-BG-014,MED-069,BATCH-0221138,28,2026-06-13,2029-06-12,2026-06-29
HOSP-BG-014,MED-070,BATCH-0223857,268,2026-06-28,2028-06-27,2026-06-29
HOSP-BG-014,MED-071,BATCH-0224418,6,2026-05-18,2028-05-17,2026-06-29
HOSP-BG-014,MED-072,BATCH-0222462,54,2026-06-21,2028-06-20,2026-06-29
HOSP-BG-015,MED-001,BATCH-0222463,276,2026-06-20,2029-06-19,2026-06-29
HOSP-BG-015,MED-002,BATCH-0224419,4,2026-05-16,2028-05-15,2026-06-29
HOSP-BG-015,MED-003,BATCH-0222465,91,2026-06-22,2029-06-21,2026-06-29
HOSP-BG-015,MED-004,BATCH-0222466,118,2026-06-20,2028-06-19,2026-06-29
HOSP-BG-015,MED-005,BATCH-0222467,565,2026-06-20,2028-06-19,2026-06-29
HOSP-BG-015,MED-006,BATCH-0223858,373,2026-06-27,2028-06-26,2026-06-29
HOSP-BG-015,MED-007,BATCH-0222468,161,2026-06-21,2028-06-20,2026-06-29
HOSP-BG-015,MED-008,BATCH-0223859,330,2026-06-27,2029-06-26,2026-06-29
HOSP-BG-015,MED-009,BATCH-0223860,225,2026-06-27,2028-06-26,2026-06-29
HOSP-BG-015,MED-010,BATCH-0223861,540,2026-06-28,2029-06-27,2026-06-29
HOSP-BG-015,MED-011,BATCH-0223862,879,2026-06-27,2029-06-26,2026-06-29
HOSP-BG-015,MED-013,BATCH-0223863,296,2026-06-29,2028-06-28,2026-06-29
HOSP-BG-015,MED-014,BATCH-0223864,464,2026-06-28,2028-06-27,2026-06-29
HOSP-BG-015,MED-016,BATCH-0223865,130,2026-06-27,2028-06-26,2026-06-29
HOSP-BG-015,MED-017,BATCH-0210979,24,2026-04-12,2029-04-11,2026-06-29
HOSP-BG-015,MED-017,BATCH-0223866,300,2026-06-27,2029-06-26,2026-06-29
HOSP-BG-015,MED-018,BATCH-0223867,121,2026-06-28,2028-06-27,2026-06-29
HOSP-BG-015,MED-019,BATCH-0223868,232,2026-06-29,2028-06-28,2026-06-29
HOSP-BG-015,MED-020,BATCH-0222472,101,2026-06-22,2028-06-21,2026-06-29
HOSP-BG-015,MED-021,BATCH-0223869,891,2026-06-28,2029-06-27,2026-06-29
HOSP-BG-015,MED-022,BATCH-0221155,163,2026-06-14,2029-06-13,2026-06-29
HOSP-BG-015,MED-023,BATCH-0224420,51,2026-05-18,2029-05-17,2026-06-29
HOSP-BG-015,MED-024,BATCH-0223871,99,2026-06-29,2028-06-28,2026-06-29
HOSP-BG-015,MED-025,BATCH-0223872,565,2026-06-27,2029-06-26,2026-06-29
HOSP-BG-015,MED-026,BATCH-0217403,244,2026-05-25,2029-05-24,2026-06-29
HOSP-BG-015,MED-027,BATCH-0223873,430,2026-06-27,2029-06-26,2026-06-29
HOSP-BG-015,MED-028,BATCH-0223874,162,2026-06-27,2029-06-26,2026-06-29
HOSP-BG-015,MED-029,BATCH-0221160,20,2026-06-15,2029-06-14,2026-06-29
HOSP-BG-015,MED-029,BATCH-0223875,500,2026-06-28,2029-06-27,2026-06-29
HOSP-BG-015,MED-030,BATCH-0223876,194,2026-06-27,2029-06-26,2026-06-29
HOSP-BG-015,MED-031,BATCH-0222474,801,2026-06-20,2031-06-20,2026-06-29
HOSP-BG-015,MED-032,BATCH-0222475,665,2026-06-20,2031-06-20,2026-06-29
HOSP-BG-015,MED-033,BATCH-0222476,297,2026-06-21,2031-06-21,2026-06-29
HOSP-BG-015,MED-034,BATCH-0223877,101,2026-06-27,2028-06-26,2026-06-29
HOSP-BG-015,MED-035,BATCH-0222477,18,2026-06-20,2028-06-19,2026-06-29
HOSP-BG-015,MED-036,BATCH-0221165,26,2026-06-14,2028-06-13,2026-06-29
HOSP-BG-015,MED-036,BATCH-0223878,900,2026-06-28,2028-06-27,2026-06-29
HOSP-BG-015,MED-037,BATCH-0222478,9,2026-06-20,2029-06-19,2026-06-29
HOSP-BG-015,MED-038,BATCH-0222479,56,2026-06-21,2028-06-20,2026-06-29
HOSP-BG-015,MED-039,BATCH-0222480,32,2026-06-20,2029-06-19,2026-06-29
HOSP-BG-015,MED-040,BATCH-0223879,125,2026-06-29,2029-06-28,2026-06-29
HOSP-BG-015,MED-041,BATCH-0222481,13,2026-06-22,2028-06-21,2026-06-29
HOSP-BG-015,MED-041,BATCH-0223880,16,2026-06-29,2028-06-28,2026-06-29
HOSP-BG-015,MED-042,BATCH-0222482,2,2026-06-21,2028-06-20,2026-06-29
HOSP-BG-015,MED-042,BATCH-0223881,9,2026-06-27,2028-06-26,2026-06-29
HOSP-BG-015,MED-043,BATCH-0222483,7,2026-06-21,2028-06-20,2026-06-29
HOSP-BG-015,MED-044,BATCH-0222484,4,2026-06-21,2028-06-20,2026-06-29
HOSP-BG-015,MED-045,BATCH-0222485,57,2026-06-22,2028-06-21,2026-06-29
HOSP-BG-015,MED-046,BATCH-0223882,9,2026-06-28,2027-12-27,2026-06-29
HOSP-BG-015,MED-047,BATCH-0223883,488,2026-06-28,2029-06-27,2026-06-29
HOSP-BG-015,MED-048,BATCH-0222486,67,2026-06-22,2028-06-21,2026-06-29
HOSP-BG-015,MED-049,BATCH-0223884,360,2026-06-28,2028-06-27,2026-06-29
HOSP-BG-015,MED-050,BATCH-0223885,171,2026-06-28,2028-06-27,2026-06-29
HOSP-BG-015,MED-051,BATCH-0223886,144,2026-06-29,2028-06-28,2026-06-29
HOSP-BG-015,MED-052,BATCH-0223887,236,2026-06-28,2028-06-27,2026-06-29
HOSP-BG-015,MED-053,BATCH-0222487,120,2026-06-21,2028-06-20,2026-06-29
HOSP-BG-015,MED-054,BATCH-0223888,152,2026-06-29,2028-06-28,2026-06-29
HOSP-BG-015,MED-055,BATCH-0222488,55,2026-06-21,2029-06-20,2026-06-29
HOSP-BG-015,MED-056,BATCH-0223889,68,2026-06-28,2029-06-27,2026-06-29
HOSP-BG-015,MED-057,BATCH-0221179,15,2026-06-13,2028-06-12,2026-06-29
HOSP-BG-015,MED-057,BATCH-0223890,48,2026-06-29,2028-06-28,2026-06-29
HOSP-BG-015,MED-058,BATCH-0221180,3,2026-06-14,2028-06-13,2026-06-29
HOSP-BG-015,MED-058,BATCH-0223891,38,2026-06-29,2028-06-28,2026-06-29
HOSP-BG-015,MED-059,BATCH-0222489,19,2026-06-22,2028-06-21,2026-06-29
HOSP-BG-015,MED-060,BATCH-0221182,2,2026-06-13,2028-06-12,2026-06-29
HOSP-BG-015,MED-060,BATCH-0223892,22,2026-06-28,2028-06-27,2026-06-29
HOSP-BG-015,MED-061,BATCH-0222490,34,2026-06-21,2028-06-20,2026-06-29
HOSP-BG-015,MED-062,BATCH-0224421,11,2026-06-03,2029-06-02,2026-06-29
HOSP-BG-015,MED-063,BATCH-0222492,9,2026-06-21,2028-06-20,2026-06-29
HOSP-BG-015,MED-064,BATCH-0223893,203,2026-06-27,2031-06-27,2026-06-29
HOSP-BG-015,MED-065,BATCH-0222493,44,2026-06-20,2026-07-20,2026-06-29
HOSP-BG-015,MED-066,BATCH-0223894,40,2026-06-27,2026-07-27,2026-06-29
HOSP-BG-015,MED-067,BATCH-0223895,114,2026-06-28,2029-06-27,2026-06-29
HOSP-BG-015,MED-068,BATCH-0222494,13,2026-06-21,2029-06-20,2026-06-29
HOSP-BG-015,MED-068,BATCH-0223896,50,2026-06-27,2029-06-26,2026-06-29
HOSP-BG-015,MED-069,BATCH-0222495,56,2026-06-22,2029-06-21,2026-06-29
HOSP-BG-015,MED-070,BATCH-0216336,56,2026-05-18,2028-05-17,2026-06-29
HOSP-BG-015,MED-070,BATCH-0222496,300,2026-06-22,2028-06-21,2026-06-29
HOSP-BG-015,MED-071,BATCH-0222497,49,2026-06-22,2028-06-21,2026-06-29
HOSP-BG-015,MED-072,BATCH-0223897,97,2026-06-29,2028-06-28,2026-06-29
HOSP-BG-016,MED-001,BATCH-0222498,21,2026-06-22,2029-06-21,2026-06-29
HOSP-BG-016,MED-002,BATCH-0223898,84,2026-06-27,2028-06-26,2026-06-29
HOSP-BG-016,MED-003,BATCH-0221191,236,2026-06-14,2029-06-13,2026-06-29
HOSP-BG-016,MED-004,BATCH-0219818,47,2026-06-08,2028-06-07,2026-06-29
HOSP-BG-016,MED-005,BATCH-0223899,318,2026-06-29,2028-06-28,2026-06-29
HOSP-BG-016,MED-006,BATCH-0222499,6,2026-06-22,2028-06-21,2026-06-29
HOSP-BG-016,MED-007,BATCH-0223900,80,2026-06-27,2028-06-26,2026-06-29
HOSP-BG-016,MED-008,BATCH-0223901,98,2026-06-28,2029-06-27,2026-06-29
HOSP-BG-016,MED-009,BATCH-0223902,52,2026-06-27,2028-06-26,2026-06-29
HOSP-BG-016,MED-010,BATCH-0222501,69,2026-06-21,2029-06-20,2026-06-29
HOSP-BG-016,MED-011,BATCH-0222502,56,2026-06-22,2029-06-21,2026-06-29
HOSP-BG-016,MED-011,BATCH-0223903,250,2026-06-27,2029-06-26,2026-06-29
HOSP-BG-016,MED-012,BATCH-0222503,82,2026-06-21,2029-06-20,2026-06-29
HOSP-BG-016,MED-013,BATCH-0223904,147,2026-06-29,2028-06-28,2026-06-29
HOSP-BG-016,MED-014,BATCH-0223905,134,2026-06-27,2028-06-26,2026-06-29
HOSP-BG-016,MED-015,BATCH-0222505,24,2026-06-21,2028-06-20,2026-06-29
HOSP-BG-016,MED-015,BATCH-0223906,91,2026-06-28,2028-06-27,2026-06-29
HOSP-BG-016,MED-016,BATCH-0222506,2,2026-06-21,2028-06-20,2026-06-29
HOSP-BG-016,MED-017,BATCH-0164572,82,2025-07-19,2028-07-18,2026-06-29
HOSP-BG-016,MED-017,BATCH-0221196,300,2026-06-15,2029-06-14,2026-06-29
HOSP-BG-016,MED-018,BATCH-0223907,39,2026-06-29,2028-06-28,2026-06-29
HOSP-BG-016,MED-019,BATCH-0223908,65,2026-06-28,2028-06-27,2026-06-29
HOSP-BG-016,MED-021,BATCH-0216345,57,2026-05-18,2029-05-17,2026-06-29
HOSP-BG-016,MED-021,BATCH-0221200,500,2026-06-13,2029-06-12,2026-06-29
HOSP-BG-016,MED-022,BATCH-0222507,111,2026-06-22,2029-06-21,2026-06-29
HOSP-BG-016,MED-023,BATCH-0222508,207,2026-06-20,2029-06-19,2026-06-29
HOSP-BG-016,MED-024,BATCH-0219832,14,2026-06-08,2028-06-07,2026-06-29
HOSP-BG-016,MED-025,BATCH-0222509,131,2026-06-20,2029-06-19,2026-06-29
HOSP-BG-016,MED-027,BATCH-0223910,339,2026-06-29,2029-06-28,2026-06-29
HOSP-BG-016,MED-028,BATCH-0222510,27,2026-06-22,2029-06-21,2026-06-29
HOSP-BG-016,MED-029,BATCH-0219834,75,2026-06-07,2029-06-06,2026-06-29
HOSP-BG-016,MED-030,BATCH-0222511,20,2026-06-21,2029-06-20,2026-06-29
HOSP-BG-016,MED-031,BATCH-0222512,227,2026-06-22,2031-06-22,2026-06-29
HOSP-BG-016,MED-032,BATCH-0223911,469,2026-06-27,2031-06-27,2026-06-29
HOSP-BG-016,MED-033,BATCH-0222513,49,2026-06-20,2031-06-20,2026-06-29
HOSP-BG-016,MED-033,BATCH-0223912,150,2026-06-27,2031-06-27,2026-06-29
HOSP-BG-016,MED-034,BATCH-0222514,20,2026-06-21,2028-06-20,2026-06-29
HOSP-BG-016,MED-035,BATCH-0221203,6,2026-06-14,2028-06-13,2026-06-29
HOSP-BG-016,MED-035,BATCH-0223913,13,2026-06-28,2028-06-27,2026-06-29
HOSP-BG-016,MED-036,BATCH-0221204,3,2026-06-13,2028-06-12,2026-06-29
HOSP-BG-016,MED-037,BATCH-0222515,13,2026-06-20,2029-06-19,2026-06-29
HOSP-BG-016,MED-038,BATCH-0221205,27,2026-06-13,2028-06-12,2026-06-29
HOSP-BG-016,MED-039,BATCH-0221206,9,2026-06-15,2029-06-14,2026-06-29
HOSP-BG-016,MED-040,BATCH-0223914,34,2026-06-27,2029-06-26,2026-06-29
HOSP-BG-016,MED-041,BATCH-0223915,4,2026-06-29,2028-06-28,2026-06-29
HOSP-BG-016,MED-042,BATCH-0218541,5,2026-05-31,2028-05-30,2026-06-29
HOSP-BG-016,MED-043,BATCH-0214153,1,2026-05-03,2028-05-02,2026-06-29
HOSP-BG-016,MED-043,BATCH-0219838,5,2026-06-07,2028-06-06,2026-06-29
HOSP-BG-016,MED-044,BATCH-0222518,1,2026-06-20,2028-06-19,2026-06-29
HOSP-BG-016,MED-045,BATCH-0222519,36,2026-06-21,2028-06-20,2026-06-29
HOSP-BG-016,MED-046,BATCH-0217440,4,2026-05-23,2027-11-21,2026-06-29
HOSP-BG-016,MED-047,BATCH-0222520,69,2026-06-20,2029-06-19,2026-06-29
HOSP-BG-016,MED-048,BATCH-0223916,30,2026-06-28,2028-06-27,2026-06-29
HOSP-BG-016,MED-049,BATCH-0216357,19,2026-05-16,2028-05-15,2026-06-29
HOSP-BG-016,MED-049,BATCH-0223917,300,2026-06-27,2028-06-26,2026-06-29
HOSP-BG-016,MED-050,BATCH-0222521,12,2026-06-21,2028-06-20,2026-06-29
HOSP-BG-016,MED-051,BATCH-0221211,6,2026-06-14,2028-06-13,2026-06-29
HOSP-BG-016,MED-051,BATCH-0223918,30,2026-06-27,2028-06-26,2026-06-29
HOSP-BG-016,MED-052,BATCH-0223919,65,2026-06-28,2028-06-27,2026-06-29
HOSP-BG-016,MED-053,BATCH-0222523,1,2026-06-20,2028-06-19,2026-06-29
HOSP-BG-016,MED-054,BATCH-0218546,8,2026-05-30,2028-05-29,2026-06-29
HOSP-BG-016,MED-054,BATCH-0221213,36,2026-06-14,2028-06-13,2026-06-29
HOSP-BG-016,MED-055,BATCH-0224422,5,2026-06-14,2029-06-13,2026-06-29
HOSP-BG-016,MED-056,BATCH-0221215,1,2026-06-15,2029-06-14,2026-06-29
HOSP-BG-016,MED-057,BATCH-0222524,11,2026-06-21,2028-06-20,2026-06-29
HOSP-BG-016,MED-058,BATCH-0223920,8,2026-06-29,2028-06-28,2026-06-29
HOSP-BG-016,MED-059,BATCH-0223921,4,2026-06-27,2028-06-26,2026-06-29
HOSP-BG-016,MED-060,BATCH-0222525,1,2026-06-21,2028-06-20,2026-06-29
HOSP-BG-016,MED-060,BATCH-0223922,6,2026-06-27,2028-06-26,2026-06-29
HOSP-BG-016,MED-061,BATCH-0222526,26,2026-06-20,2028-06-19,2026-06-29
HOSP-BG-016,MED-062,BATCH-0222527,9,2026-06-22,2029-06-21,2026-06-29
HOSP-BG-016,MED-063,BATCH-0223923,6,2026-06-29,2028-06-28,2026-06-29
HOSP-BG-016,MED-064,BATCH-0222528,52,2026-06-20,2031-06-20,2026-06-29
HOSP-BG-016,MED-065,BATCH-0222529,18,2026-06-21,2026-07-21,2026-06-29
HOSP-BG-016,MED-066,BATCH-0223924,13,2026-06-29,2026-07-29,2026-06-29
HOSP-BG-016,MED-067,BATCH-0221220,3,2026-06-15,2029-06-14,2026-06-29
HOSP-BG-016,MED-067,BATCH-0223925,36,2026-06-27,2029-06-26,2026-06-29
HOSP-BG-016,MED-068,BATCH-0222530,7,2026-06-22,2029-06-21,2026-06-29
HOSP-BG-016,MED-069,BATCH-0219848,8,2026-06-08,2029-06-07,2026-06-29
HOSP-BG-016,MED-069,BATCH-0223926,25,2026-06-28,2029-06-27,2026-06-29
HOSP-BG-016,MED-070,BATCH-0219849,282,2026-06-06,2028-06-05,2026-06-29
HOSP-BG-016,MED-071,BATCH-0221221,17,2026-06-15,2028-06-14,2026-06-29
HOSP-BG-016,MED-072,BATCH-0222531,9,2026-06-20,2028-06-19,2026-06-29
HOSP-BG-017,MED-001,BATCH-0223927,180,2026-06-28,2029-06-27,2026-06-29
HOSP-BG-017,MED-003,BATCH-0219852,113,2026-06-07,2029-06-06,2026-06-29
HOSP-BG-017,MED-004,BATCH-0221224,6,2026-06-13,2028-06-12,2026-06-29
HOSP-BG-017,MED-005,BATCH-0222533,138,2026-06-21,2028-06-20,2026-06-29
HOSP-BG-017,MED-006,BATCH-0222534,22,2026-06-20,2028-06-19,2026-06-29
HOSP-BG-017,MED-007,BATCH-0222535,1,2026-06-22,2028-06-21,2026-06-29
HOSP-BG-017,MED-008,BATCH-0222536,28,2026-06-21,2029-06-20,2026-06-29
HOSP-BG-017,MED-009,BATCH-0222537,10,2026-06-22,2028-06-21,2026-06-29
HOSP-BG-017,MED-010,BATCH-0219857,111,2026-06-07,2029-06-06,2026-06-29
HOSP-BG-017,MED-011,BATCH-0222538,29,2026-06-21,2029-06-20,2026-06-29
HOSP-BG-017,MED-012,BATCH-0222539,159,2026-06-20,2029-06-19,2026-06-29
HOSP-BG-017,MED-013,BATCH-0221225,12,2026-06-15,2028-06-14,2026-06-29
HOSP-BG-017,MED-014,BATCH-0223928,16,2026-06-27,2028-06-26,2026-06-29
HOSP-BG-017,MED-015,BATCH-0219860,2,2026-06-08,2028-06-07,2026-06-29
HOSP-BG-017,MED-015,BATCH-0222541,17,2026-06-21,2028-06-20,2026-06-29
HOSP-BG-017,MED-016,BATCH-0222542,43,2026-06-20,2028-06-19,2026-06-29
HOSP-BG-017,MED-017,BATCH-0170277,147,2025-08-18,2028-08-17,2026-06-29
HOSP-BG-017,MED-020,BATCH-0222544,2,2026-06-21,2028-06-20,2026-06-29
HOSP-BG-017,MED-020,BATCH-0223929,7,2026-06-28,2028-06-27,2026-06-29
HOSP-BG-017,MED-021,BATCH-0212116,85,2026-04-19,2029-04-18,2026-06-29
HOSP-BG-017,MED-022,BATCH-0211037,61,2026-04-13,2029-04-12,2026-06-29
HOSP-BG-017,MED-022,BATCH-0223930,200,2026-06-28,2029-06-27,2026-06-29
HOSP-BG-017,MED-023,BATCH-0221229,129,2026-06-13,2029-06-12,2026-06-29
HOSP-BG-017,MED-025,BATCH-0221231,171,2026-06-15,2029-06-14,2026-06-29
HOSP-BG-017,MED-026,BATCH-0217461,108,2026-05-25,2029-05-24,2026-06-29
HOSP-BG-017,MED-027,BATCH-0219863,125,2026-06-07,2029-06-06,2026-06-29
HOSP-BG-017,MED-029,BATCH-0219865,150,2026-06-06,2029-06-05,2026-06-29
HOSP-BG-017,MED-030,BATCH-0222545,5,2026-06-21,2029-06-20,2026-06-29
HOSP-BG-017,MED-031,BATCH-0221233,4,2026-06-14,2031-06-14,2026-06-29
HOSP-BG-017,MED-032,BATCH-0221234,74,2026-06-13,2031-06-13,2026-06-29
HOSP-BG-017,MED-032,BATCH-0223932,100,2026-06-27,2031-06-27,2026-06-29
HOSP-BG-017,MED-033,BATCH-0222546,79,2026-06-21,2031-06-21,2026-06-29
HOSP-BG-017,MED-034,BATCH-0217463,9,2026-05-25,2028-05-24,2026-06-29
HOSP-BG-017,MED-035,BATCH-0219866,4,2026-06-06,2028-06-05,2026-06-29
HOSP-BG-017,MED-036,BATCH-0219867,180,2026-06-06,2028-06-05,2026-06-29
HOSP-BG-017,MED-037,BATCH-0222547,5,2026-06-22,2029-06-21,2026-06-29
HOSP-BG-017,MED-038,BATCH-0223933,18,2026-06-27,2028-06-26,2026-06-29
HOSP-BG-017,MED-039,BATCH-0219869,6,2026-06-07,2029-06-06,2026-06-29
HOSP-BG-017,MED-040,BATCH-0223934,18,2026-06-29,2029-06-28,2026-06-29
HOSP-BG-017,MED-041,BATCH-0204540,4,2026-02-28,2028-02-28,2026-06-29
HOSP-BG-017,MED-042,BATCH-0206750,5,2026-03-16,2028-03-15,2026-06-29
HOSP-BG-017,MED-043,BATCH-0197490,3,2026-01-17,2028-01-17,2026-06-29
HOSP-BG-017,MED-043,BATCH-0222548,6,2026-06-20,2028-06-19,2026-06-29
HOSP-BG-017,MED-044,BATCH-0189338,5,2025-11-29,2027-11-29,2026-06-29
HOSP-BG-017,MED-045,BATCH-0221236,30,2026-06-13,2028-06-12,2026-06-29
HOSP-BG-017,MED-046,BATCH-0208933,5,2026-03-29,2027-09-27,2026-06-29
HOSP-BG-017,MED-047,BATCH-0223935,90,2026-06-29,2029-06-28,2026-06-29
HOSP-BG-017,MED-048,BATCH-0223936,8,2026-06-27,2028-06-26,2026-06-29
HOSP-BG-017,MED-049,BATCH-0212120,149,2026-04-20,2028-04-19,2026-06-29
HOSP-BG-017,MED-050,BATCH-0223937,16,2026-06-28,2028-06-27,2026-06-29
HOSP-BG-017,MED-051,BATCH-0222549,14,2026-06-22,2028-06-21,2026-06-29
HOSP-BG-017,MED-052,BATCH-0221237,10,2026-06-15,2028-06-14,2026-06-29
HOSP-BG-017,MED-053,BATCH-0219872,4,2026-06-08,2028-06-07,2026-06-29
HOSP-BG-017,MED-053,BATCH-0223938,10,2026-06-27,2028-06-26,2026-06-29
HOSP-BG-017,MED-054,BATCH-0223939,5,2026-06-27,2028-06-26,2026-06-29
HOSP-BG-017,MED-055,BATCH-0214174,9,2026-05-04,2029-05-03,2026-06-29
HOSP-BG-017,MED-056,BATCH-0223940,6,2026-06-27,2029-06-26,2026-06-29
HOSP-BG-017,MED-057,BATCH-0217470,1,2026-05-24,2028-05-23,2026-06-29
HOSP-BG-017,MED-057,BATCH-0221238,6,2026-06-15,2028-06-14,2026-06-29
HOSP-BG-017,MED-058,BATCH-0218563,2,2026-06-01,2028-05-31,2026-06-29
HOSP-BG-017,MED-058,BATCH-0223941,5,2026-06-29,2028-06-28,2026-06-29
HOSP-BG-017,MED-059,BATCH-0215289,5,2026-05-09,2028-05-08,2026-06-29
HOSP-BG-017,MED-060,BATCH-0213168,1,2026-04-25,2028-04-24,2026-06-29
HOSP-BG-017,MED-060,BATCH-0217471,5,2026-05-25,2028-05-24,2026-06-29
HOSP-BG-017,MED-061,BATCH-0219873,11,2026-06-07,2028-06-06,2026-06-29
HOSP-BG-017,MED-062,BATCH-0217472,13,2026-05-23,2029-05-22,2026-06-29
HOSP-BG-017,MED-063,BATCH-0219874,2,2026-06-08,2028-06-07,2026-06-29
HOSP-BG-017,MED-064,BATCH-0222550,9,2026-06-21,2031-06-21,2026-06-29
HOSP-BG-017,MED-065,BATCH-0223942,5,2026-06-27,2026-07-27,2026-06-29
HOSP-BG-017,MED-066,BATCH-0222551,3,2026-06-21,2026-07-21,2026-06-29
HOSP-BG-017,MED-067,BATCH-0221239,2,2026-06-15,2029-06-14,2026-06-29
HOSP-BG-017,MED-067,BATCH-0223943,8,2026-06-27,2029-06-26,2026-06-29
HOSP-BG-017,MED-068,BATCH-0219877,5,2026-06-07,2029-06-06,2026-06-29
HOSP-BG-017,MED-069,BATCH-0222552,8,2026-06-21,2029-06-20,2026-06-29
HOSP-BG-017,MED-070,BATCH-0164625,97,2025-07-19,2027-07-19,2026-06-29
HOSP-BG-017,MED-070,BATCH-0212127,150,2026-04-19,2028-04-18,2026-06-29
HOSP-BG-017,MED-071,BATCH-0211046,7,2026-04-11,2028-04-10,2026-06-29
HOSP-BG-017,MED-071,BATCH-0222553,10,2026-06-20,2028-06-19,2026-06-29
HOSP-BG-017,MED-072,BATCH-0221240,6,2026-06-13,2028-06-12,2026-06-29
HOSP-BG-018,MED-001,BATCH-0223944,215,2026-06-29,2029-06-28,2026-06-29
HOSP-BG-018,MED-002,BATCH-0223945,15,2026-06-27,2028-06-26,2026-06-29
HOSP-BG-018,MED-003,BATCH-0218566,94,2026-05-30,2029-05-29,2026-06-29
HOSP-BG-018,MED-004,BATCH-0224423,8,2026-05-18,2028-05-17,2026-06-29
HOSP-BG-018,MED-005,BATCH-0219881,3,2026-06-07,2028-06-06,2026-06-29
HOSP-BG-018,MED-005,BATCH-0223946,200,2026-06-27,2028-06-26,2026-06-29
HOSP-BG-018,MED-006,BATCH-0221242,7,2026-06-15,2028-06-14,2026-06-29
HOSP-BG-018,MED-007,BATCH-0222555,7,2026-06-20,2028-06-19,2026-06-29
HOSP-BG-018,MED-008,BATCH-0222556,20,2026-06-20,2029-06-19,2026-06-29
HOSP-BG-018,MED-009,BATCH-0222557,15,2026-06-22,2028-06-21,2026-06-29
HOSP-BG-018,MED-010,BATCH-0221245,160,2026-06-14,2029-06-13,2026-06-29
HOSP-BG-018,MED-011,BATCH-0222558,14,2026-06-22,2029-06-21,2026-06-29
HOSP-BG-018,MED-012,BATCH-0223947,180,2026-06-28,2029-06-27,2026-06-29
HOSP-BG-018,MED-013,BATCH-0223948,23,2026-06-29,2028-06-28,2026-06-29
HOSP-BG-018,MED-014,BATCH-0223949,12,2026-06-29,2028-06-28,2026-06-29
HOSP-BG-018,MED-015,BATCH-0222561,18,2026-06-20,2028-06-19,2026-06-29
HOSP-BG-018,MED-016,BATCH-0221246,38,2026-06-14,2028-06-13,2026-06-29
HOSP-BG-018,MED-017,BATCH-0157730,101,2025-06-14,2028-06-13,2026-06-29
HOSP-BG-018,MED-018,BATCH-0219889,1,2026-06-08,2028-06-07,2026-06-29
HOSP-BG-018,MED-018,BATCH-0222562,9,2026-06-20,2028-06-19,2026-06-29
HOSP-BG-018,MED-019,BATCH-0223950,18,2026-06-27,2028-06-26,2026-06-29
HOSP-BG-018,MED-020,BATCH-0223951,4,2026-06-28,2028-06-27,2026-06-29
HOSP-BG-018,MED-021,BATCH-0222563,161,2026-06-22,2029-06-21,2026-06-29
HOSP-BG-018,MED-022,BATCH-0212138,32,2026-04-20,2029-04-19,2026-06-29
HOSP-BG-018,MED-022,BATCH-0222564,200,2026-06-22,2029-06-21,2026-06-29
HOSP-BG-018,MED-023,BATCH-0223952,180,2026-06-27,2029-06-26,2026-06-29
HOSP-BG-018,MED-024,BATCH-0222565,2,2026-06-22,2028-06-21,2026-06-29
HOSP-BG-018,MED-024,BATCH-0223953,7,2026-06-28,2028-06-27,2026-06-29
HOSP-BG-018,MED-025,BATCH-0222566,180,2026-06-20,2029-06-19,2026-06-29
HOSP-BG-018,MED-026,BATCH-0216390,122,2026-05-18,2029-05-17,2026-06-29
HOSP-BG-018,MED-027,BATCH-0219890,65,2026-06-08,2029-06-07,2026-06-29
HOSP-BG-018,MED-029,BATCH-0223954,180,2026-06-28,2029-06-27,2026-06-29
HOSP-BG-018,MED-030,BATCH-0223955,12,2026-06-29,2029-06-28,2026-06-29
HOSP-BG-018,MED-031,BATCH-0222567,38,2026-06-21,2031-06-21,2026-06-29
HOSP-BG-018,MED-032,BATCH-0217481,9,2026-05-24,2031-05-24,2026-06-29
HOSP-BG-018,MED-032,BATCH-0222568,100,2026-06-20,2031-06-20,2026-06-29
HOSP-BG-018,MED-033,BATCH-0218574,50,2026-05-30,2031-05-30,2026-06-29
HOSP-BG-018,MED-034,BATCH-0217482,10,2026-05-25,2028-05-24,2026-06-29
HOSP-BG-018,MED-035,BATCH-0221252,1,2026-06-15,2028-06-14,2026-06-29
HOSP-BG-018,MED-035,BATCH-0222569,5,2026-06-21,2028-06-20,2026-06-29
HOSP-BG-018,MED-036,BATCH-0211056,100,2026-04-12,2028-04-11,2026-06-29
HOSP-BG-018,MED-037,BATCH-0223956,10,2026-06-28,2029-06-27,2026-06-29
HOSP-BG-018,MED-038,BATCH-0222571,1,2026-06-21,2028-06-20,2026-06-29
HOSP-BG-018,MED-039,BATCH-0222572,16,2026-06-21,2029-06-20,2026-06-29
HOSP-BG-018,MED-040,BATCH-0221253,12,2026-06-14,2029-06-13,2026-06-29
HOSP-BG-018,MED-041,BATCH-0216396,4,2026-05-17,2028-05-16,2026-06-29
HOSP-BG-018,MED-042,BATCH-0199968,3,2026-02-02,2028-02-02,2026-06-29
HOSP-BG-018,MED-042,BATCH-0215300,5,2026-05-09,2028-05-08,2026-06-29
HOSP-BG-018,MED-043,BATCH-0204556,5,2026-03-02,2028-03-01,2026-06-29
HOSP-BG-018,MED-044,BATCH-0187214,3,2025-11-16,2027-11-16,2026-06-29
HOSP-BG-018,MED-044,BATCH-0221254,5,2026-06-15,2028-06-14,2026-06-29
HOSP-BG-018,MED-045,BATCH-0221255,32,2026-06-15,2028-06-14,2026-06-29
HOSP-BG-018,MED-046,BATCH-0204557,6,2026-03-02,2027-08-31,2026-06-29
HOSP-BG-018,MED-047,BATCH-0222573,61,2026-06-20,2029-06-19,2026-06-29
HOSP-BG-018,MED-048,BATCH-0223957,3,2026-06-27,2028-06-26,2026-06-29
HOSP-BG-018,MED-049,BATCH-0205635,78,2026-03-08,2028-03-07,2026-06-29
HOSP-BG-018,MED-049,BATCH-0223958,300,2026-06-27,2028-06-26,2026-06-29
HOSP-BG-018,MED-050,BATCH-0219897,6,2026-06-06,2028-06-05,2026-06-29
HOSP-BG-018,MED-051,BATCH-0223959,18,2026-06-28,2028-06-27,2026-06-29
HOSP-BG-018,MED-052,BATCH-0223960,20,2026-06-27,2028-06-26,2026-06-29
HOSP-BG-018,MED-053,BATCH-0217484,9,2026-05-25,2028-05-24,2026-06-29
HOSP-BG-018,MED-054,BATCH-0223961,8,2026-06-27,2028-06-26,2026-06-29
HOSP-BG-018,MED-055,BATCH-0212144,11,2026-04-18,2029-04-17,2026-06-29
HOSP-BG-018,MED-056,BATCH-0221258,9,2026-06-15,2029-06-14,2026-06-29
HOSP-BG-018,MED-057,BATCH-0221259,6,2026-06-13,2028-06-12,2026-06-29
HOSP-BG-018,MED-057,BATCH-0223962,15,2026-06-29,2028-06-28,2026-06-29
HOSP-BG-018,MED-058,BATCH-0223963,8,2026-06-29,2028-06-28,2026-06-29
HOSP-BG-018,MED-059,BATCH-0223964,9,2026-06-27,2028-06-26,2026-06-29
HOSP-BG-018,MED-060,BATCH-0208956,4,2026-03-28,2028-03-27,2026-06-29
HOSP-BG-018,MED-061,BATCH-0222576,16,2026-06-20,2028-06-19,2026-06-29
HOSP-BG-018,MED-062,BATCH-0208957,5,2026-03-29,2029-03-28,2026-06-29
HOSP-BG-018,MED-062,BATCH-0223965,30,2026-06-28,2029-06-27,2026-06-29
HOSP-BG-018,MED-063,BATCH-0216400,4,2026-05-16,2028-05-15,2026-06-29
HOSP-BG-018,MED-064,BATCH-0222577,5,2026-06-21,2031-06-21,2026-06-29
HOSP-BG-018,MED-065,BATCH-0219901,2,2026-06-06,2026-07-06,2026-06-29
HOSP-BG-018,MED-066,BATCH-0222578,2,2026-06-21,2026-07-21,2026-06-29
HOSP-BG-018,MED-067,BATCH-0222579,6,2026-06-22,2029-06-21,2026-06-29
HOSP-BG-018,MED-068,BATCH-0222580,4,2026-06-20,2029-06-19,2026-06-29
HOSP-BG-018,MED-069,BATCH-0218580,2,2026-06-01,2029-05-31,2026-06-29
HOSP-BG-018,MED-069,BATCH-0221261,5,2026-06-13,2029-06-12,2026-06-29
HOSP-BG-018,MED-070,BATCH-0191619,121,2025-12-14,2027-12-14,2026-06-29
HOSP-BG-018,MED-070,BATCH-0222581,150,2026-06-22,2028-06-21,2026-06-29
HOSP-BG-018,MED-071,BATCH-0216405,8,2026-05-16,2028-05-15,2026-06-29
HOSP-BG-018,MED-071,BATCH-0223966,10,2026-06-29,2028-06-28,2026-06-29
HOSP-BG-018,MED-072,BATCH-0221262,1,2026-06-14,2028-06-13,2026-06-29
HOSP-BG-019,MED-002,BATCH-0222583,96,2026-06-22,2028-06-21,2026-06-29
HOSP-BG-019,MED-003,BATCH-0221264,135,2026-06-13,2029-06-12,2026-06-29
HOSP-BG-019,MED-004,BATCH-0223967,171,2026-06-27,2028-06-26,2026-06-29
HOSP-BG-019,MED-005,BATCH-0222584,139,2026-06-22,2028-06-21,2026-06-29
HOSP-BG-019,MED-006,BATCH-0222585,132,2026-06-20,2028-06-19,2026-06-29
HOSP-BG-019,MED-007,BATCH-0222586,173,2026-06-20,2028-06-19,2026-06-29
HOSP-BG-019,MED-008,BATCH-0222587,169,2026-06-20,2029-06-19,2026-06-29
HOSP-BG-019,MED-009,BATCH-0222588,75,2026-06-22,2028-06-21,2026-06-29
HOSP-BG-019,MED-009,BATCH-0223968,314,2026-06-28,2028-06-27,2026-06-29
HOSP-BG-019,MED-013,BATCH-0221269,73,2026-06-14,2028-06-13,2026-06-29
HOSP-BG-019,MED-013,BATCH-0223969,316,2026-06-28,2028-06-27,2026-06-29
HOSP-BG-019,MED-014,BATCH-0223970,280,2026-06-28,2028-06-27,2026-06-29
HOSP-BG-019,MED-015,BATCH-0222591,127,2026-06-21,2028-06-20,2026-06-29
HOSP-BG-019,MED-016,BATCH-0221272,46,2026-06-14,2028-06-13,2026-06-29
HOSP-BG-019,MED-017,BATCH-0214203,196,2026-05-04,2029-05-03,2026-06-29
HOSP-BG-019,MED-018,BATCH-0223971,107,2026-06-27,2028-06-26,2026-06-29
HOSP-BG-019,MED-019,BATCH-0222592,61,2026-06-21,2028-06-20,2026-06-29
HOSP-BG-019,MED-020,BATCH-0222593,61,2026-06-21,2028-06-20,2026-06-29
HOSP-BG-019,MED-021,BATCH-0222594,450,2026-06-20,2029-06-19,2026-06-29
HOSP-BG-019,MED-022,BATCH-0222595,181,2026-06-22,2029-06-21,2026-06-29
HOSP-BG-019,MED-023,BATCH-0221274,100,2026-06-13,2029-06-12,2026-06-29
HOSP-BG-019,MED-023,BATCH-0223972,1000,2026-06-27,2029-06-26,2026-06-29
HOSP-BG-019,MED-024,BATCH-0222596,11,2026-06-22,2028-06-21,2026-06-29
HOSP-BG-019,MED-025,BATCH-0221275,240,2026-06-13,2029-06-12,2026-06-29
HOSP-BG-019,MED-026,BATCH-0222597,346,2026-06-20,2029-06-19,2026-06-29
HOSP-BG-019,MED-027,BATCH-0222598,218,2026-06-20,2029-06-19,2026-06-29
HOSP-BG-019,MED-028,BATCH-0223973,288,2026-06-29,2029-06-28,2026-06-29
HOSP-BG-019,MED-029,BATCH-0223974,56,2026-06-27,2029-06-26,2026-06-29
HOSP-BG-019,MED-030,BATCH-0222599,67,2026-06-21,2029-06-20,2026-06-29
HOSP-BG-019,MED-031,BATCH-0223975,1186,2026-06-29,2031-06-29,2026-06-29
HOSP-BG-019,MED-032,BATCH-0221279,22,2026-06-15,2031-06-15,2026-06-29
HOSP-BG-019,MED-032,BATCH-0223976,1200,2026-06-27,2031-06-27,2026-06-29
HOSP-BG-019,MED-033,BATCH-0222600,310,2026-06-22,2031-06-22,2026-06-29
HOSP-BG-019,MED-034,BATCH-0222601,54,2026-06-20,2028-06-19,2026-06-29
HOSP-BG-019,MED-035,BATCH-0222602,18,2026-06-20,2028-06-19,2026-06-29
HOSP-BG-019,MED-035,BATCH-0223977,36,2026-06-27,2028-06-26,2026-06-29
HOSP-BG-019,MED-036,BATCH-0222603,249,2026-06-22,2028-06-21,2026-06-29
HOSP-BG-019,MED-037,BATCH-0222604,119,2026-06-22,2029-06-21,2026-06-29
HOSP-BG-019,MED-038,BATCH-0222605,44,2026-06-20,2028-06-19,2026-06-29
HOSP-BG-019,MED-039,BATCH-0223978,90,2026-06-27,2029-06-26,2026-06-29
HOSP-BG-019,MED-040,BATCH-0223979,55,2026-06-27,2029-06-26,2026-06-29
HOSP-BG-019,MED-041,BATCH-0222606,8,2026-06-21,2028-06-20,2026-06-29
HOSP-BG-019,MED-043,BATCH-0222608,6,2026-06-20,2028-06-19,2026-06-29
HOSP-BG-019,MED-044,BATCH-0221283,4,2026-06-14,2028-06-13,2026-06-29
HOSP-BG-019,MED-044,BATCH-0223980,9,2026-06-27,2028-06-26,2026-06-29
HOSP-BG-019,MED-045,BATCH-0223981,80,2026-06-27,2028-06-26,2026-06-29
HOSP-BG-019,MED-046,BATCH-0217506,1,2026-05-24,2027-11-22,2026-06-29
HOSP-BG-019,MED-046,BATCH-0222609,6,2026-06-20,2027-12-19,2026-06-29
HOSP-BG-019,MED-047,BATCH-0223982,285,2026-06-27,2029-06-26,2026-06-29
HOSP-BG-019,MED-048,BATCH-0222610,62,2026-06-21,2028-06-20,2026-06-29
HOSP-BG-019,MED-049,BATCH-0222611,12,2026-06-20,2028-06-19,2026-06-29
HOSP-BG-019,MED-050,BATCH-0222612,102,2026-06-22,2028-06-21,2026-06-29
HOSP-BG-019,MED-051,BATCH-0222613,54,2026-06-21,2028-06-20,2026-06-29
HOSP-BG-019,MED-052,BATCH-0222614,73,2026-06-21,2028-06-20,2026-06-29
HOSP-BG-019,MED-052,BATCH-0223983,215,2026-06-28,2028-06-27,2026-06-29
HOSP-BG-019,MED-053,BATCH-0223984,218,2026-06-28,2028-06-27,2026-06-29
HOSP-BG-019,MED-054,BATCH-0222615,41,2026-06-21,2028-06-20,2026-06-29
HOSP-BG-019,MED-055,BATCH-0223985,58,2026-06-28,2029-06-27,2026-06-29
HOSP-BG-019,MED-056,BATCH-0221289,20,2026-06-14,2029-06-13,2026-06-29
HOSP-BG-019,MED-057,BATCH-0222616,6,2026-06-20,2028-06-19,2026-06-29
HOSP-BG-019,MED-057,BATCH-0223986,51,2026-06-29,2028-06-28,2026-06-29
HOSP-BG-019,MED-058,BATCH-0222617,24,2026-06-20,2028-06-19,2026-06-29
HOSP-BG-019,MED-059,BATCH-0222618,9,2026-06-21,2028-06-20,2026-06-29
HOSP-BG-019,MED-060,BATCH-0222619,16,2026-06-21,2028-06-20,2026-06-29
HOSP-BG-019,MED-061,BATCH-0223987,66,2026-06-28,2028-06-27,2026-06-29
HOSP-BG-019,MED-062,BATCH-0222620,22,2026-06-21,2029-06-20,2026-06-29
HOSP-BG-019,MED-063,BATCH-0223988,19,2026-06-29,2028-06-28,2026-06-29
HOSP-BG-019,MED-064,BATCH-0222621,115,2026-06-22,2031-06-22,2026-06-29
HOSP-BG-019,MED-065,BATCH-0221292,7,2026-06-13,2026-07-13,2026-06-29
HOSP-BG-019,MED-066,BATCH-0222622,15,2026-06-20,2026-07-20,2026-06-29
HOSP-BG-019,MED-067,BATCH-0222623,71,2026-06-20,2029-06-19,2026-06-29
HOSP-BG-019,MED-067,BATCH-0223989,117,2026-06-28,2029-06-27,2026-06-29
HOSP-BG-019,MED-068,BATCH-0223990,45,2026-06-27,2029-06-26,2026-06-29
HOSP-BG-019,MED-069,BATCH-0223991,79,2026-06-29,2029-06-28,2026-06-29
HOSP-BG-019,MED-070,BATCH-0219942,67,2026-06-07,2028-06-06,2026-06-29
HOSP-BG-019,MED-070,BATCH-0223992,150,2026-06-27,2028-06-26,2026-06-29
HOSP-BG-019,MED-071,BATCH-0222624,28,2026-06-22,2028-06-21,2026-06-29
HOSP-BG-019,MED-072,BATCH-0222625,39,2026-06-20,2028-06-19,2026-06-29
HOSP-BG-019,MED-072,BATCH-0223993,83,2026-06-28,2028-06-27,2026-06-29
HOSP-KP-001,MED-001,BATCH-0223994,3666,2026-06-28,2029-06-27,2026-06-29
HOSP-KP-001,MED-002,BATCH-0223995,952,2026-06-27,2028-06-26,2026-06-29
HOSP-KP-001,MED-003,BATCH-0223996,1788,2026-06-29,2029-06-28,2026-06-29
HOSP-KP-001,MED-004,BATCH-0223997,497,2026-06-29,2028-06-28,2026-06-29
HOSP-KP-001,MED-005,BATCH-0223998,1785,2026-06-28,2028-06-27,2026-06-29
HOSP-KP-001,MED-006,BATCH-0223999,485,2026-06-27,2028-06-26,2026-06-29
HOSP-KP-001,MED-007,BATCH-0224000,717,2026-06-28,2028-06-27,2026-06-29
HOSP-KP-001,MED-008,BATCH-0222626,129,2026-06-20,2029-06-19,2026-06-29
HOSP-KP-001,MED-009,BATCH-0224001,708,2026-06-28,2028-06-27,2026-06-29
HOSP-KP-001,MED-010,BATCH-0224002,705,2026-06-27,2029-06-26,2026-06-29
HOSP-KP-001,MED-011,BATCH-0224003,1928,2026-06-28,2029-06-27,2026-06-29
HOSP-KP-001,MED-012,BATCH-0224424,60,2026-04-13,2029-04-12,2026-06-29
HOSP-KP-001,MED-013,BATCH-0222629,12,2026-06-22,2028-06-21,2026-06-29
HOSP-KP-001,MED-013,BATCH-0224004,982,2026-06-29,2028-06-28,2026-06-29
HOSP-KP-001,MED-014,BATCH-0224005,1836,2026-06-28,2028-06-27,2026-06-29
HOSP-KP-001,MED-015,BATCH-0222630,200,2026-06-21,2028-06-20,2026-06-29
HOSP-KP-001,MED-016,BATCH-0221307,15,2026-06-14,2028-06-13,2026-06-29
HOSP-KP-001,MED-016,BATCH-0224006,360,2026-06-29,2028-06-28,2026-06-29
HOSP-KP-001,MED-017,BATCH-0224007,299,2026-06-29,2029-06-28,2026-06-29
HOSP-KP-001,MED-018,BATCH-0224008,459,2026-06-29,2028-06-28,2026-06-29
HOSP-KP-001,MED-019,BATCH-0224009,365,2026-06-28,2028-06-27,2026-06-29
HOSP-KP-001,MED-020,BATCH-0222632,41,2026-06-21,2028-06-20,2026-06-29
HOSP-KP-001,MED-020,BATCH-0224010,419,2026-06-29,2028-06-28,2026-06-29
HOSP-KP-001,MED-021,BATCH-0221310,403,2026-06-15,2029-06-14,2026-06-29
HOSP-KP-001,MED-022,BATCH-0222633,821,2026-06-22,2029-06-21,2026-06-29
HOSP-KP-001,MED-023,BATCH-0222634,924,2026-06-22,2029-06-21,2026-06-29
HOSP-KP-001,MED-024,BATCH-0222635,44,2026-06-21,2028-06-20,2026-06-29
HOSP-KP-001,MED-025,BATCH-0222636,470,2026-06-22,2029-06-21,2026-06-29
HOSP-KP-001,MED-026,BATCH-0222637,716,2026-06-22,2029-06-21,2026-06-29
HOSP-KP-001,MED-027,BATCH-0224425,80,2026-05-09,2029-05-08,2026-06-29
HOSP-KP-001,MED-028,BATCH-0222639,38,2026-06-22,2029-06-21,2026-06-29
HOSP-KP-001,MED-030,BATCH-0224011,617,2026-06-28,2029-06-27,2026-06-29
HOSP-KP-001,MED-031,BATCH-0221314,458,2026-06-15,2031-06-15,2026-06-29
HOSP-KP-001,MED-031,BATCH-0224012,2650,2026-06-28,2031-06-28,2026-06-29
HOSP-KP-001,MED-032,BATCH-0222640,816,2026-06-21,2031-06-21,2026-06-29
HOSP-KP-001,MED-033,BATCH-0222641,433,2026-06-22,2031-06-22,2026-06-29
HOSP-KP-001,MED-034,BATCH-0222642,166,2026-06-20,2028-06-19,2026-06-29
HOSP-KP-001,MED-035,BATCH-0222643,67,2026-06-22,2028-06-21,2026-06-29
HOSP-KP-001,MED-036,BATCH-0224013,1674,2026-06-27,2028-06-26,2026-06-29
HOSP-KP-001,MED-037,BATCH-0221317,85,2026-06-14,2029-06-13,2026-06-29
HOSP-KP-001,MED-037,BATCH-0224014,401,2026-06-29,2029-06-28,2026-06-29
HOSP-KP-001,MED-038,BATCH-0222644,239,2026-06-22,2028-06-21,2026-06-29
HOSP-KP-001,MED-039,BATCH-0224426,20,2026-06-07,2029-06-06,2026-06-29
HOSP-KP-001,MED-040,BATCH-0224015,181,2026-06-28,2029-06-27,2026-06-29
HOSP-KP-001,MED-041,BATCH-0222645,4,2026-06-22,2028-06-21,2026-06-29
HOSP-KP-001,MED-042,BATCH-0224016,29,2026-06-29,2028-06-28,2026-06-29
HOSP-KP-001,MED-043,BATCH-0222646,10,2026-06-20,2028-06-19,2026-06-29
HOSP-KP-001,MED-043,BATCH-0224017,17,2026-06-27,2028-06-26,2026-06-29
HOSP-KP-001,MED-044,BATCH-0224018,15,2026-06-28,2028-06-27,2026-06-29
HOSP-KP-001,MED-045,BATCH-0224019,129,2026-06-27,2028-06-26,2026-06-29
HOSP-KP-001,MED-046,BATCH-0221322,10,2026-06-14,2027-12-13,2026-06-29
HOSP-KP-001,MED-046,BATCH-0224020,13,2026-06-27,2027-12-26,2026-06-29
HOSP-KP-001,MED-048,BATCH-0224021,248,2026-06-28,2028-06-27,2026-06-29
HOSP-KP-001,MED-049,BATCH-0224022,562,2026-06-27,2028-06-26,2026-06-29
HOSP-KP-001,MED-051,BATCH-0222649,93,2026-06-20,2028-06-19,2026-06-29
HOSP-KP-001,MED-052,BATCH-0222650,144,2026-06-21,2028-06-20,2026-06-29
HOSP-KP-001,MED-053,BATCH-0222651,77,2026-06-22,2028-06-21,2026-06-29
HOSP-KP-001,MED-054,BATCH-0224023,195,2026-06-29,2028-06-28,2026-06-29
HOSP-KP-001,MED-055,BATCH-0224024,139,2026-06-29,2029-06-28,2026-06-29
HOSP-KP-001,MED-056,BATCH-0222652,58,2026-06-21,2029-06-20,2026-06-29
HOSP-KP-001,MED-057,BATCH-0224025,108,2026-06-29,2028-06-28,2026-06-29
HOSP-KP-001,MED-058,BATCH-0222653,40,2026-06-22,2028-06-21,2026-06-29
HOSP-KP-001,MED-059,BATCH-0222654,31,2026-06-22,2028-06-21,2026-06-29
HOSP-KP-001,MED-060,BATCH-0224026,26,2026-06-28,2028-06-27,2026-06-29
HOSP-KP-001,MED-061,BATCH-0224027,97,2026-06-27,2028-06-26,2026-06-29
HOSP-KP-001,MED-062,BATCH-0224427,6,2026-06-14,2029-06-13,2026-06-29
HOSP-KP-001,MED-063,BATCH-0222656,30,2026-06-22,2028-06-21,2026-06-29
HOSP-KP-001,MED-064,BATCH-0224028,612,2026-06-28,2031-06-28,2026-06-29
HOSP-KP-001,MED-065,BATCH-0222657,103,2026-06-20,2026-07-20,2026-06-29
HOSP-KP-001,MED-066,BATCH-0224029,114,2026-06-27,2026-07-27,2026-06-29
HOSP-KP-001,MED-067,BATCH-0221335,7,2026-06-15,2029-06-14,2026-06-29
HOSP-KP-001,MED-067,BATCH-0224030,385,2026-06-28,2029-06-27,2026-06-29
HOSP-KP-001,MED-068,BATCH-0222658,61,2026-06-21,2029-06-20,2026-06-29
HOSP-KP-001,MED-070,BATCH-0222660,346,2026-06-21,2028-06-20,2026-06-29
HOSP-KP-001,MED-071,BATCH-0224031,94,2026-06-29,2028-06-28,2026-06-29
HOSP-KP-001,MED-072,BATCH-0222661,74,2026-06-20,2028-06-19,2026-06-29
HOSP-KP-001,MED-072,BATCH-0224032,182,2026-06-29,2028-06-28,2026-06-29
HOSP-KP-003,MED-001,BATCH-0223076,335,2026-06-22,2029-06-21,2026-06-29
HOSP-KP-003,MED-002,BATCH-0223077,57,2026-06-22,2028-06-21,2026-06-29
HOSP-KP-003,MED-002,BATCH-0224428,70,2026-06-29,2028-06-28,2026-06-29
HOSP-KP-003,MED-003,BATCH-0223078,360,2026-06-22,2029-06-21,2026-06-29
HOSP-KP-003,MED-004,BATCH-0223079,63,2026-06-22,2028-06-21,2026-06-29
HOSP-KP-003,MED-005,BATCH-0221728,189,2026-06-15,2028-06-14,2026-06-29
HOSP-KP-003,MED-005,BATCH-0224429,300,2026-06-29,2028-06-28,2026-06-29
HOSP-KP-003,MED-006,BATCH-0223080,50,2026-06-22,2028-06-21,2026-06-29
HOSP-KP-003,MED-006,BATCH-0224430,80,2026-06-29,2028-06-28,2026-06-29
HOSP-KP-003,MED-007,BATCH-0220394,36,2026-06-08,2028-06-07,2026-06-29
HOSP-KP-003,MED-007,BATCH-0223081,66,2026-06-22,2028-06-21,2026-06-29
HOSP-KP-003,MED-008,BATCH-0223082,113,2026-06-22,2029-06-21,2026-06-29
HOSP-KP-003,MED-009,BATCH-0224431,126,2026-06-29,2028-06-28,2026-06-29
HOSP-KP-003,MED-010,BATCH-0221731,113,2026-06-15,2029-06-14,2026-06-29
HOSP-KP-003,MED-011,BATCH-0224432,400,2026-06-29,2029-06-28,2026-06-29
HOSP-KP-003,MED-012,BATCH-0223083,180,2026-06-22,2029-06-21,2026-06-29
HOSP-KP-003,MED-013,BATCH-0223084,85,2026-06-22,2028-06-21,2026-06-29
HOSP-KP-003,MED-013,BATCH-0224433,120,2026-06-29,2028-06-28,2026-06-29
HOSP-KP-003,MED-014,BATCH-0224434,208,2026-06-29,2028-06-28,2026-06-29
HOSP-KP-003,MED-015,BATCH-0223085,110,2026-06-22,2028-06-21,2026-06-29
HOSP-KP-003,MED-016,BATCH-0224435,72,2026-06-29,2028-06-28,2026-06-29
HOSP-KP-003,MED-017,BATCH-0197960,70,2026-01-19,2029-01-18,2026-06-29
HOSP-KP-003,MED-017,BATCH-0221737,300,2026-06-15,2029-06-14,2026-06-29
HOSP-KP-003,MED-018,BATCH-0221738,9,2026-06-15,2028-06-14,2026-06-29
HOSP-KP-003,MED-018,BATCH-0223086,38,2026-06-22,2028-06-21,2026-06-29
HOSP-KP-003,MED-019,BATCH-0223087,73,2026-06-22,2028-06-21,2026-06-29
HOSP-KP-003,MED-020,BATCH-0223088,46,2026-06-22,2028-06-21,2026-06-29
HOSP-KP-003,MED-021,BATCH-0223089,190,2026-06-22,2029-06-21,2026-06-29
HOSP-KP-003,MED-022,BATCH-0218996,90,2026-06-01,2029-05-31,2026-06-29
HOSP-KP-003,MED-022,BATCH-0223090,300,2026-06-22,2029-06-21,2026-06-29
HOSP-KP-003,MED-023,BATCH-0220404,142,2026-06-08,2029-06-07,2026-06-29
HOSP-KP-003,MED-023,BATCH-0224436,400,2026-06-29,2029-06-28,2026-06-29
HOSP-KP-003,MED-024,BATCH-0221740,4,2026-06-15,2028-06-14,2026-06-29
HOSP-KP-003,MED-024,BATCH-0223091,21,2026-06-22,2028-06-21,2026-06-29
HOSP-KP-003,MED-025,BATCH-0223092,151,2026-06-22,2029-06-21,2026-06-29
HOSP-KP-003,MED-026,BATCH-0223093,180,2026-06-22,2029-06-21,2026-06-29
HOSP-KP-003,MED-027,BATCH-0221741,156,2026-06-15,2029-06-14,2026-06-29
HOSP-KP-003,MED-027,BATCH-0224437,400,2026-06-29,2029-06-28,2026-06-29
HOSP-KP-003,MED-028,BATCH-0221742,15,2026-06-15,2029-06-14,2026-06-29
HOSP-KP-003,MED-028,BATCH-0224438,100,2026-06-29,2029-06-28,2026-06-29
HOSP-KP-003,MED-029,BATCH-0223094,180,2026-06-22,2029-06-21,2026-06-29
HOSP-KP-003,MED-030,BATCH-0221743,10,2026-06-15,2029-06-14,2026-06-29
HOSP-KP-003,MED-030,BATCH-0224439,76,2026-06-29,2029-06-28,2026-06-29
HOSP-KP-003,MED-031,BATCH-0223095,375,2026-06-22,2031-06-22,2026-06-29
HOSP-KP-003,MED-032,BATCH-0221744,154,2026-06-15,2031-06-15,2026-06-29
HOSP-KP-003,MED-032,BATCH-0224440,600,2026-06-29,2031-06-29,2026-06-29
HOSP-KP-003,MED-033,BATCH-0219002,67,2026-06-01,2031-06-01,2026-06-29
HOSP-KP-003,MED-033,BATCH-0223096,150,2026-06-22,2031-06-22,2026-06-29
HOSP-KP-003,MED-034,BATCH-0223097,1,2026-05-01,2028-04-30,2026-06-29
HOSP-KP-003,MED-034,BATCH-0224441,50,2026-06-29,2028-06-28,2026-06-29
HOSP-KP-003,MED-035,BATCH-0223098,10,2026-06-22,2028-06-21,2026-06-29
HOSP-KP-003,MED-036,BATCH-0224442,133,2026-04-28,2028-04-27,2026-06-29
HOSP-KP-003,MED-037,BATCH-0221746,16,2026-06-15,2029-06-14,2026-06-29
HOSP-KP-003,MED-037,BATCH-0224443,41,2026-06-29,2029-06-28,2026-06-29
HOSP-KP-003,MED-038,BATCH-0223099,58,2026-06-22,2028-06-21,2026-06-29
HOSP-KP-003,MED-039,BATCH-0220413,12,2026-06-08,2029-06-07,2026-06-29
HOSP-KP-003,MED-039,BATCH-0223100,50,2026-06-22,2029-06-21,2026-06-29
HOSP-KP-003,MED-040,BATCH-0223101,25,2026-06-22,2029-06-21,2026-06-29
HOSP-KP-003,MED-041,BATCH-0223102,6,2026-06-22,2028-06-21,2026-06-29
HOSP-KP-003,MED-042,BATCH-0216806,3,2026-05-18,2028-05-17,2026-06-29
HOSP-KP-003,MED-042,BATCH-0224444,6,2026-06-29,2028-06-28,2026-06-29
HOSP-KP-003,MED-043,BATCH-0208241,1,2026-03-23,2028-03-22,2026-06-29
HOSP-KP-003,MED-043,BATCH-0220415,5,2026-06-08,2028-06-07,2026-06-29
HOSP-KP-003,MED-044,BATCH-0219006,6,2026-06-01,2028-05-31,2026-06-29
HOSP-KP-003,MED-045,BATCH-0216807,13,2026-05-18,2028-05-17,2026-06-29
HOSP-KP-003,MED-045,BATCH-0223103,40,2026-06-22,2028-06-21,2026-06-29
HOSP-KP-003,MED-046,BATCH-0212548,1,2026-04-20,2027-10-19,2026-06-29
HOSP-KP-003,MED-046,BATCH-0214595,5,2026-05-04,2027-11-02,2026-06-29
HOSP-KP-003,MED-047,BATCH-0221747,46,2026-06-15,2029-06-14,2026-06-29
HOSP-KP-003,MED-047,BATCH-0224445,200,2026-06-29,2029-06-28,2026-06-29
HOSP-KP-003,MED-048,BATCH-0221748,6,2026-06-15,2028-06-14,2026-06-29
HOSP-KP-003,MED-048,BATCH-0224446,49,2026-06-29,2028-06-28,2026-06-29
HOSP-KP-003,MED-049,BATCH-0213544,85,2026-04-27,2028-04-26,2026-06-29
HOSP-KP-003,MED-049,BATCH-0224447,300,2026-06-29,2028-06-28,2026-06-29
HOSP-KP-003,MED-050,BATCH-0223104,25,2026-06-22,2028-06-21,2026-06-29
HOSP-KP-003,MED-050,BATCH-0224448,30,2026-06-29,2028-06-28,2026-06-29
HOSP-KP-003,MED-051,BATCH-0219009,5,2026-06-01,2028-05-31,2026-06-29
HOSP-KP-003,MED-051,BATCH-0223105,40,2026-06-22,2028-06-21,2026-06-29
HOSP-KP-003,MED-052,BATCH-0223106,48,2026-06-22,2028-06-21,2026-06-29
HOSP-KP-003,MED-052,BATCH-0224449,72,2026-06-29,2028-06-28,2026-06-29
HOSP-KP-003,MED-053,BATCH-0223107,50,2026-06-22,2028-06-21,2026-06-29
HOSP-KP-003,MED-054,BATCH-0221749,13,2026-06-15,2028-06-14,2026-06-29
HOSP-KP-003,MED-054,BATCH-0224450,44,2026-06-29,2028-06-28,2026-06-29
HOSP-KP-003,MED-055,BATCH-0223108,34,2026-06-22,2029-06-21,2026-06-29
HOSP-KP-003,MED-056,BATCH-0220419,2,2026-06-08,2029-06-07,2026-06-29
HOSP-KP-003,MED-056,BATCH-0223109,20,2026-06-22,2029-06-21,2026-06-29
HOSP-KP-003,MED-057,BATCH-0223110,6,2026-06-22,2028-06-21,2026-06-29
HOSP-KP-003,MED-057,BATCH-0224451,13,2026-06-29,2028-06-28,2026-06-29
HOSP-KP-003,MED-058,BATCH-0220420,2,2026-06-08,2028-06-07,2026-06-29
HOSP-KP-003,MED-058,BATCH-0223111,12,2026-06-22,2028-06-21,2026-06-29
HOSP-KP-003,MED-059,BATCH-0223112,3,2026-06-22,2028-06-21,2026-06-29
HOSP-KP-003,MED-059,BATCH-0224452,13,2026-06-29,2028-06-28,2026-06-29
HOSP-KP-003,MED-060,BATCH-0220421,4,2026-06-08,2028-06-07,2026-06-29
HOSP-KP-003,MED-060,BATCH-0223113,6,2026-06-22,2028-06-21,2026-06-29
HOSP-KP-003,MED-061,BATCH-0223114,16,2026-06-22,2028-06-21,2026-06-29
HOSP-KP-003,MED-062,BATCH-0219016,4,2026-06-01,2029-05-31,2026-06-29
HOSP-KP-003,MED-062,BATCH-0224453,30,2026-06-29,2029-06-28,2026-06-29
HOSP-KP-003,MED-063,BATCH-0221752,7,2026-06-15,2028-06-14,2026-06-29
HOSP-KP-003,MED-064,BATCH-0223115,79,2026-06-22,2031-06-22,2026-06-29
HOSP-KP-003,MED-065,BATCH-0223116,16,2026-06-22,2026-07-22,2026-06-29
HOSP-KP-003,MED-066,BATCH-0224454,18,2026-06-29,2026-07-29,2026-06-29
HOSP-KP-003,MED-067,BATCH-0221754,18,2026-06-15,2029-06-14,2026-06-29
HOSP-KP-003,MED-067,BATCH-0224455,48,2026-06-29,2029-06-28,2026-06-29
HOSP-KP-003,MED-068,BATCH-0220428,1,2026-06-08,2029-06-07,2026-06-29
HOSP-KP-003,MED-068,BATCH-0223117,15,2026-06-22,2029-06-21,2026-06-29
HOSP-KP-003,MED-069,BATCH-0221755,12,2026-06-15,2029-06-14,2026-06-29
HOSP-KP-003,MED-069,BATCH-0224456,15,2026-06-29,2029-06-28,2026-06-29
HOSP-KP-003,MED-070,BATCH-0212559,99,2026-04-20,2028-04-19,2026-06-29
HOSP-KP-003,MED-070,BATCH-0223118,150,2026-06-22,2028-06-21,2026-06-29
HOSP-KP-003,MED-071,BATCH-0223119,2,2026-06-22,2028-06-21,2026-06-29
HOSP-KP-003,MED-071,BATCH-0224457,20,2026-06-29,2028-06-28,2026-06-29
HOSP-KP-003,MED-072,BATCH-0223120,14,2026-06-22,2028-06-21,2026-06-29
HOSP-KP-003,MED-072,BATCH-0224458,18,2026-06-29,2028-06-28,2026-06-29
HOSP-KP-004,MED-001,BATCH-0219986,66,2026-06-07,2029-06-06,2026-06-29
HOSP-KP-004,MED-002,BATCH-0222662,1,2026-06-21,2028-06-20,2026-06-29
HOSP-KP-004,MED-002,BATCH-0224033,9,2026-06-28,2028-06-27,2026-06-29
HOSP-KP-004,MED-003,BATCH-0210092,78,2026-04-06,2029-04-05,2026-06-29
HOSP-KP-004,MED-003,BATCH-0224034,200,2026-06-29,2029-06-28,2026-06-29
HOSP-KP-004,MED-004,BATCH-0224035,18,2026-06-29,2028-06-28,2026-06-29
HOSP-KP-004,MED-005,BATCH-0203487,49,2026-02-23,2028-02-23,2026-06-29
HOSP-KP-004,MED-005,BATCH-0222663,200,2026-06-21,2028-06-20,2026-06-29
HOSP-KP-004,MED-006,BATCH-0217550,23,2026-05-24,2028-05-23,2026-06-29
HOSP-KP-004,MED-007,BATCH-0221340,7,2026-06-14,2028-06-13,2026-06-29
HOSP-KP-004,MED-008,BATCH-0219988,11,2026-06-08,2029-06-07,2026-06-29
HOSP-KP-004,MED-010,BATCH-0207915,111,2026-03-21,2029-03-20,2026-06-29
HOSP-KP-004,MED-011,BATCH-0222665,46,2026-06-20,2029-06-19,2026-06-29
HOSP-KP-004,MED-012,BATCH-0222666,166,2026-06-21,2029-06-20,2026-06-29
HOSP-KP-004,MED-013,BATCH-0222667,4,2026-06-20,2028-06-19,2026-06-29
HOSP-KP-004,MED-013,BATCH-0224036,12,2026-06-28,2028-06-27,2026-06-29
HOSP-KP-004,MED-014,BATCH-0222668,2,2026-06-22,2028-06-21,2026-06-29
HOSP-KP-004,MED-015,BATCH-0224037,12,2026-06-29,2028-06-28,2026-06-29
HOSP-KP-004,MED-016,BATCH-0214269,26,2026-05-02,2028-05-01,2026-06-29
HOSP-KP-004,MED-017,BATCH-0104305,100,2024-08-05,2027-08-05,2026-06-29
HOSP-KP-004,MED-018,BATCH-0224038,3,2026-06-29,2028-06-28,2026-06-29
HOSP-KP-004,MED-019,BATCH-0221344,2,2026-06-15,2028-06-14,2026-06-29
HOSP-KP-004,MED-020,BATCH-0222671,3,2026-06-20,2028-06-19,2026-06-29
HOSP-KP-004,MED-021,BATCH-0216472,109,2026-05-17,2029-05-16,2026-06-29
HOSP-KP-004,MED-022,BATCH-0212221,151,2026-04-18,2029-04-17,2026-06-29
HOSP-KP-004,MED-023,BATCH-0215373,83,2026-05-10,2029-05-09,2026-06-29
HOSP-KP-004,MED-023,BATCH-0224039,200,2026-06-29,2029-06-28,2026-06-29
HOSP-KP-004,MED-024,BATCH-0221345,2,2026-06-15,2028-06-14,2026-06-29
HOSP-KP-004,MED-024,BATCH-0224040,6,2026-06-29,2028-06-28,2026-06-29
HOSP-KP-004,MED-025,BATCH-0209026,167,2026-03-28,2029-03-27,2026-06-29
HOSP-KP-004,MED-026,BATCH-0219994,115,2026-06-06,2029-06-05,2026-06-29
HOSP-KP-004,MED-027,BATCH-0215374,128,2026-05-10,2029-05-09,2026-06-29
HOSP-KP-004,MED-028,BATCH-0222672,15,2026-06-21,2029-06-20,2026-06-29
HOSP-KP-004,MED-029,BATCH-0221346,163,2026-06-13,2029-06-12,2026-06-29
HOSP-KP-004,MED-030,BATCH-0224041,6,2026-06-28,2029-06-27,2026-06-29
HOSP-KP-004,MED-031,BATCH-0219996,2,2026-06-08,2031-06-08,2026-06-29
HOSP-KP-004,MED-031,BATCH-0222673,50,2026-06-21,2031-06-21,2026-06-29
HOSP-KP-004,MED-032,BATCH-0216475,101,2026-05-17,2031-05-17,2026-06-29
HOSP-KP-004,MED-033,BATCH-0224042,90,2026-06-29,2031-06-29,2026-06-29
HOSP-KP-004,MED-034,BATCH-0218650,8,2026-06-01,2028-05-31,2026-06-29
HOSP-KP-004,MED-035,BATCH-0211129,4,2026-04-13,2028-04-12,2026-06-29
HOSP-KP-004,MED-035,BATCH-0224043,5,2026-06-27,2028-06-26,2026-06-29
HOSP-KP-004,MED-036,BATCH-0218651,148,2026-05-30,2028-05-29,2026-06-29
HOSP-KP-004,MED-037,BATCH-0222674,2,2026-06-20,2029-06-19,2026-06-29
HOSP-KP-004,MED-037,BATCH-0224044,6,2026-06-28,2029-06-27,2026-06-29
HOSP-KP-004,MED-038,BATCH-0217560,3,2026-05-25,2028-05-24,2026-06-29
HOSP-KP-004,MED-038,BATCH-0224045,20,2026-06-27,2028-06-26,2026-06-29
HOSP-KP-004,MED-039,BATCH-0219997,11,2026-06-06,2029-06-05,2026-06-29
HOSP-KP-004,MED-040,BATCH-0219998,13,2026-06-07,2029-06-06,2026-06-29
HOSP-KP-004,MED-041,BATCH-0206850,4,2026-03-14,2028-03-13,2026-06-29
HOSP-KP-004,MED-041,BATCH-0221348,5,2026-06-15,2028-06-14,2026-06-29
HOSP-KP-004,MED-042,BATCH-0164751,1,2025-07-19,2027-07-19,2026-06-29
HOSP-KP-004,MED-042,BATCH-0221349,5,2026-06-13,2028-06-12,2026-06-29
HOSP-KP-004,MED-043,BATCH-0179566,2,2025-10-04,2027-10-04,2026-06-29
HOSP-KP-004,MED-043,BATCH-0217561,5,2026-05-23,2028-05-22,2026-06-29
HOSP-KP-004,MED-044,BATCH-0190556,3,2025-12-06,2027-12-06,2026-06-29
HOSP-KP-004,MED-044,BATCH-0217562,5,2026-05-24,2028-05-23,2026-06-29
HOSP-KP-004,MED-045,BATCH-0216476,35,2026-05-18,2028-05-17,2026-06-29
HOSP-KP-004,MED-046,BATCH-0164752,5,2025-07-21,2027-01-19,2026-06-29
HOSP-KP-004,MED-047,BATCH-0224046,90,2026-06-28,2029-06-27,2026-06-29
HOSP-KP-004,MED-048,BATCH-0222675,6,2026-06-22,2028-06-21,2026-06-29
HOSP-KP-004,MED-049,BATCH-0214275,157,2026-05-04,2028-05-03,2026-06-29
HOSP-KP-004,MED-050,BATCH-0217563,4,2026-05-23,2028-05-22,2026-06-29
HOSP-KP-004,MED-050,BATCH-0221351,10,2026-06-15,2028-06-14,2026-06-29
HOSP-KP-004,MED-051,BATCH-0214276,3,2026-05-04,2028-05-03,2026-06-29
HOSP-KP-004,MED-051,BATCH-0224047,20,2026-06-27,2028-06-26,2026-06-29
HOSP-KP-004,MED-052,BATCH-0222676,1,2026-06-21,2028-06-20,2026-06-29
HOSP-KP-004,MED-052,BATCH-0224048,9,2026-06-28,2028-06-27,2026-06-29
HOSP-KP-004,MED-053,BATCH-0218653,1,2026-05-30,2028-05-29,2026-06-29
HOSP-KP-004,MED-053,BATCH-0221352,10,2026-06-15,2028-06-14,2026-06-29
HOSP-KP-004,MED-054,BATCH-0224049,1,2026-06-27,2028-06-26,2026-06-29
HOSP-KP-004,MED-055,BATCH-0221353,18,2026-06-15,2029-06-14,2026-06-29
HOSP-KP-004,MED-056,BATCH-0224050,9,2026-06-29,2029-06-28,2026-06-29
HOSP-KP-004,MED-057,BATCH-0202397,1,2026-02-14,2028-02-14,2026-06-29
HOSP-KP-004,MED-057,BATCH-0213250,5,2026-04-27,2028-04-26,2026-06-29
HOSP-KP-004,MED-058,BATCH-0217565,2,2026-05-25,2028-05-24,2026-06-29
HOSP-KP-004,MED-058,BATCH-0222677,5,2026-06-22,2028-06-21,2026-06-29
HOSP-KP-004,MED-059,BATCH-0201202,1,2026-02-09,2028-02-09,2026-06-29
HOSP-KP-004,MED-059,BATCH-0211133,5,2026-04-11,2028-04-10,2026-06-29
HOSP-KP-004,MED-060,BATCH-0215378,3,2026-05-10,2028-05-09,2026-06-29
HOSP-KP-004,MED-060,BATCH-0221354,5,2026-06-13,2028-06-12,2026-06-29
HOSP-KP-004,MED-061,BATCH-0220002,13,2026-06-08,2028-06-07,2026-06-29
HOSP-KP-004,MED-062,BATCH-0221355,18,2026-06-14,2029-06-13,2026-06-29
HOSP-KP-004,MED-063,BATCH-0221356,7,2026-06-15,2028-06-14,2026-06-29
HOSP-KP-004,MED-064,BATCH-0221357,10,2026-06-14,2031-06-14,2026-06-29
HOSP-KP-004,MED-065,BATCH-0224051,7,2026-06-29,2026-07-29,2026-06-29
HOSP-KP-004,MED-066,BATCH-0218656,2,2026-05-31,2026-06-30,2026-06-29
HOSP-KP-004,MED-067,BATCH-0221358,2,2026-06-15,2029-06-14,2026-06-29
HOSP-KP-004,MED-068,BATCH-0216479,3,2026-05-17,2029-05-16,2026-06-29
HOSP-KP-004,MED-068,BATCH-0224052,5,2026-06-27,2029-06-26,2026-06-29
HOSP-KP-004,MED-069,BATCH-0221359,6,2026-06-13,2029-06-12,2026-06-29
HOSP-KP-004,MED-070,BATCH-0132896,91,2025-01-13,2027-01-13,2026-06-29
HOSP-KP-004,MED-070,BATCH-0195131,150,2026-01-04,2028-01-04,2026-06-29
HOSP-KP-004,MED-071,BATCH-0215381,20,2026-05-10,2028-05-09,2026-06-29
HOSP-KP-004,MED-072,BATCH-0224053,5,2026-06-29,2028-06-28,2026-06-29
HOSP-MD-001,MED-001,BATCH-0223121,835,2026-06-22,2029-06-21,2026-06-29
HOSP-MD-001,MED-001,BATCH-0224459,1500,2026-06-29,2029-06-28,2026-06-29
HOSP-MD-001,MED-002,BATCH-0220431,61,2026-06-08,2028-06-07,2026-06-29
HOSP-MD-001,MED-002,BATCH-0223122,257,2026-06-22,2028-06-21,2026-06-29
HOSP-MD-001,MED-003,BATCH-0221756,329,2026-06-15,2029-06-14,2026-06-29
HOSP-MD-001,MED-003,BATCH-0224460,600,2026-06-29,2029-06-28,2026-06-29
HOSP-MD-001,MED-004,BATCH-0221757,73,2026-06-15,2028-06-14,2026-06-29
HOSP-MD-001,MED-004,BATCH-0224461,180,2026-06-29,2028-06-28,2026-06-29
HOSP-MD-001,MED-005,BATCH-0223123,236,2026-06-22,2028-06-21,2026-06-29
HOSP-MD-001,MED-005,BATCH-0224462,1000,2026-06-29,2028-06-28,2026-06-29
HOSP-MD-001,MED-006,BATCH-0223124,69,2026-06-22,2028-06-21,2026-06-29
HOSP-MD-001,MED-006,BATCH-0224463,370,2026-06-29,2028-06-28,2026-06-29
HOSP-MD-001,MED-007,BATCH-0223125,174,2026-06-22,2028-06-21,2026-06-29
HOSP-MD-001,MED-007,BATCH-0224464,198,2026-06-29,2028-06-28,2026-06-29
HOSP-MD-001,MED-008,BATCH-0223126,5,2026-06-22,2029-06-21,2026-06-29
HOSP-MD-001,MED-008,BATCH-0224465,500,2026-06-29,2029-06-28,2026-06-29
HOSP-MD-001,MED-009,BATCH-0223127,246,2026-06-22,2028-06-21,2026-06-29
HOSP-MD-001,MED-010,BATCH-0223128,449,2026-06-22,2029-06-21,2026-06-29
HOSP-MD-001,MED-011,BATCH-0223129,640,2026-06-22,2029-06-21,2026-06-29
HOSP-MD-001,MED-011,BATCH-0224466,700,2026-06-29,2029-06-28,2026-06-29
HOSP-MD-001,MED-012,BATCH-0223130,231,2026-06-22,2029-06-21,2026-06-29
HOSP-MD-001,MED-013,BATCH-0223131,394,2026-06-22,2028-06-21,2026-06-29
HOSP-MD-001,MED-014,BATCH-0221761,73,2026-06-15,2028-06-14,2026-06-29
HOSP-MD-001,MED-014,BATCH-0224467,881,2026-06-29,2028-06-28,2026-06-29
HOSP-MD-001,MED-015,BATCH-0223132,272,2026-06-22,2028-06-21,2026-06-29
HOSP-MD-001,MED-015,BATCH-0224468,283,2026-06-29,2028-06-28,2026-06-29
HOSP-MD-001,MED-016,BATCH-0223133,83,2026-06-22,2028-06-21,2026-06-29
HOSP-MD-001,MED-017,BATCH-0221763,129,2026-06-15,2029-06-14,2026-06-29
HOSP-MD-001,MED-018,BATCH-0221764,32,2026-06-15,2028-06-14,2026-06-29
HOSP-MD-001,MED-018,BATCH-0224469,169,2026-06-29,2028-06-28,2026-06-29
HOSP-MD-001,MED-019,BATCH-0221765,80,2026-06-15,2028-06-14,2026-06-29
HOSP-MD-001,MED-019,BATCH-0224470,180,2026-06-29,2028-06-28,2026-06-29
HOSP-MD-001,MED-020,BATCH-0221766,34,2026-06-15,2028-06-14,2026-06-29
HOSP-MD-001,MED-020,BATCH-0224471,158,2026-06-29,2028-06-28,2026-06-29
HOSP-MD-001,MED-021,BATCH-0223134,859,2026-06-22,2029-06-21,2026-06-29
HOSP-MD-001,MED-022,BATCH-0220442,375,2026-06-08,2029-06-07,2026-06-29
HOSP-MD-001,MED-022,BATCH-0224472,800,2026-06-29,2029-06-28,2026-06-29
HOSP-MD-001,MED-023,BATCH-0221767,149,2026-06-15,2029-06-14,2026-06-29
HOSP-MD-001,MED-023,BATCH-0224473,800,2026-06-29,2029-06-28,2026-06-29
HOSP-MD-001,MED-024,BATCH-0220443,18,2026-06-08,2028-06-07,2026-06-29
HOSP-MD-001,MED-024,BATCH-0223135,98,2026-06-22,2028-06-21,2026-06-29
HOSP-MD-001,MED-025,BATCH-0220444,60,2026-06-08,2029-06-07,2026-06-29
HOSP-MD-001,MED-025,BATCH-0223136,500,2026-06-22,2029-06-21,2026-06-29
HOSP-MD-001,MED-026,BATCH-0223137,294,2026-06-22,2029-06-21,2026-06-29
HOSP-MD-001,MED-026,BATCH-0224474,700,2026-06-29,2029-06-28,2026-06-29
HOSP-MD-001,MED-027,BATCH-0223138,662,2026-06-22,2029-06-21,2026-06-29
HOSP-MD-001,MED-028,BATCH-0223139,146,2026-06-22,2029-06-21,2026-06-29
HOSP-MD-001,MED-029,BATCH-0223140,75,2026-06-22,2029-06-21,2026-06-29
HOSP-MD-001,MED-029,BATCH-0224475,300,2026-06-29,2029-06-28,2026-06-29
HOSP-MD-001,MED-030,BATCH-0221770,109,2026-06-15,2029-06-14,2026-06-29
HOSP-MD-001,MED-030,BATCH-0224476,164,2026-06-29,2029-06-28,2026-06-29
HOSP-MD-001,MED-031,BATCH-0223141,847,2026-06-22,2031-06-22,2026-06-29
HOSP-MD-001,MED-032,BATCH-0223142,1278,2026-06-22,2031-06-22,2026-06-29
HOSP-MD-001,MED-033,BATCH-0220451,76,2026-06-08,2031-06-08,2026-06-29
HOSP-MD-001,MED-033,BATCH-0223143,400,2026-06-22,2031-06-22,2026-06-29
HOSP-MD-001,MED-034,BATCH-0223144,66,2026-06-22,2028-06-21,2026-06-29
HOSP-MD-001,MED-035,BATCH-0220453,17,2026-06-08,2028-06-07,2026-06-29
HOSP-MD-001,MED-035,BATCH-0224477,49,2026-06-29,2028-06-28,2026-06-29
HOSP-MD-001,MED-036,BATCH-0223145,581,2026-06-22,2028-06-21,2026-06-29
HOSP-MD-001,MED-037,BATCH-0221771,43,2026-06-15,2029-06-14,2026-06-29
HOSP-MD-001,MED-037,BATCH-0224478,152,2026-06-29,2029-06-28,2026-06-29
HOSP-MD-001,MED-038,BATCH-0221772,83,2026-06-15,2028-06-14,2026-06-29
HOSP-MD-001,MED-039,BATCH-0221773,45,2026-06-15,2029-06-14,2026-06-29
HOSP-MD-001,MED-039,BATCH-0224479,140,2026-06-29,2029-06-28,2026-06-29
HOSP-MD-001,MED-040,BATCH-0221774,30,2026-06-15,2029-06-14,2026-06-29
HOSP-MD-001,MED-040,BATCH-0224480,110,2026-06-29,2029-06-28,2026-06-29
HOSP-MD-001,MED-041,BATCH-0223146,2,2026-06-22,2028-06-21,2026-06-29
HOSP-MD-001,MED-041,BATCH-0224481,16,2026-06-29,2028-06-28,2026-06-29
HOSP-MD-001,MED-042,BATCH-0223147,6,2026-06-22,2028-06-21,2026-06-29
HOSP-MD-001,MED-042,BATCH-0224482,8,2026-06-29,2028-06-28,2026-06-29
HOSP-MD-001,MED-043,BATCH-0221776,2,2026-06-15,2028-06-14,2026-06-29
HOSP-MD-001,MED-043,BATCH-0223148,5,2026-06-22,2028-06-21,2026-06-29
HOSP-MD-001,MED-044,BATCH-0223149,7,2026-06-22,2028-06-21,2026-06-29
HOSP-MD-001,MED-045,BATCH-0221777,72,2026-06-15,2028-06-14,2026-06-29
HOSP-MD-001,MED-046,BATCH-0220459,6,2026-06-08,2027-12-07,2026-06-29
HOSP-MD-001,MED-047,BATCH-0221778,71,2026-06-15,2029-06-14,2026-06-29
HOSP-MD-001,MED-047,BATCH-0224483,550,2026-06-29,2029-06-28,2026-06-29
HOSP-MD-001,MED-048,BATCH-0223150,132,2026-06-22,2028-06-21,2026-06-29
HOSP-MD-001,MED-049,BATCH-0224484,58,2026-06-02,2028-06-01,2026-06-29
HOSP-MD-001,MED-050,BATCH-0220462,12,2026-06-08,2028-06-07,2026-06-29
HOSP-MD-001,MED-050,BATCH-0223151,120,2026-06-22,2028-06-21,2026-06-29
HOSP-MD-001,MED-051,BATCH-0221779,68,2026-06-15,2028-06-14,2026-06-29
HOSP-MD-001,MED-051,BATCH-0224485,100,2026-06-29,2028-06-28,2026-06-29
HOSP-MD-001,MED-052,BATCH-0223152,208,2026-06-22,2028-06-21,2026-06-29
HOSP-MD-001,MED-053,BATCH-0223153,189,2026-06-22,2028-06-21,2026-06-29
HOSP-MD-001,MED-054,BATCH-0221780,8,2026-06-15,2028-06-14,2026-06-29
HOSP-MD-001,MED-054,BATCH-0224486,176,2026-06-29,2028-06-28,2026-06-29
HOSP-MD-001,MED-055,BATCH-0221781,44,2026-06-15,2029-06-14,2026-06-29
HOSP-MD-001,MED-055,BATCH-0224487,70,2026-06-29,2029-06-28,2026-06-29
HOSP-MD-001,MED-056,BATCH-0220465,19,2026-06-08,2029-06-07,2026-06-29
HOSP-MD-001,MED-056,BATCH-0223154,50,2026-06-22,2029-06-21,2026-06-29
HOSP-MD-001,MED-057,BATCH-0223155,32,2026-06-22,2028-06-21,2026-06-29
HOSP-MD-001,MED-057,BATCH-0224488,40,2026-06-29,2028-06-28,2026-06-29
HOSP-MD-001,MED-058,BATCH-0221782,22,2026-06-15,2028-06-14,2026-06-29
HOSP-MD-001,MED-058,BATCH-0224489,27,2026-06-29,2028-06-28,2026-06-29
HOSP-MD-001,MED-059,BATCH-0221783,13,2026-06-15,2028-06-14,2026-06-29
HOSP-MD-001,MED-059,BATCH-0223156,22,2026-06-22,2028-06-21,2026-06-29
HOSP-MD-001,MED-060,BATCH-0221784,6,2026-06-15,2028-06-14,2026-06-29
HOSP-MD-001,MED-060,BATCH-0224490,33,2026-06-29,2028-06-28,2026-06-29
HOSP-MD-001,MED-061,BATCH-0223157,62,2026-06-22,2028-06-21,2026-06-29
HOSP-MD-001,MED-062,BATCH-0220470,5,2026-06-08,2029-06-07,2026-06-29
HOSP-MD-001,MED-062,BATCH-0224491,60,2026-06-29,2029-06-28,2026-06-29
HOSP-MD-001,MED-063,BATCH-0221785,3,2026-06-15,2028-06-14,2026-06-29
HOSP-MD-001,MED-063,BATCH-0224492,36,2026-06-29,2028-06-28,2026-06-29
HOSP-MD-001,MED-064,BATCH-0221786,39,2026-06-15,2031-06-15,2026-06-29
HOSP-MD-001,MED-064,BATCH-0223158,204,2026-06-22,2031-06-22,2026-06-29
HOSP-MD-001,MED-065,BATCH-0221787,22,2026-06-15,2026-07-15,2026-06-29
HOSP-MD-001,MED-065,BATCH-0224493,59,2026-06-29,2026-07-29,2026-06-29
HOSP-MD-001,MED-066,BATCH-0223159,34,2026-06-22,2026-07-22,2026-06-29
HOSP-MD-001,MED-067,BATCH-0221788,65,2026-06-15,2029-06-14,2026-06-29
HOSP-MD-001,MED-067,BATCH-0224494,124,2026-06-29,2029-06-28,2026-06-29
HOSP-MD-001,MED-068,BATCH-0221789,27,2026-06-15,2029-06-14,2026-06-29
HOSP-MD-001,MED-068,BATCH-0224495,34,2026-06-29,2029-06-28,2026-06-29
HOSP-MD-001,MED-069,BATCH-0223160,56,2026-06-22,2029-06-21,2026-06-29
HOSP-MD-001,MED-070,BATCH-0219061,2,2026-06-01,2028-05-31,2026-06-29
HOSP-MD-001,MED-070,BATCH-0223161,300,2026-06-22,2028-06-21,2026-06-29
HOSP-MD-001,MED-071,BATCH-0223162,55,2026-06-22,2028-06-21,2026-06-29
HOSP-MD-001,MED-072,BATCH-0223163,43,2026-06-22,2028-06-21,2026-06-29
HOSP-MD-001,MED-072,BATCH-0224496,70,2026-06-29,2028-06-28,2026-06-29
HOSP-MD-002,MED-001,BATCH-0223164,958,2026-06-22,2029-06-21,2026-06-29
HOSP-MD-002,MED-002,BATCH-0223165,121,2026-06-22,2028-06-21,2026-06-29
HOSP-MD-002,MED-002,BATCH-0224497,163,2026-06-29,2028-06-28,2026-06-29
HOSP-MD-002,MED-003,BATCH-0220478,69,2026-06-08,2029-06-07,2026-06-29
HOSP-MD-002,MED-003,BATCH-0224498,700,2026-06-29,2029-06-28,2026-06-29
HOSP-MD-002,MED-004,BATCH-0224499,190,2026-06-29,2028-06-28,2026-06-29
HOSP-MD-002,MED-005,BATCH-0224500,1000,2026-06-29,2028-06-28,2026-06-29
HOSP-MD-002,MED-006,BATCH-0223166,184,2026-06-22,2028-06-21,2026-06-29
HOSP-MD-002,MED-006,BATCH-0224501,190,2026-06-29,2028-06-28,2026-06-29
HOSP-MD-002,MED-007,BATCH-0223167,134,2026-06-22,2028-06-21,2026-06-29
HOSP-MD-002,MED-007,BATCH-0224502,135,2026-06-29,2028-06-28,2026-06-29
HOSP-MD-002,MED-008,BATCH-0223168,174,2026-06-22,2029-06-21,2026-06-29
HOSP-MD-002,MED-009,BATCH-0223169,82,2026-06-22,2028-06-21,2026-06-29
HOSP-MD-002,MED-009,BATCH-0224503,213,2026-06-29,2028-06-28,2026-06-29
HOSP-MD-002,MED-010,BATCH-0223170,405,2026-06-22,2029-06-21,2026-06-29
HOSP-MD-002,MED-011,BATCH-0223171,71,2026-06-22,2029-06-21,2026-06-29
HOSP-MD-002,MED-011,BATCH-0224504,750,2026-06-29,2029-06-28,2026-06-29
HOSP-MD-002,MED-012,BATCH-0223172,130,2026-06-22,2029-06-21,2026-06-29
HOSP-MD-002,MED-012,BATCH-0224505,500,2026-06-29,2029-06-28,2026-06-29
HOSP-MD-002,MED-013,BATCH-0221798,80,2026-06-15,2028-06-14,2026-06-29
HOSP-MD-002,MED-013,BATCH-0224506,222,2026-06-29,2028-06-28,2026-06-29
HOSP-MD-002,MED-014,BATCH-0223173,7,2026-06-22,2028-06-21,2026-06-29
HOSP-MD-002,MED-014,BATCH-0224507,549,2026-06-29,2028-06-28,2026-06-29
HOSP-MD-002,MED-015,BATCH-0221799,45,2026-06-15,2028-06-14,2026-06-29
HOSP-MD-002,MED-015,BATCH-0224508,261,2026-06-29,2028-06-28,2026-06-29
HOSP-MD-002,MED-016,BATCH-0224509,120,2026-06-29,2028-06-28,2026-06-29
HOSP-MD-002,MED-017,BATCH-0223175,180,2026-06-22,2029-06-21,2026-06-29
HOSP-MD-002,MED-018,BATCH-0221801,30,2026-06-15,2028-06-14,2026-06-29
HOSP-MD-002,MED-018,BATCH-0224510,92,2026-06-29,2028-06-28,2026-06-29
HOSP-MD-002,MED-019,BATCH-0221802,20,2026-06-15,2028-06-14,2026-06-29
HOSP-MD-002,MED-019,BATCH-0224511,150,2026-06-29,2028-06-28,2026-06-29
HOSP-MD-002,MED-020,BATCH-0221803,17,2026-06-15,2028-06-14,2026-06-29
HOSP-MD-002,MED-020,BATCH-0223176,87,2026-06-22,2028-06-21,2026-06-29
HOSP-MD-002,MED-021,BATCH-0221804,133,2026-06-15,2029-06-14,2026-06-29
HOSP-MD-002,MED-021,BATCH-0224512,500,2026-06-29,2029-06-28,2026-06-29
HOSP-MD-002,MED-022,BATCH-0221805,158,2026-06-15,2029-06-14,2026-06-29
HOSP-MD-002,MED-022,BATCH-0224513,600,2026-06-29,2029-06-28,2026-06-29
HOSP-MD-002,MED-023,BATCH-0223177,426,2026-06-22,2029-06-21,2026-06-29
HOSP-MD-002,MED-024,BATCH-0223178,51,2026-06-22,2028-06-21,2026-06-29
HOSP-MD-002,MED-024,BATCH-0224514,52,2026-06-29,2028-06-28,2026-06-29
HOSP-MD-002,MED-025,BATCH-0223179,207,2026-06-22,2029-06-21,2026-06-29
HOSP-MD-002,MED-026,BATCH-0223180,405,2026-06-22,2029-06-21,2026-06-29
HOSP-MD-002,MED-027,BATCH-0223181,333,2026-06-22,2029-06-21,2026-06-29
HOSP-MD-002,MED-028,BATCH-0224515,280,2026-06-29,2029-06-28,2026-06-29
HOSP-MD-002,MED-029,BATCH-0224516,197,2026-04-27,2029-04-26,2026-06-29
HOSP-MD-002,MED-030,BATCH-0220493,10,2026-06-08,2029-06-07,2026-06-29
HOSP-MD-002,MED-030,BATCH-0223182,90,2026-06-22,2029-06-21,2026-06-29
HOSP-MD-002,MED-031,BATCH-0220494,196,2026-06-08,2031-06-08,2026-06-29
HOSP-MD-002,MED-031,BATCH-0223183,550,2026-06-22,2031-06-22,2026-06-29
HOSP-MD-002,MED-032,BATCH-0220495,6,2026-06-08,2031-06-08,2026-06-29
HOSP-MD-002,MED-032,BATCH-0224517,1500,2026-06-29,2031-06-29,2026-06-29
HOSP-MD-002,MED-033,BATCH-0221809,112,2026-06-15,2031-06-15,2026-06-29
HOSP-MD-002,MED-033,BATCH-0224518,350,2026-06-29,2031-06-29,2026-06-29
HOSP-MD-002,MED-034,BATCH-0221810,17,2026-06-15,2028-06-14,2026-06-29
HOSP-MD-002,MED-034,BATCH-0224519,60,2026-06-29,2028-06-28,2026-06-29
HOSP-MD-002,MED-035,BATCH-0221811,14,2026-06-15,2028-06-14,2026-06-29
HOSP-MD-002,MED-035,BATCH-0224520,20,2026-06-29,2028-06-28,2026-06-29
HOSP-MD-002,MED-036,BATCH-0221812,158,2026-06-15,2028-06-14,2026-06-29
HOSP-MD-002,MED-036,BATCH-0224521,500,2026-06-29,2028-06-28,2026-06-29
HOSP-MD-002,MED-037,BATCH-0221813,16,2026-06-15,2029-06-14,2026-06-29
HOSP-MD-002,MED-037,BATCH-0224522,94,2026-06-29,2029-06-28,2026-06-29
HOSP-MD-002,MED-038,BATCH-0223184,81,2026-06-22,2028-06-21,2026-06-29
HOSP-MD-002,MED-039,BATCH-0224523,120,2026-06-29,2029-06-28,2026-06-29
HOSP-MD-002,MED-040,BATCH-0220500,3,2026-06-08,2029-06-07,2026-06-29
HOSP-MD-002,MED-040,BATCH-0223185,60,2026-06-22,2029-06-21,2026-06-29
HOSP-MD-002,MED-041,BATCH-0223186,7,2026-06-22,2028-06-21,2026-06-29
HOSP-MD-002,MED-041,BATCH-0224524,9,2026-06-29,2028-06-28,2026-06-29
HOSP-MD-002,MED-042,BATCH-0223187,2,2026-06-22,2028-06-21,2026-06-29
HOSP-MD-002,MED-042,BATCH-0224525,8,2026-06-29,2028-06-28,2026-06-29
HOSP-MD-002,MED-043,BATCH-0221815,2,2026-06-15,2028-06-14,2026-06-29
HOSP-MD-002,MED-043,BATCH-0224526,7,2026-06-29,2028-06-28,2026-06-29
HOSP-MD-002,MED-044,BATCH-0221816,6,2026-06-15,2028-06-14,2026-06-29
HOSP-MD-002,MED-045,BATCH-0220503,1,2026-06-08,2028-06-07,2026-06-29
HOSP-MD-002,MED-045,BATCH-0223188,40,2026-06-22,2028-06-21,2026-06-29
HOSP-MD-002,MED-046,BATCH-0224527,9,2026-06-29,2027-12-28,2026-06-29
HOSP-MD-002,MED-047,BATCH-0221817,123,2026-06-15,2029-06-14,2026-06-29
HOSP-MD-002,MED-047,BATCH-0224528,350,2026-06-29,2029-06-28,2026-06-29
HOSP-MD-002,MED-048,BATCH-0223189,70,2026-06-22,2028-06-21,2026-06-29
HOSP-MD-002,MED-048,BATCH-0224529,73,2026-06-29,2028-06-28,2026-06-29
HOSP-MD-002,MED-049,BATCH-0223190,180,2026-06-22,2028-06-21,2026-06-29
HOSP-MD-002,MED-050,BATCH-0221818,40,2026-06-15,2028-06-14,2026-06-29
HOSP-MD-002,MED-050,BATCH-0224530,90,2026-06-29,2028-06-28,2026-06-29
HOSP-MD-002,MED-051,BATCH-0221819,36,2026-06-15,2028-06-14,2026-06-29
HOSP-MD-002,MED-051,BATCH-0223191,60,2026-06-22,2028-06-21,2026-06-29
HOSP-MD-002,MED-052,BATCH-0223192,104,2026-06-22,2028-06-21,2026-06-29
HOSP-MD-002,MED-052,BATCH-0224531,113,2026-06-29,2028-06-28,2026-06-29
HOSP-MD-002,MED-053,BATCH-0220506,27,2026-06-08,2028-06-07,2026-06-29
HOSP-MD-002,MED-053,BATCH-0223193,120,2026-06-22,2028-06-21,2026-06-29
HOSP-MD-002,MED-054,BATCH-0220507,5,2026-06-08,2028-06-07,2026-06-29
HOSP-MD-002,MED-054,BATCH-0223194,88,2026-06-22,2028-06-21,2026-06-29
HOSP-MD-002,MED-055,BATCH-0223195,38,2026-06-22,2029-06-21,2026-06-29
HOSP-MD-002,MED-056,BATCH-0221821,18,2026-06-15,2029-06-14,2026-06-29
HOSP-MD-002,MED-056,BATCH-0224532,40,2026-06-29,2029-06-28,2026-06-29
HOSP-MD-002,MED-057,BATCH-0221822,15,2026-06-15,2028-06-14,2026-06-29
HOSP-MD-002,MED-057,BATCH-0224533,28,2026-06-29,2028-06-28,2026-06-29
HOSP-MD-002,MED-058,BATCH-0221823,5,2026-06-15,2028-06-14,2026-06-29
HOSP-MD-002,MED-058,BATCH-0223196,17,2026-06-22,2028-06-21,2026-06-29
HOSP-MD-002,MED-059,BATCH-0221824,9,2026-06-15,2028-06-14,2026-06-29
HOSP-MD-002,MED-059,BATCH-0224534,18,2026-06-29,2028-06-28,2026-06-29
HOSP-MD-002,MED-060,BATCH-0223197,18,2026-06-22,2028-06-21,2026-06-29
HOSP-MD-002,MED-061,BATCH-0221825,21,2026-06-15,2028-06-14,2026-06-29
HOSP-MD-002,MED-061,BATCH-0224535,50,2026-06-29,2028-06-28,2026-06-29
HOSP-MD-002,MED-062,BATCH-0224536,5,2026-04-17,2029-04-16,2026-06-29
HOSP-MD-002,MED-063,BATCH-0221827,10,2026-06-15,2028-06-14,2026-06-29
HOSP-MD-002,MED-063,BATCH-0224537,17,2026-06-29,2028-06-28,2026-06-29
HOSP-MD-002,MED-064,BATCH-0221828,62,2026-06-15,2031-06-15,2026-06-29
HOSP-MD-002,MED-064,BATCH-0224538,156,2026-06-29,2031-06-29,2026-06-29
HOSP-MD-002,MED-065,BATCH-0223198,34,2026-06-22,2026-07-22,2026-06-29
HOSP-MD-002,MED-066,BATCH-0224539,39,2026-06-29,2026-07-29,2026-06-29
HOSP-MD-002,MED-067,BATCH-0221829,53,2026-06-15,2029-06-14,2026-06-29
HOSP-MD-002,MED-067,BATCH-0224540,109,2026-06-29,2029-06-28,2026-06-29
HOSP-MD-002,MED-068,BATCH-0220513,3,2026-06-08,2029-06-07,2026-06-29
HOSP-MD-002,MED-068,BATCH-0223200,25,2026-06-22,2029-06-21,2026-06-29
HOSP-MD-002,MED-069,BATCH-0220514,15,2026-06-08,2029-06-07,2026-06-29
HOSP-MD-002,MED-069,BATCH-0223201,35,2026-06-22,2029-06-21,2026-06-29
HOSP-MD-002,MED-070,BATCH-0220515,80,2026-06-08,2028-06-07,2026-06-29
HOSP-MD-002,MED-070,BATCH-0223202,150,2026-06-22,2028-06-21,2026-06-29
HOSP-MD-002,MED-071,BATCH-0223203,32,2026-06-22,2028-06-21,2026-06-29
HOSP-MD-002,MED-072,BATCH-0223204,33,2026-06-22,2028-06-21,2026-06-29
HOSP-MD-002,MED-072,BATCH-0224541,38,2026-06-29,2028-06-28,2026-06-29
HOSP-MD-003,MED-001,BATCH-0221831,15,2026-06-15,2029-06-14,2026-06-29
HOSP-MD-003,MED-001,BATCH-0224542,300,2026-06-29,2029-06-28,2026-06-29
HOSP-MD-003,MED-002,BATCH-0223205,25,2026-06-22,2028-06-21,2026-06-29
HOSP-MD-003,MED-003,BATCH-0215772,68,2026-05-11,2029-05-10,2026-06-29
HOSP-MD-003,MED-003,BATCH-0224543,200,2026-06-29,2029-06-28,2026-06-29
HOSP-MD-003,MED-004,BATCH-0219107,1,2026-06-01,2028-05-31,2026-06-29
HOSP-MD-003,MED-004,BATCH-0223206,20,2026-06-22,2028-06-21,2026-06-29
HOSP-MD-003,MED-005,BATCH-0223207,180,2026-06-22,2028-06-21,2026-06-29
HOSP-MD-003,MED-006,BATCH-0221833,27,2026-06-15,2028-06-14,2026-06-29
HOSP-MD-003,MED-006,BATCH-0224544,30,2026-06-29,2028-06-28,2026-06-29
HOSP-MD-003,MED-007,BATCH-0224545,33,2026-06-29,2028-06-28,2026-06-29
HOSP-MD-003,MED-008,BATCH-0221835,4,2026-06-15,2029-06-14,2026-06-29
HOSP-MD-003,MED-008,BATCH-0224546,50,2026-06-29,2029-06-28,2026-06-29
HOSP-MD-003,MED-009,BATCH-0223208,11,2026-06-22,2028-06-21,2026-06-29
HOSP-MD-003,MED-009,BATCH-0224547,26,2026-06-29,2028-06-28,2026-06-29
HOSP-MD-003,MED-010,BATCH-0220519,130,2026-06-08,2029-06-07,2026-06-29
HOSP-MD-003,MED-011,BATCH-0223209,18,2026-06-22,2029-06-21,2026-06-29
HOSP-MD-003,MED-011,BATCH-0224548,100,2026-06-29,2029-06-28,2026-06-29
HOSP-MD-003,MED-012,BATCH-0219113,18,2026-06-01,2029-05-31,2026-06-29
HOSP-MD-003,MED-012,BATCH-0223210,300,2026-06-22,2029-06-21,2026-06-29
HOSP-MD-003,MED-013,BATCH-0221837,2,2026-06-15,2028-06-14,2026-06-29
HOSP-MD-003,MED-013,BATCH-0223211,29,2026-06-22,2028-06-21,2026-06-29
HOSP-MD-003,MED-014,BATCH-0223212,41,2026-06-22,2028-06-21,2026-06-29
HOSP-MD-003,MED-014,BATCH-0224549,42,2026-06-29,2028-06-28,2026-06-29
HOSP-MD-003,MED-015,BATCH-0221839,6,2026-06-15,2028-06-14,2026-06-29
HOSP-MD-003,MED-015,BATCH-0224550,33,2026-06-29,2028-06-28,2026-06-29
HOSP-MD-003,MED-016,BATCH-0223213,45,2026-06-22,2028-06-21,2026-06-29
HOSP-MD-003,MED-017,BATCH-0187666,174,2025-11-17,2028-11-16,2026-06-29
HOSP-MD-003,MED-018,BATCH-0221840,5,2026-06-15,2028-06-14,2026-06-29
HOSP-MD-003,MED-018,BATCH-0224551,13,2026-06-29,2028-06-28,2026-06-29
HOSP-MD-003,MED-019,BATCH-0220522,4,2026-06-08,2028-06-07,2026-06-29
HOSP-MD-003,MED-019,BATCH-0224552,20,2026-06-29,2028-06-28,2026-06-29
HOSP-MD-003,MED-020,BATCH-0223214,10,2026-06-22,2028-06-21,2026-06-29
HOSP-MD-003,MED-021,BATCH-0219116,178,2026-06-01,2029-05-31,2026-06-29
HOSP-MD-003,MED-022,BATCH-0217958,62,2026-05-25,2029-05-24,2026-06-29
HOSP-MD-003,MED-022,BATCH-0223215,200,2026-06-22,2029-06-21,2026-06-29
HOSP-MD-003,MED-023,BATCH-0217959,71,2026-05-25,2029-05-24,2026-06-29
HOSP-MD-003,MED-023,BATCH-0224553,200,2026-06-29,2029-06-28,2026-06-29
HOSP-MD-003,MED-024,BATCH-0221842,3,2026-06-15,2028-06-14,2026-06-29
HOSP-MD-003,MED-024,BATCH-0223216,9,2026-06-22,2028-06-21,2026-06-29
HOSP-MD-003,MED-025,BATCH-0205062,78,2026-03-02,2029-03-01,2026-06-29
HOSP-MD-003,MED-025,BATCH-0223217,200,2026-06-22,2029-06-21,2026-06-29
HOSP-MD-003,MED-026,BATCH-0216891,243,2026-05-18,2029-05-17,2026-06-29
HOSP-MD-003,MED-027,BATCH-0220524,98,2026-06-08,2029-06-07,2026-06-29
HOSP-MD-003,MED-027,BATCH-0224554,200,2026-06-29,2029-06-28,2026-06-29
HOSP-MD-003,MED-028,BATCH-0223218,25,2026-06-22,2029-06-21,2026-06-29
HOSP-MD-003,MED-029,BATCH-0205065,155,2026-03-02,2029-03-01,2026-06-29
HOSP-MD-003,MED-030,BATCH-0221843,3,2026-06-15,2029-06-14,2026-06-29
HOSP-MD-003,MED-030,BATCH-0224555,16,2026-06-29,2029-06-28,2026-06-29
HOSP-MD-003,MED-031,BATCH-0219120,83,2026-06-01,2031-06-01,2026-06-29
HOSP-MD-003,MED-031,BATCH-0223219,100,2026-06-22,2031-06-22,2026-06-29
HOSP-MD-003,MED-032,BATCH-0221844,72,2026-06-15,2031-06-15,2026-06-29
HOSP-MD-003,MED-032,BATCH-0224556,200,2026-06-29,2031-06-29,2026-06-29
HOSP-MD-003,MED-033,BATCH-0217960,5,2026-05-25,2031-05-25,2026-06-29
HOSP-MD-003,MED-033,BATCH-0223220,100,2026-06-22,2031-06-22,2026-06-29
HOSP-MD-003,MED-034,BATCH-0211526,5,2026-04-13,2028-04-12,2026-06-29
HOSP-MD-003,MED-034,BATCH-0223221,20,2026-06-22,2028-06-21,2026-06-29
HOSP-MD-003,MED-035,BATCH-0223222,7,2026-06-22,2028-06-21,2026-06-29
HOSP-MD-003,MED-036,BATCH-0219122,83,2026-06-01,2028-05-31,2026-06-29
HOSP-MD-003,MED-036,BATCH-0224557,300,2026-06-29,2028-06-28,2026-06-29
HOSP-MD-003,MED-037,BATCH-0224558,13,2026-06-29,2029-06-28,2026-06-29
HOSP-MD-003,MED-038,BATCH-0219124,3,2026-06-01,2028-05-31,2026-06-29
HOSP-MD-003,MED-038,BATCH-0223223,20,2026-06-22,2028-06-21,2026-06-29
HOSP-MD-003,MED-039,BATCH-0216897,6,2026-05-18,2029-05-17,2026-06-29
HOSP-MD-003,MED-039,BATCH-0224559,20,2026-06-29,2029-06-28,2026-06-29
HOSP-MD-003,MED-040,BATCH-0223224,28,2026-06-22,2029-06-21,2026-06-29
HOSP-MD-003,MED-041,BATCH-0208320,4,2026-03-23,2028-03-22,2026-06-29
HOSP-MD-003,MED-041,BATCH-0221846,5,2026-06-15,2028-06-14,2026-06-29
HOSP-MD-003,MED-042,BATCH-0213632,5,2026-04-27,2028-04-26,2026-06-29
HOSP-MD-003,MED-043,BATCH-0181441,2,2025-10-13,2027-10-13,2026-06-29
HOSP-MD-003,MED-043,BATCH-0219125,6,2026-06-01,2028-05-31,2026-06-29
HOSP-MD-003,MED-044,BATCH-0203918,3,2026-02-23,2028-02-23,2026-06-29
HOSP-MD-003,MED-044,BATCH-0220526,6,2026-06-08,2028-06-07,2026-06-29
HOSP-MD-003,MED-045,BATCH-0201645,19,2026-02-09,2028-02-09,2026-06-29
HOSP-MD-003,MED-045,BATCH-0224560,40,2026-06-29,2028-06-28,2026-06-29
HOSP-MD-003,MED-046,BATCH-0189847,1,2025-12-01,2027-06-01,2026-06-29
HOSP-MD-003,MED-046,BATCH-0207281,5,2026-03-16,2027-09-14,2026-06-29
HOSP-MD-003,MED-047,BATCH-0223225,95,2026-06-22,2029-06-21,2026-06-29
HOSP-MD-003,MED-048,BATCH-0223226,6,2026-06-22,2028-06-21,2026-06-29
HOSP-MD-003,MED-048,BATCH-0224561,13,2026-06-29,2028-06-28,2026-06-29
HOSP-MD-003,MED-049,BATCH-0205070,248,2026-03-02,2028-03-01,2026-06-29
HOSP-MD-003,MED-050,BATCH-0220527,9,2026-06-08,2028-06-07,2026-06-29
HOSP-MD-003,MED-050,BATCH-0224562,10,2026-06-29,2028-06-28,2026-06-29
HOSP-MD-003,MED-051,BATCH-0219127,1,2026-06-01,2028-05-31,2026-06-29
HOSP-MD-003,MED-051,BATCH-0223227,20,2026-06-22,2028-06-21,2026-06-29
HOSP-MD-003,MED-052,BATCH-0223228,21,2026-06-22,2028-06-21,2026-06-29
HOSP-MD-003,MED-053,BATCH-0221849,25,2026-06-15,2028-06-14,2026-06-29
HOSP-MD-003,MED-054,BATCH-0223229,9,2026-06-22,2028-06-21,2026-06-29
HOSP-MD-003,MED-055,BATCH-0220528,10,2026-06-08,2029-06-07,2026-06-29
HOSP-MD-003,MED-056,BATCH-0221850,6,2026-06-15,2029-06-14,2026-06-29
HOSP-MD-003,MED-057,BATCH-0221851,5,2026-06-15,2028-06-14,2026-06-29
HOSP-MD-003,MED-058,BATCH-0219133,2,2026-06-01,2028-05-31,2026-06-29
HOSP-MD-003,MED-058,BATCH-0224563,7,2026-06-29,2028-06-28,2026-06-29
HOSP-MD-003,MED-059,BATCH-0219134,4,2026-06-01,2028-05-31,2026-06-29
HOSP-MD-003,MED-059,BATCH-0224564,5,2026-06-29,2028-06-28,2026-06-29
HOSP-MD-003,MED-060,BATCH-0217964,2,2026-05-25,2028-05-24,2026-06-29
HOSP-MD-003,MED-060,BATCH-0224565,7,2026-06-29,2028-06-28,2026-06-29
HOSP-MD-003,MED-061,BATCH-0219135,14,2026-06-01,2028-05-31,2026-06-29
HOSP-MD-003,MED-062,BATCH-0214684,13,2026-05-04,2029-05-03,2026-06-29
HOSP-MD-003,MED-063,BATCH-0219136,5,2026-06-01,2028-05-31,2026-06-29
HOSP-MD-003,MED-064,BATCH-0221852,31,2026-06-15,2031-06-15,2026-06-29
HOSP-MD-003,MED-065,BATCH-0221853,4,2026-06-15,2026-07-15,2026-06-29
HOSP-MD-003,MED-066,BATCH-0224566,9,2026-06-29,2026-07-29,2026-06-29
HOSP-MD-003,MED-067,BATCH-0223230,9,2026-06-22,2029-06-21,2026-06-29
HOSP-MD-003,MED-067,BATCH-0224567,11,2026-06-29,2029-06-28,2026-06-29
HOSP-MD-003,MED-068,BATCH-0221855,1,2026-06-15,2029-06-14,2026-06-29
HOSP-MD-003,MED-068,BATCH-0224568,8,2026-06-29,2029-06-28,2026-06-29
HOSP-MD-003,MED-069,BATCH-0221856,3,2026-06-15,2029-06-14,2026-06-29
HOSP-MD-003,MED-069,BATCH-0224569,10,2026-06-29,2029-06-28,2026-06-29
HOSP-MD-003,MED-070,BATCH-0184197,93,2025-10-27,2027-10-27,2026-06-29
HOSP-MD-003,MED-070,BATCH-0212636,150,2026-04-20,2028-04-19,2026-06-29
HOSP-MD-003,MED-071,BATCH-0217970,4,2026-05-25,2028-05-24,2026-06-29
HOSP-MD-003,MED-071,BATCH-0223231,10,2026-06-22,2028-06-21,2026-06-29
HOSP-MD-003,MED-072,BATCH-0221857,4,2026-06-15,2028-06-14,2026-06-29
HOSP-MD-003,MED-072,BATCH-0224570,6,2026-06-29,2028-06-28,2026-06-29
HOSP-MD-004,MED-001,BATCH-0223232,3174,2026-06-22,2029-06-21,2026-06-29
HOSP-MD-004,MED-001,BATCH-0224571,4200,2026-06-29,2029-06-28,2026-06-29
HOSP-MD-004,MED-002,BATCH-0223233,386,2026-06-22,2028-06-21,2026-06-29
HOSP-MD-004,MED-002,BATCH-0224572,629,2026-06-29,2028-06-28,2026-06-29
HOSP-MD-004,MED-003,BATCH-0223234,1739,2026-06-22,2029-06-21,2026-06-29
HOSP-MD-004,MED-004,BATCH-0223235,429,2026-06-22,2028-06-21,2026-06-29
HOSP-MD-004,MED-005,BATCH-0224573,4000,2026-06-29,2028-06-28,2026-06-29
HOSP-MD-004,MED-006,BATCH-0221861,41,2026-06-15,2028-06-14,2026-06-29
HOSP-MD-004,MED-006,BATCH-0223237,770,2026-06-22,2028-06-21,2026-06-29
HOSP-MD-004,MED-007,BATCH-0223238,674,2026-06-22,2028-06-21,2026-06-29
HOSP-MD-004,MED-007,BATCH-0224574,792,2026-06-29,2028-06-28,2026-06-29
HOSP-MD-004,MED-008,BATCH-0223239,1067,2026-06-22,2029-06-21,2026-06-29
HOSP-MD-004,MED-009,BATCH-0223240,408,2026-06-22,2028-06-21,2026-06-29
HOSP-MD-004,MED-009,BATCH-0224575,1210,2026-06-29,2028-06-28,2026-06-29
HOSP-MD-004,MED-010,BATCH-0224576,2100,2026-06-29,2029-06-28,2026-06-29
HOSP-MD-004,MED-011,BATCH-0223242,341,2026-06-22,2029-06-21,2026-06-29
HOSP-MD-004,MED-011,BATCH-0224577,3650,2026-06-29,2029-06-28,2026-06-29
HOSP-MD-004,MED-012,BATCH-0223243,779,2026-06-22,2029-06-21,2026-06-29
HOSP-MD-004,MED-012,BATCH-0224578,2300,2026-06-29,2029-06-28,2026-06-29
HOSP-MD-004,MED-013,BATCH-0221867,352,2026-06-15,2028-06-14,2026-06-29
HOSP-MD-004,MED-013,BATCH-0224579,1478,2026-06-29,2028-06-28,2026-06-29
HOSP-MD-004,MED-014,BATCH-0223244,1162,2026-06-22,2028-06-21,2026-06-29
HOSP-MD-004,MED-014,BATCH-0224580,1620,2026-06-29,2028-06-28,2026-06-29
HOSP-MD-004,MED-015,BATCH-0221868,61,2026-06-15,2028-06-14,2026-06-29
HOSP-MD-004,MED-015,BATCH-0223245,1004,2026-06-22,2028-06-21,2026-06-29
HOSP-MD-004,MED-016,BATCH-0223246,90,2026-06-22,2028-06-21,2026-06-29
HOSP-MD-004,MED-016,BATCH-0224581,408,2026-06-29,2028-06-28,2026-06-29
HOSP-MD-004,MED-017,BATCH-0224582,147,2026-04-13,2029-04-12,2026-06-29
HOSP-MD-004,MED-018,BATCH-0221871,65,2026-06-15,2028-06-14,2026-06-29
HOSP-MD-004,MED-018,BATCH-0224583,716,2026-06-29,2028-06-28,2026-06-29
HOSP-MD-004,MED-019,BATCH-0221872,111,2026-06-15,2028-06-14,2026-06-29
HOSP-MD-004,MED-019,BATCH-0224584,630,2026-06-29,2028-06-28,2026-06-29
HOSP-MD-004,MED-020,BATCH-0224585,675,2026-06-29,2028-06-28,2026-06-29
HOSP-MD-004,MED-021,BATCH-0221874,104,2026-06-15,2029-06-14,2026-06-29
HOSP-MD-004,MED-021,BATCH-0224586,3500,2026-06-29,2029-06-28,2026-06-29
HOSP-MD-004,MED-022,BATCH-0220541,194,2026-06-08,2029-06-07,2026-06-29
HOSP-MD-004,MED-022,BATCH-0223248,2000,2026-06-22,2029-06-21,2026-06-29
HOSP-MD-004,MED-023,BATCH-0221875,648,2026-06-15,2029-06-14,2026-06-29
HOSP-MD-004,MED-023,BATCH-0224587,3300,2026-06-29,2029-06-28,2026-06-29
HOSP-MD-004,MED-024,BATCH-0221876,64,2026-06-15,2028-06-14,2026-06-29
HOSP-MD-004,MED-024,BATCH-0223249,316,2026-06-22,2028-06-21,2026-06-29
HOSP-MD-004,MED-025,BATCH-0221877,454,2026-06-15,2029-06-14,2026-06-29
HOSP-MD-004,MED-025,BATCH-0224588,1400,2026-06-29,2029-06-28,2026-06-29
HOSP-MD-004,MED-026,BATCH-0221878,711,2026-06-15,2029-06-14,2026-06-29
HOSP-MD-004,MED-026,BATCH-0224589,2300,2026-06-29,2029-06-28,2026-06-29
HOSP-MD-004,MED-027,BATCH-0224590,2800,2026-06-29,2029-06-28,2026-06-29
HOSP-MD-004,MED-028,BATCH-0223251,463,2026-06-22,2029-06-21,2026-06-29
HOSP-MD-004,MED-028,BATCH-0224591,620,2026-06-29,2029-06-28,2026-06-29
HOSP-MD-004,MED-029,BATCH-0223252,444,2026-06-22,2029-06-21,2026-06-29
HOSP-MD-004,MED-030,BATCH-0221881,213,2026-06-15,2029-06-14,2026-06-29
HOSP-MD-004,MED-030,BATCH-0224592,562,2026-06-29,2029-06-28,2026-06-29
HOSP-MD-004,MED-031,BATCH-0220545,193,2026-06-08,2031-06-08,2026-06-29
HOSP-MD-004,MED-031,BATCH-0223253,3850,2026-06-22,2031-06-22,2026-06-29
HOSP-MD-004,MED-032,BATCH-0223254,4070,2026-06-22,2031-06-22,2026-06-29
HOSP-MD-004,MED-033,BATCH-0221882,556,2026-06-15,2031-06-15,2026-06-29
HOSP-MD-004,MED-033,BATCH-0224593,1800,2026-06-29,2031-06-29,2026-06-29
HOSP-MD-004,MED-034,BATCH-0223255,301,2026-06-22,2028-06-21,2026-06-29
HOSP-MD-004,MED-035,BATCH-0223256,68,2026-06-22,2028-06-21,2026-06-29
HOSP-MD-004,MED-035,BATCH-0224594,167,2026-06-29,2028-06-28,2026-06-29
HOSP-MD-004,MED-036,BATCH-0221884,1225,2026-06-15,2028-06-14,2026-06-29
HOSP-MD-004,MED-037,BATCH-0223257,315,2026-06-22,2029-06-21,2026-06-29
HOSP-MD-004,MED-038,BATCH-0221885,89,2026-06-15,2028-06-14,2026-06-29
HOSP-MD-004,MED-038,BATCH-0224595,650,2026-06-29,2028-06-28,2026-06-29
HOSP-MD-004,MED-039,BATCH-0221886,199,2026-06-15,2029-06-14,2026-06-29
HOSP-MD-004,MED-039,BATCH-0224596,450,2026-06-29,2029-06-28,2026-06-29
HOSP-MD-004,MED-040,BATCH-0221887,153,2026-06-15,2029-06-14,2026-06-29
HOSP-MD-004,MED-040,BATCH-0224597,310,2026-06-29,2029-06-28,2026-06-29
HOSP-MD-004,MED-041,BATCH-0221888,17,2026-06-15,2028-06-14,2026-06-29
HOSP-MD-004,MED-041,BATCH-0224598,60,2026-06-29,2028-06-28,2026-06-29
HOSP-MD-004,MED-042,BATCH-0223258,23,2026-06-22,2028-06-21,2026-06-29
HOSP-MD-004,MED-042,BATCH-0224599,32,2026-06-29,2028-06-28,2026-06-29
HOSP-MD-004,MED-043,BATCH-0221889,11,2026-06-15,2028-06-14,2026-06-29
HOSP-MD-004,MED-043,BATCH-0224600,23,2026-06-29,2028-06-28,2026-06-29
HOSP-MD-004,MED-044,BATCH-0221890,14,2026-06-15,2028-06-14,2026-06-29
HOSP-MD-004,MED-044,BATCH-0224601,23,2026-06-29,2028-06-28,2026-06-29
HOSP-MD-004,MED-045,BATCH-0221891,87,2026-06-15,2028-06-14,2026-06-29
HOSP-MD-004,MED-046,BATCH-0219172,10,2026-06-01,2027-11-30,2026-06-29
HOSP-MD-004,MED-046,BATCH-0224602,13,2026-06-29,2027-12-28,2026-06-29
HOSP-MD-004,MED-047,BATCH-0224603,2100,2026-06-29,2029-06-28,2026-06-29
HOSP-MD-004,MED-048,BATCH-0221893,84,2026-06-15,2028-06-14,2026-06-29
HOSP-MD-004,MED-048,BATCH-0223259,393,2026-06-22,2028-06-21,2026-06-29
HOSP-MD-004,MED-049,BATCH-0223260,770,2026-06-22,2028-06-21,2026-06-29
HOSP-MD-004,MED-050,BATCH-0221894,266,2026-06-15,2028-06-14,2026-06-29
HOSP-MD-004,MED-050,BATCH-0224604,370,2026-06-29,2028-06-28,2026-06-29
HOSP-MD-004,MED-051,BATCH-0220553,206,2026-06-08,2028-06-07,2026-06-29
HOSP-MD-004,MED-051,BATCH-0223261,240,2026-06-22,2028-06-21,2026-06-29
HOSP-MD-004,MED-052,BATCH-0223262,722,2026-06-22,2028-06-21,2026-06-29
HOSP-MD-004,MED-053,BATCH-0223263,678,2026-06-22,2028-06-21,2026-06-29
HOSP-MD-004,MED-054,BATCH-0223264,423,2026-06-22,2028-06-21,2026-06-29
HOSP-MD-004,MED-055,BATCH-0223265,271,2026-06-22,2029-06-21,2026-06-29
HOSP-MD-004,MED-056,BATCH-0221895,26,2026-06-15,2029-06-14,2026-06-29
HOSP-MD-004,MED-056,BATCH-0223266,170,2026-06-22,2029-06-21,2026-06-29
HOSP-MD-004,MED-057,BATCH-0220558,5,2026-06-08,2028-06-07,2026-06-29
HOSP-MD-004,MED-057,BATCH-0223267,126,2026-06-22,2028-06-21,2026-06-29
HOSP-MD-004,MED-058,BATCH-0223268,123,2026-06-22,2028-06-21,2026-06-29
HOSP-MD-004,MED-059,BATCH-0221896,46,2026-06-15,2028-06-14,2026-06-29
HOSP-MD-004,MED-059,BATCH-0224605,85,2026-06-29,2028-06-28,2026-06-29
HOSP-MD-004,MED-060,BATCH-0221897,1,2026-06-15,2028-06-14,2026-06-29
HOSP-MD-004,MED-060,BATCH-0223269,50,2026-06-22,2028-06-21,2026-06-29
HOSP-MD-004,MED-061,BATCH-0223270,210,2026-06-22,2028-06-21,2026-06-29
HOSP-MD-004,MED-062,BATCH-0224606,210,2026-06-29,2029-06-28,2026-06-29
HOSP-MD-004,MED-063,BATCH-0223272,77,2026-06-22,2028-06-21,2026-06-29
HOSP-MD-004,MED-064,BATCH-0221900,339,2026-06-15,2031-06-15,2026-06-29
HOSP-MD-004,MED-064,BATCH-0224607,660,2026-06-29,2031-06-29,2026-06-29
HOSP-MD-004,MED-065,BATCH-0224608,4,2026-06-15,2026-07-15,2026-06-29
HOSP-MD-004,MED-066,BATCH-0221902,53,2026-06-15,2026-07-15,2026-06-29
HOSP-MD-004,MED-066,BATCH-0224609,121,2026-06-29,2026-07-29,2026-06-29
HOSP-MD-004,MED-067,BATCH-0221903,130,2026-06-15,2029-06-14,2026-06-29
HOSP-MD-004,MED-067,BATCH-0223274,379,2026-06-22,2029-06-21,2026-06-29
HOSP-MD-004,MED-068,BATCH-0224610,221,2026-06-29,2029-06-28,2026-06-29
HOSP-MD-004,MED-069,BATCH-0221904,64,2026-06-15,2029-06-14,2026-06-29
HOSP-MD-004,MED-069,BATCH-0224611,165,2026-06-29,2029-06-28,2026-06-29
HOSP-MD-004,MED-070,BATCH-0223276,606,2026-06-22,2028-06-21,2026-06-29
HOSP-MD-004,MED-071,BATCH-0221905,66,2026-06-15,2028-06-14,2026-06-29
HOSP-MD-004,MED-071,BATCH-0224612,120,2026-06-29,2028-06-28,2026-06-29
HOSP-MD-004,MED-072,BATCH-0223277,179,2026-06-22,2028-06-21,2026-06-29
HOSP-MD-004,MED-072,BATCH-0224613,207,2026-06-29,2028-06-28,2026-06-29
HOSP-GD-002,MED-001,BATCH-0221361,7,2026-06-13,2029-06-12,2026-06-29
HOSP-GD-002,MED-001,BATCH-0224054,300,2026-06-29,2029-06-28,2026-06-29
HOSP-GD-002,MED-002,BATCH-0224055,30,2026-06-27,2028-06-26,2026-06-29
HOSP-GD-002,MED-003,BATCH-0220005,132,2026-06-07,2029-06-06,2026-06-29
HOSP-GD-002,MED-004,BATCH-0222679,25,2026-06-20,2028-06-19,2026-06-29
HOSP-GD-002,MED-005,BATCH-0222680,142,2026-06-21,2028-06-20,2026-06-29
HOSP-GD-002,MED-006,BATCH-0222681,25,2026-06-20,2028-06-19,2026-06-29
HOSP-GD-002,MED-007,BATCH-0224056,47,2026-06-27,2028-06-26,2026-06-29
HOSP-GD-002,MED-009,BATCH-0222683,11,2026-06-21,2028-06-20,2026-06-29
HOSP-GD-002,MED-010,BATCH-0222684,179,2026-06-20,2029-06-19,2026-06-29
HOSP-GD-002,MED-011,BATCH-0224057,91,2026-06-29,2029-06-28,2026-06-29
HOSP-GD-002,MED-012,BATCH-0221366,57,2026-06-13,2029-06-12,2026-06-29
HOSP-GD-002,MED-014,BATCH-0224058,71,2026-06-28,2028-06-27,2026-06-29
HOSP-GD-002,MED-015,BATCH-0224059,56,2026-06-29,2028-06-28,2026-06-29
HOSP-GD-002,MED-016,BATCH-0222687,47,2026-06-22,2028-06-21,2026-06-29
HOSP-GD-002,MED-017,BATCH-0182306,249,2025-10-18,2028-10-17,2026-06-29
HOSP-GD-002,MED-018,BATCH-0222688,3,2026-06-21,2028-06-20,2026-06-29
HOSP-GD-002,MED-018,BATCH-0224060,23,2026-06-27,2028-06-26,2026-06-29
HOSP-GD-002,MED-019,BATCH-0224061,21,2026-06-27,2028-06-26,2026-06-29
HOSP-GD-002,MED-020,BATCH-0222689,6,2026-06-20,2028-06-19,2026-06-29
HOSP-GD-002,MED-021,BATCH-0222690,112,2026-06-20,2029-06-19,2026-06-29
HOSP-GD-002,MED-022,BATCH-0220016,42,2026-06-06,2029-06-05,2026-06-29
HOSP-GD-002,MED-022,BATCH-0224062,200,2026-06-28,2029-06-27,2026-06-29
HOSP-GD-002,MED-023,BATCH-0222691,60,2026-06-22,2029-06-21,2026-06-29
HOSP-GD-002,MED-024,BATCH-0222692,11,2026-06-22,2028-06-21,2026-06-29
HOSP-GD-002,MED-025,BATCH-0220018,123,2026-06-07,2029-06-06,2026-06-29
HOSP-GD-002,MED-026,BATCH-0221371,131,2026-06-13,2029-06-12,2026-06-29
HOSP-GD-002,MED-027,BATCH-0222693,4,2026-06-22,2029-06-21,2026-06-29
HOSP-GD-002,MED-028,BATCH-0222694,30,2026-06-21,2029-06-20,2026-06-29
HOSP-GD-002,MED-029,BATCH-0224063,180,2026-06-29,2029-06-28,2026-06-29
HOSP-GD-002,MED-030,BATCH-0222695,1,2026-06-22,2029-06-21,2026-06-29
HOSP-GD-002,MED-030,BATCH-0224064,28,2026-06-27,2029-06-26,2026-06-29
HOSP-GD-002,MED-031,BATCH-0222696,148,2026-06-21,2031-06-21,2026-06-29
HOSP-GD-002,MED-032,BATCH-0222697,231,2026-06-21,2031-06-21,2026-06-29
HOSP-GD-002,MED-033,BATCH-0221372,60,2026-06-15,2031-06-15,2026-06-29
HOSP-GD-002,MED-034,BATCH-0222698,15,2026-06-22,2028-06-21,2026-06-29
HOSP-GD-002,MED-035,BATCH-0224065,6,2026-06-28,2028-06-27,2026-06-29
HOSP-GD-002,MED-036,BATCH-0222699,104,2026-06-21,2028-06-20,2026-06-29
HOSP-GD-002,MED-037,BATCH-0221374,3,2026-06-13,2029-06-12,2026-06-29
HOSP-GD-002,MED-037,BATCH-0224066,20,2026-06-27,2029-06-26,2026-06-29
HOSP-GD-002,MED-038,BATCH-0221375,2,2026-06-14,2028-06-13,2026-06-29
HOSP-GD-002,MED-038,BATCH-0224067,30,2026-06-28,2028-06-27,2026-06-29
HOSP-GD-002,MED-039,BATCH-0222700,31,2026-06-22,2029-06-21,2026-06-29
HOSP-GD-002,MED-040,BATCH-0222701,3,2026-06-22,2029-06-21,2026-06-29
HOSP-GD-002,MED-041,BATCH-0222702,2,2026-06-21,2028-06-20,2026-06-29
HOSP-GD-002,MED-042,BATCH-0222703,6,2026-06-22,2028-06-21,2026-06-29
HOSP-GD-002,MED-043,BATCH-0221376,6,2026-06-13,2028-06-12,2026-06-29
HOSP-GD-002,MED-044,BATCH-0213265,2,2026-04-25,2028-04-24,2026-06-29
HOSP-GD-002,MED-044,BATCH-0222704,6,2026-06-21,2028-06-20,2026-06-29
HOSP-GD-002,MED-045,BATCH-0213266,20,2026-04-26,2028-04-25,2026-06-29
HOSP-GD-002,MED-046,BATCH-0210117,1,2026-04-06,2027-10-05,2026-06-29
HOSP-GD-002,MED-046,BATCH-0218672,6,2026-06-01,2027-11-30,2026-06-29
HOSP-GD-002,MED-047,BATCH-0224068,25,2026-06-27,2029-06-26,2026-06-29
HOSP-GD-002,MED-048,BATCH-0222705,13,2026-06-22,2028-06-21,2026-06-29
HOSP-GD-002,MED-049,BATCH-0207940,142,2026-03-23,2028-03-22,2026-06-29
HOSP-GD-002,MED-050,BATCH-0222706,18,2026-06-20,2028-06-19,2026-06-29
HOSP-GD-002,MED-051,BATCH-0218673,4,2026-05-31,2028-05-30,2026-06-29
HOSP-GD-002,MED-051,BATCH-0224069,30,2026-06-28,2028-06-27,2026-06-29
HOSP-GD-002,MED-052,BATCH-0222707,18,2026-06-22,2028-06-21,2026-06-29
HOSP-GD-002,MED-053,BATCH-0221378,17,2026-06-14,2028-06-13,2026-06-29
HOSP-GD-002,MED-053,BATCH-0224070,30,2026-06-28,2028-06-27,2026-06-29
HOSP-GD-002,MED-054,BATCH-0224071,26,2026-06-27,2028-06-26,2026-06-29
HOSP-GD-002,MED-055,BATCH-0222708,5,2026-06-22,2029-06-21,2026-06-29
HOSP-GD-002,MED-057,BATCH-0222709,5,2026-06-21,2028-06-20,2026-06-29
HOSP-GD-002,MED-058,BATCH-0224072,9,2026-06-28,2028-06-27,2026-06-29
HOSP-GD-002,MED-059,BATCH-0220030,2,2026-06-07,2028-06-06,2026-06-29
HOSP-GD-002,MED-059,BATCH-0224073,5,2026-06-27,2028-06-26,2026-06-29
HOSP-GD-002,MED-060,BATCH-0220031,1,2026-06-08,2028-06-07,2026-06-29
HOSP-GD-002,MED-060,BATCH-0222711,5,2026-06-21,2028-06-20,2026-06-29
HOSP-GD-002,MED-061,BATCH-0220032,6,2026-06-06,2028-06-05,2026-06-29
HOSP-GD-002,MED-061,BATCH-0224074,20,2026-06-29,2028-06-28,2026-06-29
HOSP-GD-002,MED-062,BATCH-0221381,18,2026-06-13,2029-06-12,2026-06-29
HOSP-GD-002,MED-063,BATCH-0224075,7,2026-06-27,2028-06-26,2026-06-29
HOSP-GD-002,MED-064,BATCH-0222713,23,2026-06-21,2031-06-21,2026-06-29
HOSP-GD-002,MED-065,BATCH-0222714,5,2026-06-21,2026-07-21,2026-06-29
HOSP-GD-002,MED-066,BATCH-0224076,8,2026-06-28,2026-07-28,2026-06-29
HOSP-GD-002,MED-067,BATCH-0222715,16,2026-06-21,2029-06-20,2026-06-29
HOSP-GD-002,MED-068,BATCH-0224077,6,2026-06-28,2029-06-27,2026-06-29
HOSP-GD-002,MED-069,BATCH-0221386,6,2026-06-15,2029-06-14,2026-06-29
HOSP-GD-002,MED-070,BATCH-0197622,56,2026-01-19,2028-01-19,2026-06-29
HOSP-GD-002,MED-070,BATCH-0215406,150,2026-05-11,2028-05-10,2026-06-29
HOSP-GD-002,MED-071,BATCH-0220036,9,2026-06-06,2028-06-05,2026-06-29
HOSP-GD-002,MED-072,BATCH-0224078,8,2026-06-27,2028-06-26,2026-06-29
HOSP-GD-003,MED-001,BATCH-0224079,180,2026-06-28,2029-06-27,2026-06-29
HOSP-GD-003,MED-002,BATCH-0224080,11,2026-06-29,2028-06-28,2026-06-29
HOSP-GD-003,MED-003,BATCH-0218683,171,2026-06-01,2029-05-31,2026-06-29
HOSP-GD-003,MED-004,BATCH-0217590,1,2026-05-25,2028-05-24,2026-06-29
HOSP-GD-003,MED-004,BATCH-0224081,20,2026-06-28,2028-06-27,2026-06-29
HOSP-GD-003,MED-005,BATCH-0217591,75,2026-05-23,2028-05-22,2026-06-29
HOSP-GD-003,MED-006,BATCH-0224082,27,2026-06-29,2028-06-28,2026-06-29
HOSP-GD-003,MED-007,BATCH-0224083,22,2026-06-29,2028-06-28,2026-06-29
HOSP-GD-003,MED-008,BATCH-0222717,12,2026-06-20,2029-06-19,2026-06-29
HOSP-GD-003,MED-009,BATCH-0224084,11,2026-06-29,2028-06-28,2026-06-29
HOSP-GD-003,MED-010,BATCH-0209066,125,2026-03-28,2029-03-27,2026-06-29
HOSP-GD-003,MED-011,BATCH-0224085,73,2026-06-27,2029-06-26,2026-06-29
HOSP-GD-003,MED-012,BATCH-0218685,59,2026-05-30,2029-05-29,2026-06-29
HOSP-GD-003,MED-012,BATCH-0224086,300,2026-06-28,2029-06-27,2026-06-29
HOSP-GD-003,MED-013,BATCH-0224087,19,2026-06-28,2028-06-27,2026-06-29
HOSP-GD-003,MED-014,BATCH-0224088,12,2026-06-29,2028-06-28,2026-06-29
HOSP-GD-003,MED-015,BATCH-0222720,10,2026-06-22,2028-06-21,2026-06-29
HOSP-GD-003,MED-016,BATCH-0216503,17,2026-05-17,2028-05-16,2026-06-29
HOSP-GD-003,MED-017,BATCH-0113588,111,2024-09-21,2027-09-21,2026-06-29
HOSP-GD-003,MED-018,BATCH-0224089,2,2026-06-29,2028-06-28,2026-06-29
HOSP-GD-003,MED-019,BATCH-0220043,3,2026-06-07,2028-06-06,2026-06-29
HOSP-GD-003,MED-020,BATCH-0222721,1,2026-06-20,2028-06-19,2026-06-29
HOSP-GD-003,MED-021,BATCH-0224090,180,2026-06-29,2029-06-28,2026-06-29
HOSP-GD-003,MED-022,BATCH-0211167,41,2026-04-11,2029-04-10,2026-06-29
HOSP-GD-003,MED-022,BATCH-0222722,200,2026-06-20,2029-06-19,2026-06-29
HOSP-GD-003,MED-023,BATCH-0214311,61,2026-05-04,2029-05-03,2026-06-29
HOSP-GD-003,MED-023,BATCH-0224091,200,2026-06-29,2029-06-28,2026-06-29
HOSP-GD-003,MED-024,BATCH-0222723,2,2026-06-21,2028-06-20,2026-06-29
HOSP-GD-003,MED-025,BATCH-0205748,96,2026-03-09,2029-03-08,2026-06-29
HOSP-GD-003,MED-026,BATCH-0213285,207,2026-04-25,2029-04-24,2026-06-29
HOSP-GD-003,MED-027,BATCH-0222724,157,2026-06-22,2029-06-21,2026-06-29
HOSP-GD-003,MED-028,BATCH-0222725,14,2026-06-21,2029-06-20,2026-06-29
HOSP-GD-003,MED-029,BATCH-0212257,94,2026-04-20,2029-04-19,2026-06-29
HOSP-GD-003,MED-030,BATCH-0224092,11,2026-06-29,2029-06-28,2026-06-29
HOSP-GD-003,MED-031,BATCH-0220046,9,2026-06-07,2031-06-07,2026-06-29
HOSP-GD-003,MED-031,BATCH-0222726,100,2026-06-20,2031-06-20,2026-06-29
HOSP-GD-003,MED-032,BATCH-0221397,71,2026-06-15,2031-06-15,2026-06-29
HOSP-GD-003,MED-033,BATCH-0220047,27,2026-06-06,2031-06-06,2026-06-29
HOSP-GD-003,MED-034,BATCH-0212671,9,2026-03-29,2028-03-28,2026-06-29
HOSP-GD-003,MED-035,BATCH-0220048,3,2026-06-06,2028-06-05,2026-06-29
HOSP-GD-003,MED-035,BATCH-0224093,5,2026-06-28,2028-06-27,2026-06-29
HOSP-GD-003,MED-036,BATCH-0217596,101,2026-05-25,2028-05-24,2026-06-29
HOSP-GD-003,MED-037,BATCH-0222727,4,2026-06-21,2029-06-20,2026-06-29
HOSP-GD-003,MED-038,BATCH-0221398,6,2026-06-13,2028-06-12,2026-06-29
HOSP-GD-003,MED-039,BATCH-0222728,13,2026-06-22,2029-06-21,2026-06-29
HOSP-GD-003,MED-040,BATCH-0221399,10,2026-06-14,2029-06-13,2026-06-29
HOSP-GD-003,MED-041,BATCH-0201238,3,2026-02-08,2028-02-08,2026-06-29
HOSP-GD-003,MED-041,BATCH-0215417,5,2026-05-09,2028-05-08,2026-06-29
HOSP-GD-003,MED-042,BATCH-0213288,2,2026-04-27,2028-04-26,2026-06-29
HOSP-GD-003,MED-042,BATCH-0221400,6,2026-06-15,2028-06-14,2026-06-29
HOSP-GD-003,MED-043,BATCH-0173236,1,2025-09-01,2027-09-01,2026-06-29
HOSP-GD-003,MED-043,BATCH-0206890,5,2026-03-14,2028-03-13,2026-06-29
HOSP-GD-003,MED-044,BATCH-0185026,2,2025-11-03,2027-11-03,2026-06-29
HOSP-GD-003,MED-044,BATCH-0211172,5,2026-04-11,2028-04-10,2026-06-29
HOSP-GD-003,MED-045,BATCH-0216508,27,2026-05-18,2028-05-17,2026-06-29
HOSP-GD-003,MED-046,BATCH-0166220,1,2025-07-28,2027-01-26,2026-06-29
HOSP-GD-003,MED-046,BATCH-0191722,5,2025-12-14,2027-06-14,2026-06-29
HOSP-GD-003,MED-047,BATCH-0221401,80,2026-06-15,2029-06-14,2026-06-29
HOSP-GD-003,MED-048,BATCH-0222729,8,2026-06-20,2028-06-19,2026-06-29
HOSP-GD-003,MED-049,BATCH-0194013,19,2025-12-29,2027-12-29,2026-06-29
HOSP-GD-003,MED-049,BATCH-0215418,300,2026-05-09,2028-05-08,2026-06-29
HOSP-GD-003,MED-050,BATCH-0220050,15,2026-06-07,2028-06-06,2026-06-29
HOSP-GD-003,MED-051,BATCH-0221403,2,2026-06-14,2028-06-13,2026-06-29
HOSP-GD-003,MED-051,BATCH-0224094,20,2026-06-29,2028-06-28,2026-06-29
HOSP-GD-003,MED-052,BATCH-0224095,9,2026-06-29,2028-06-28,2026-06-29
HOSP-GD-003,MED-053,BATCH-0221405,22,2026-06-15,2028-06-14,2026-06-29
HOSP-GD-003,MED-054,BATCH-0224096,15,2026-06-29,2028-06-28,2026-06-29
HOSP-GD-003,MED-055,BATCH-0218699,8,2026-05-31,2029-05-30,2026-06-29
HOSP-GD-003,MED-056,BATCH-0224097,6,2026-06-27,2029-06-26,2026-06-29
HOSP-GD-003,MED-057,BATCH-0215420,1,2026-05-11,2028-05-10,2026-06-29
HOSP-GD-003,MED-057,BATCH-0220052,5,2026-06-08,2028-06-07,2026-06-29
HOSP-GD-003,MED-058,BATCH-0215421,2,2026-05-10,2028-05-09,2026-06-29
HOSP-GD-003,MED-058,BATCH-0222730,5,2026-06-22,2028-06-21,2026-06-29
HOSP-GD-003,MED-059,BATCH-0221406,5,2026-06-15,2028-06-14,2026-06-29
HOSP-GD-003,MED-060,BATCH-0224098,5,2026-06-29,2028-06-28,2026-06-29
HOSP-GD-003,MED-061,BATCH-0216514,11,2026-05-18,2028-05-17,2026-06-29
HOSP-GD-003,MED-062,BATCH-0220053,13,2026-06-06,2029-06-05,2026-06-29
HOSP-GD-003,MED-063,BATCH-0218700,5,2026-06-01,2028-05-31,2026-06-29
HOSP-GD-003,MED-064,BATCH-0221407,20,2026-06-13,2031-06-13,2026-06-29
HOSP-GD-003,MED-065,BATCH-0224099,6,2026-06-28,2026-07-28,2026-06-29
HOSP-GD-003,MED-066,BATCH-0221408,3,2026-06-14,2026-07-14,2026-06-29
HOSP-GD-003,MED-067,BATCH-0222731,8,2026-06-21,2029-06-20,2026-06-29
HOSP-GD-003,MED-068,BATCH-0218702,1,2026-06-01,2029-05-31,2026-06-29
HOSP-GD-003,MED-068,BATCH-0224100,7,2026-06-27,2029-06-26,2026-06-29
HOSP-GD-003,MED-069,BATCH-0224101,6,2026-06-27,2029-06-26,2026-06-29
HOSP-GD-003,MED-070,BATCH-0160525,19,2025-06-29,2027-06-29,2026-06-29
HOSP-GD-003,MED-070,BATCH-0197646,150,2026-01-18,2028-01-18,2026-06-29
HOSP-GD-003,MED-071,BATCH-0216517,9,2026-05-17,2028-05-16,2026-06-29
HOSP-GD-003,MED-072,BATCH-0224102,6,2026-06-28,2028-06-27,2026-06-29
HOSP-GD-004,MED-001,BATCH-0212265,133,2026-04-19,2029-04-18,2026-06-29
HOSP-GD-004,MED-002,BATCH-0224103,9,2026-06-28,2028-06-27,2026-06-29
HOSP-GD-004,MED-003,BATCH-0175714,134,2025-09-14,2028-09-13,2026-06-29
HOSP-GD-004,MED-004,BATCH-0201247,13,2026-02-09,2028-02-09,2026-06-29
HOSP-GD-004,MED-005,BATCH-0185035,123,2025-11-01,2027-11-01,2026-06-29
HOSP-GD-004,MED-006,BATCH-0197647,10,2026-01-19,2028-01-19,2026-06-29
HOSP-GD-004,MED-007,BATCH-0209082,1,2026-03-28,2028-03-27,2026-06-29
HOSP-GD-004,MED-007,BATCH-0210130,6,2026-04-04,2028-04-03,2026-06-29
HOSP-GD-004,MED-008,BATCH-0214322,9,2026-05-02,2029-05-01,2026-06-29
HOSP-GD-004,MED-009,BATCH-0221410,3,2026-06-13,2028-06-12,2026-06-29
HOSP-GD-004,MED-009,BATCH-0222733,5,2026-06-20,2028-06-19,2026-06-29
HOSP-GD-004,MED-010,BATCH-0169064,131,2025-08-09,2028-08-08,2026-06-29
HOSP-GD-004,MED-011,BATCH-0218705,25,2026-05-30,2029-05-29,2026-06-29
HOSP-GD-004,MED-011,BATCH-0220055,50,2026-06-06,2029-06-05,2026-06-29
HOSP-GD-004,MED-012,BATCH-0176938,138,2025-09-22,2028-09-21,2026-06-29
HOSP-GD-004,MED-013,BATCH-0218706,4,2026-05-31,2028-05-30,2026-06-29
HOSP-GD-004,MED-014,BATCH-0224104,9,2026-06-29,2028-06-28,2026-06-29
HOSP-GD-004,MED-015,BATCH-0221411,5,2026-06-13,2028-06-12,2026-06-29
HOSP-GD-004,MED-016,BATCH-0140114,38,2025-02-22,2027-02-22,2026-06-29
HOSP-GD-004,MED-018,BATCH-0212266,1,2026-04-20,2028-04-19,2026-06-29
HOSP-GD-004,MED-018,BATCH-0213295,6,2026-04-26,2028-04-25,2026-06-29
HOSP-GD-004,MED-019,BATCH-0217603,16,2026-05-23,2028-05-22,2026-06-29
HOSP-GD-004,MED-020,BATCH-0209085,1,2026-03-28,2028-03-27,2026-06-29
HOSP-GD-004,MED-020,BATCH-0210132,5,2026-04-04,2028-04-03,2026-06-29
HOSP-GD-004,MED-021,BATCH-0216519,175,2026-05-17,2029-05-16,2026-06-29
HOSP-GD-004,MED-022,BATCH-0194019,161,2025-12-27,2028-12-26,2026-06-29
HOSP-GD-004,MED-023,BATCH-0191731,160,2025-12-13,2028-12-12,2026-06-29
HOSP-GD-004,MED-024,BATCH-0202448,4,2026-02-14,2028-02-14,2026-06-29
HOSP-GD-004,MED-024,BATCH-0222735,5,2026-06-22,2028-06-21,2026-06-29
HOSP-GD-004,MED-024,BATCH-0224105,5,2026-06-27,2028-06-26,2026-06-29
HOSP-GD-004,MED-025,BATCH-0107160,92,2024-08-17,2027-08-17,2026-06-29
HOSP-GD-004,MED-025,BATCH-0222736,200,2026-06-22,2029-06-21,2026-06-29
HOSP-GD-004,MED-025,BATCH-0224106,200,2026-06-28,2029-06-27,2026-06-29
HOSP-GD-004,MED-026,BATCH-0190601,171,2025-12-07,2028-12-06,2026-06-29
HOSP-GD-004,MED-027,BATCH-0192893,148,2025-12-20,2028-12-19,2026-06-29
HOSP-GD-004,MED-028,BATCH-0224107,18,2026-06-28,2029-06-27,2026-06-29
HOSP-GD-004,MED-029,BATCH-0128256,115,2024-12-16,2027-12-16,2026-06-29
HOSP-GD-004,MED-030,BATCH-0211182,2,2026-04-11,2029-04-10,2026-06-29
HOSP-GD-004,MED-030,BATCH-0212267,5,2026-04-18,2029-04-17,2026-06-29
HOSP-GD-004,MED-031,BATCH-0209086,18,2026-03-28,2031-03-28,2026-06-29
HOSP-GD-004,MED-031,BATCH-0210133,50,2026-04-05,2031-04-05,2026-06-29
HOSP-GD-004,MED-032,BATCH-0204699,23,2026-03-01,2031-03-01,2026-06-29
HOSP-GD-004,MED-032,BATCH-0205762,100,2026-03-08,2031-03-08,2026-06-29
HOSP-GD-004,MED-033,BATCH-0216520,36,2026-05-17,2031-05-17,2026-06-29
HOSP-GD-004,MED-033,BATCH-0217604,50,2026-05-25,2031-05-25,2026-06-29
HOSP-GD-004,MED-034,BATCH-0212268,17,2026-04-20,2028-04-19,2026-06-29
HOSP-GD-004,MED-035,BATCH-0148839,6,2025-04-21,2027-04-21,2026-06-29
HOSP-GD-004,MED-036,BATCH-0183730,130,2025-10-27,2027-10-27,2026-06-29
HOSP-GD-004,MED-037,BATCH-0220057,3,2026-06-06,2029-06-05,2026-06-29
HOSP-GD-004,MED-038,BATCH-0202449,12,2026-02-15,2028-02-15,2026-06-29
HOSP-GD-004,MED-039,BATCH-0197651,9,2026-01-18,2029-01-17,2026-06-29
HOSP-GD-004,MED-040,BATCH-0209088,17,2026-03-30,2029-03-29,2026-06-29
HOSP-GD-004,MED-041,BATCH-0137810,5,2025-02-08,2027-02-08,2026-06-29
HOSP-GD-004,MED-042,BATCH-0201252,7,2026-02-08,2028-02-08,2026-06-29
HOSP-GD-004,MED-043,BATCH-0138964,5,2025-02-15,2027-02-15,2026-06-29
HOSP-GD-004,MED-044,BATCH-0123842,1,2024-11-18,2026-11-18,2026-06-29
HOSP-GD-004,MED-044,BATCH-0124871,5,2024-11-24,2026-11-24,2026-06-29
HOSP-GD-004,MED-045,BATCH-0150871,32,2025-05-03,2027-05-03,2026-06-29
HOSP-GD-004,MED-046,BATCH-0213296,9,2026-04-25,2027-10-24,2026-06-29
HOSP-GD-004,MED-047,BATCH-0196420,75,2026-01-11,2029-01-10,2026-06-29
HOSP-GD-004,MED-048,BATCH-0203540,2,2026-02-22,2028-02-22,2026-06-29
HOSP-GD-004,MED-048,BATCH-0224108,5,2026-06-27,2028-06-26,2026-06-29
HOSP-GD-004,MED-049,BATCH-0135859,115,2025-01-05,2027-01-05,2026-06-29
HOSP-GD-004,MED-050,BATCH-0215425,18,2026-05-09,2028-05-08,2026-06-29
HOSP-GD-004,MED-051,BATCH-0212270,8,2026-04-20,2028-04-19,2026-06-29
HOSP-GD-004,MED-051,BATCH-0213297,10,2026-04-26,2028-04-25,2026-06-29
HOSP-GD-004,MED-052,BATCH-0217605,2,2026-05-25,2028-05-24,2026-06-29
HOSP-GD-004,MED-052,BATCH-0218708,6,2026-05-31,2028-05-30,2026-06-29
HOSP-GD-004,MED-053,BATCH-0186229,6,2025-11-10,2027-11-10,2026-06-29
HOSP-GD-004,MED-053,BATCH-0222738,10,2026-06-22,2028-06-21,2026-06-29
HOSP-GD-004,MED-053,BATCH-0224109,10,2026-06-29,2028-06-28,2026-06-29
HOSP-GD-004,MED-054,BATCH-0224110,7,2026-06-29,2028-06-28,2026-06-29
HOSP-GD-004,MED-055,BATCH-0127115,12,2024-12-09,2027-12-09,2026-06-29
HOSP-GD-004,MED-056,BATCH-0201253,8,2026-02-07,2029-02-06,2026-06-29
HOSP-GD-004,MED-057,BATCH-0154162,5,2025-05-26,2027-05-26,2026-06-29
HOSP-GD-004,MED-058,BATCH-0209089,4,2026-03-30,2028-03-29,2026-06-29
HOSP-GD-004,MED-058,BATCH-0210135,5,2026-04-04,2028-04-03,2026-06-29
HOSP-GD-004,MED-059,BATCH-0138965,6,2025-02-17,2027-02-17,2026-06-29
HOSP-GD-004,MED-060,BATCH-0186230,4,2025-11-09,2027-11-09,2026-06-29
HOSP-GD-004,MED-060,BATCH-0221412,5,2026-06-13,2028-06-12,2026-06-29
HOSP-GD-004,MED-060,BATCH-0222740,5,2026-06-22,2028-06-21,2026-06-29
HOSP-GD-004,MED-061,BATCH-0205763,16,2026-03-09,2028-03-08,2026-06-29
HOSP-GD-004,MED-062,BATCH-0150872,16,2025-05-03,2028-05-02,2026-06-29
HOSP-GD-004,MED-063,BATCH-0205764,4,2026-03-08,2028-03-07,2026-06-29
HOSP-GD-004,MED-063,BATCH-0206899,5,2026-03-16,2028-03-15,2026-06-29
HOSP-GD-004,MED-064,BATCH-0201254,6,2026-02-09,2031-02-09,2026-06-29
HOSP-GD-004,MED-064,BATCH-0202451,12,2026-02-14,2031-02-14,2026-06-29
HOSP-GD-004,MED-065,BATCH-0218709,4,2026-05-31,2026-06-30,2026-06-29
HOSP-GD-004,MED-067,BATCH-0214325,3,2026-05-04,2029-05-03,2026-06-29
HOSP-GD-004,MED-067,BATCH-0215426,5,2026-05-11,2029-05-10,2026-06-29
HOSP-GD-004,MED-068,BATCH-0163352,2,2025-07-14,2028-07-13,2026-06-29
HOSP-GD-004,MED-068,BATCH-0164816,5,2025-07-21,2028-07-20,2026-06-29
HOSP-GD-004,MED-069,BATCH-0163353,1,2025-07-12,2028-07-11,2026-06-29
HOSP-GD-004,MED-069,BATCH-0164817,5,2025-07-19,2028-07-18,2026-06-29
HOSP-GD-004,MED-070,BATCH-0146737,254,2025-04-06,2027-04-06,2026-06-29
HOSP-GD-004,MED-071,BATCH-0140116,14,2025-02-22,2027-02-22,2026-06-29
HOSP-GD-004,MED-072,BATCH-0171835,5,2025-08-25,2027-08-25,2026-06-29
HOSP-GD-005,MED-001,BATCH-0224614,44,2026-05-17,2029-05-16,2026-06-29
HOSP-GD-005,MED-002,BATCH-0224111,901,2026-06-28,2028-06-27,2026-06-29
HOSP-GD-005,MED-003,BATCH-0224112,2007,2026-06-29,2029-06-28,2026-06-29
HOSP-GD-005,MED-004,BATCH-0222742,322,2026-06-20,2028-06-19,2026-06-29
HOSP-GD-005,MED-005,BATCH-0224113,2254,2026-06-28,2028-06-27,2026-06-29
HOSP-GD-005,MED-006,BATCH-0222743,720,2026-06-20,2028-06-19,2026-06-29
HOSP-GD-005,MED-007,BATCH-0222744,443,2026-06-21,2028-06-20,2026-06-29
HOSP-GD-005,MED-008,BATCH-0224114,1207,2026-06-29,2029-06-28,2026-06-29
HOSP-GD-005,MED-009,BATCH-0224115,851,2026-06-28,2028-06-27,2026-06-29
HOSP-GD-005,MED-010,BATCH-0224116,925,2026-06-27,2029-06-26,2026-06-29
HOSP-GD-005,MED-011,BATCH-0224117,2016,2026-06-28,2029-06-27,2026-06-29
HOSP-GD-005,MED-012,BATCH-0224118,1562,2026-06-28,2029-06-27,2026-06-29
HOSP-GD-005,MED-013,BATCH-0224119,543,2026-06-28,2028-06-27,2026-06-29
HOSP-GD-005,MED-014,BATCH-0222747,193,2026-06-22,2028-06-21,2026-06-29
HOSP-GD-005,MED-014,BATCH-0224120,1510,2026-06-27,2028-06-26,2026-06-29
HOSP-GD-005,MED-015,BATCH-0224121,1124,2026-06-28,2028-06-27,2026-06-29
HOSP-GD-005,MED-016,BATCH-0224122,493,2026-06-27,2028-06-26,2026-06-29
HOSP-GD-005,MED-017,BATCH-0221426,7,2026-06-15,2029-06-14,2026-06-29
HOSP-GD-005,MED-018,BATCH-0224123,363,2026-06-29,2028-06-28,2026-06-29
HOSP-GD-005,MED-019,BATCH-0224124,562,2026-06-27,2028-06-26,2026-06-29
HOSP-GD-005,MED-020,BATCH-0222748,155,2026-06-21,2028-06-20,2026-06-29
HOSP-GD-005,MED-021,BATCH-0222749,766,2026-06-22,2029-06-21,2026-06-29
HOSP-GD-005,MED-022,BATCH-0222750,700,2026-06-21,2029-06-20,2026-06-29
HOSP-GD-005,MED-023,BATCH-0224125,2726,2026-06-29,2029-06-28,2026-06-29
HOSP-GD-005,MED-024,BATCH-0222751,204,2026-06-21,2028-06-20,2026-06-29
HOSP-GD-005,MED-025,BATCH-0224126,1681,2026-06-27,2029-06-26,2026-06-29
HOSP-GD-005,MED-026,BATCH-0222752,1275,2026-06-22,2029-06-21,2026-06-29
HOSP-GD-005,MED-027,BATCH-0224615,112,2026-06-01,2029-05-31,2026-06-29
HOSP-GD-005,MED-029,BATCH-0224127,153,2026-06-29,2029-06-28,2026-06-29
HOSP-GD-005,MED-030,BATCH-0224128,434,2026-06-28,2029-06-27,2026-06-29
HOSP-GD-005,MED-031,BATCH-0224129,3134,2026-06-28,2031-06-28,2026-06-29
HOSP-GD-005,MED-032,BATCH-0222754,881,2026-06-21,2031-06-21,2026-06-29
HOSP-GD-005,MED-033,BATCH-0224130,1428,2026-06-29,2031-06-29,2026-06-29
HOSP-GD-005,MED-034,BATCH-0222755,3,2026-06-21,2028-06-20,2026-06-29
HOSP-GD-005,MED-035,BATCH-0222756,65,2026-06-22,2028-06-21,2026-06-29
HOSP-GD-005,MED-035,BATCH-0224131,129,2026-06-29,2028-06-28,2026-06-29
HOSP-GD-005,MED-036,BATCH-0224616,251,2026-05-05,2028-05-04,2026-06-29
HOSP-GD-005,MED-037,BATCH-0224132,409,2026-06-29,2029-06-28,2026-06-29
HOSP-GD-005,MED-038,BATCH-0224133,413,2026-06-27,2028-06-26,2026-06-29
HOSP-GD-005,MED-039,BATCH-0222758,122,2026-06-21,2029-06-20,2026-06-29
HOSP-GD-005,MED-040,BATCH-0222759,117,2026-06-22,2029-06-21,2026-06-29
HOSP-GD-005,MED-041,BATCH-0221439,6,2026-06-14,2028-06-13,2026-06-29
HOSP-GD-005,MED-041,BATCH-0224134,62,2026-06-29,2028-06-28,2026-06-29
HOSP-GD-005,MED-042,BATCH-0221440,6,2026-06-15,2028-06-14,2026-06-29
HOSP-GD-005,MED-043,BATCH-0222760,2,2026-06-20,2028-06-19,2026-06-29
HOSP-GD-005,MED-044,BATCH-0224135,18,2026-06-28,2028-06-27,2026-06-29
HOSP-GD-005,MED-045,BATCH-0222762,87,2026-06-20,2028-06-19,2026-06-29
HOSP-GD-005,MED-046,BATCH-0224136,17,2026-06-27,2027-12-26,2026-06-29
HOSP-GD-005,MED-047,BATCH-0224137,1398,2026-06-27,2029-06-26,2026-06-29
HOSP-GD-005,MED-048,BATCH-0224138,430,2026-06-29,2028-06-28,2026-06-29
HOSP-GD-005,MED-049,BATCH-0221444,110,2026-06-13,2028-06-12,2026-06-29
HOSP-GD-005,MED-050,BATCH-0224139,304,2026-06-28,2028-06-27,2026-06-29
HOSP-GD-005,MED-051,BATCH-0222763,214,2026-06-22,2028-06-21,2026-06-29
HOSP-GD-005,MED-052,BATCH-0222764,171,2026-06-21,2028-06-20,2026-06-29
HOSP-GD-005,MED-052,BATCH-0224140,611,2026-06-28,2028-06-27,2026-06-29
HOSP-GD-005,MED-053,BATCH-0222765,232,2026-06-20,2028-06-19,2026-06-29
HOSP-GD-005,MED-053,BATCH-0224141,560,2026-06-29,2028-06-28,2026-06-29
HOSP-GD-005,MED-054,BATCH-0222766,44,2026-06-21,2028-06-20,2026-06-29
HOSP-GD-005,MED-055,BATCH-0222767,44,2026-06-20,2029-06-19,2026-06-29
HOSP-GD-005,MED-056,BATCH-0224142,217,2026-06-27,2029-06-26,2026-06-29
HOSP-GD-005,MED-057,BATCH-0221448,123,2026-06-15,2028-06-14,2026-06-29
HOSP-GD-005,MED-058,BATCH-0222768,63,2026-06-22,2028-06-21,2026-06-29
HOSP-GD-005,MED-059,BATCH-0222769,39,2026-06-21,2028-06-20,2026-06-29
HOSP-GD-005,MED-060,BATCH-0224143,71,2026-06-27,2028-06-26,2026-06-29
HOSP-GD-005,MED-061,BATCH-0224144,159,2026-06-28,2028-06-27,2026-06-29
HOSP-GD-005,MED-062,BATCH-0222770,64,2026-06-22,2029-06-21,2026-06-29
HOSP-GD-005,MED-063,BATCH-0224145,58,2026-06-29,2028-06-28,2026-06-29
HOSP-GD-005,MED-064,BATCH-0222771,212,2026-06-21,2031-06-21,2026-06-29
HOSP-GD-005,MED-065,BATCH-0224617,2,2026-06-06,2026-07-06,2026-06-29
HOSP-GD-005,MED-066,BATCH-0222772,35,2026-06-20,2026-07-20,2026-06-29
HOSP-GD-005,MED-067,BATCH-0222773,309,2026-06-21,2029-06-20,2026-06-29
HOSP-GD-005,MED-068,BATCH-0224146,150,2026-06-28,2029-06-27,2026-06-29
HOSP-GD-005,MED-069,BATCH-0222774,34,2026-06-22,2029-06-21,2026-06-29
HOSP-GD-005,MED-070,BATCH-0224618,157,2026-05-13,2028-05-12,2026-06-29
HOSP-GD-005,MED-071,BATCH-0221454,43,2026-06-14,2028-06-13,2026-06-29
HOSP-GD-005,MED-071,BATCH-0224147,130,2026-06-28,2028-06-27,2026-06-29
HOSP-GD-005,MED-072,BATCH-0222776,114,2026-06-20,2028-06-19,2026-06-29
HOSP-LB-001,MED-001,BATCH-0224619,2100,2026-06-29,2029-06-28,2026-06-29
HOSP-LB-001,MED-002,BATCH-0221910,57,2026-06-15,2028-06-14,2026-06-29
HOSP-LB-001,MED-002,BATCH-0224620,344,2026-06-29,2028-06-28,2026-06-29
HOSP-LB-001,MED-003,BATCH-0220569,101,2026-06-08,2029-06-07,2026-06-29
HOSP-LB-001,MED-003,BATCH-0223281,700,2026-06-22,2029-06-21,2026-06-29
HOSP-LB-001,MED-004,BATCH-0224621,350,2026-06-29,2028-06-28,2026-06-29
HOSP-LB-001,MED-005,BATCH-0223282,379,2026-06-22,2028-06-21,2026-06-29
HOSP-LB-001,MED-005,BATCH-0224622,600,2026-06-29,2028-06-28,2026-06-29
HOSP-LB-001,MED-006,BATCH-0223283,243,2026-06-22,2028-06-21,2026-06-29
HOSP-LB-001,MED-007,BATCH-0223284,116,2026-06-22,2028-06-21,2026-06-29
HOSP-LB-001,MED-007,BATCH-0224623,264,2026-06-29,2028-06-28,2026-06-29
HOSP-LB-001,MED-008,BATCH-0223285,237,2026-06-22,2029-06-21,2026-06-29
HOSP-LB-001,MED-008,BATCH-0224624,320,2026-06-29,2029-06-28,2026-06-29
HOSP-LB-001,MED-009,BATCH-0224625,509,2026-06-29,2028-06-28,2026-06-29
HOSP-LB-001,MED-010,BATCH-0221915,12,2026-06-15,2029-06-14,2026-06-29
HOSP-LB-001,MED-010,BATCH-0224626,600,2026-06-29,2029-06-28,2026-06-29
HOSP-LB-001,MED-011,BATCH-0223286,236,2026-06-22,2029-06-21,2026-06-29
HOSP-LB-001,MED-011,BATCH-0224627,1050,2026-06-29,2029-06-28,2026-06-29
HOSP-LB-001,MED-012,BATCH-0224628,172,2026-05-23,2029-05-22,2026-06-29
HOSP-LB-001,MED-013,BATCH-0223287,243,2026-06-22,2028-06-21,2026-06-29
HOSP-LB-001,MED-013,BATCH-0224629,417,2026-06-29,2028-06-28,2026-06-29
HOSP-LB-001,MED-014,BATCH-0221918,174,2026-06-15,2028-06-14,2026-06-29
HOSP-LB-001,MED-014,BATCH-0224630,673,2026-06-29,2028-06-28,2026-06-29
HOSP-LB-001,MED-015,BATCH-0221919,38,2026-06-15,2028-06-14,2026-06-29
HOSP-LB-001,MED-015,BATCH-0223288,291,2026-06-22,2028-06-21,2026-06-29
HOSP-LB-001,MED-016,BATCH-0224631,168,2026-06-29,2028-06-28,2026-06-29
HOSP-LB-001,MED-017,BATCH-0223290,290,2026-06-22,2029-06-21,2026-06-29
HOSP-LB-001,MED-018,BATCH-0221920,44,2026-06-15,2028-06-14,2026-06-29
HOSP-LB-001,MED-018,BATCH-0224632,148,2026-06-29,2028-06-28,2026-06-29
HOSP-LB-001,MED-019,BATCH-0220582,41,2026-06-08,2028-06-07,2026-06-29
HOSP-LB-001,MED-019,BATCH-0224633,190,2026-06-29,2028-06-28,2026-06-29
HOSP-LB-001,MED-020,BATCH-0223291,90,2026-06-22,2028-06-21,2026-06-29
HOSP-LB-001,MED-020,BATCH-0224634,122,2026-06-29,2028-06-28,2026-06-29
HOSP-LB-001,MED-021,BATCH-0221921,464,2026-06-15,2029-06-14,2026-06-29
HOSP-LB-001,MED-022,BATCH-0223292,489,2026-06-22,2029-06-21,2026-06-29
HOSP-LB-001,MED-023,BATCH-0224635,88,2026-04-17,2029-04-16,2026-06-29
HOSP-LB-001,MED-024,BATCH-0223294,115,2026-06-22,2028-06-21,2026-06-29
HOSP-LB-001,MED-025,BATCH-0223295,475,2026-06-22,2029-06-21,2026-06-29
HOSP-LB-001,MED-026,BATCH-0224636,212,2026-05-23,2029-05-22,2026-06-29
HOSP-LB-001,MED-027,BATCH-0221924,283,2026-06-15,2029-06-14,2026-06-29
HOSP-LB-001,MED-027,BATCH-0224637,700,2026-06-29,2029-06-28,2026-06-29
HOSP-LB-001,MED-028,BATCH-0223297,125,2026-06-22,2029-06-21,2026-06-29
HOSP-LB-001,MED-028,BATCH-0224638,270,2026-06-29,2029-06-28,2026-06-29
HOSP-LB-001,MED-029,BATCH-0224639,153,2026-05-02,2029-05-01,2026-06-29
HOSP-LB-001,MED-030,BATCH-0221925,42,2026-06-15,2029-06-14,2026-06-29
HOSP-LB-001,MED-030,BATCH-0223299,136,2026-06-22,2029-06-21,2026-06-29
HOSP-LB-001,MED-031,BATCH-0220590,282,2026-06-08,2031-06-08,2026-06-29
HOSP-LB-001,MED-031,BATCH-0223300,950,2026-06-22,2031-06-22,2026-06-29
HOSP-LB-001,MED-032,BATCH-0221926,431,2026-06-15,2031-06-15,2026-06-29
HOSP-LB-001,MED-032,BATCH-0224640,1400,2026-06-29,2031-06-29,2026-06-29
HOSP-LB-001,MED-033,BATCH-0221927,257,2026-06-15,2031-06-15,2026-06-29
HOSP-LB-001,MED-033,BATCH-0224641,600,2026-06-29,2031-06-29,2026-06-29
HOSP-LB-001,MED-034,BATCH-0221928,39,2026-06-15,2028-06-14,2026-06-29
HOSP-LB-001,MED-034,BATCH-0224642,80,2026-06-29,2028-06-28,2026-06-29
HOSP-LB-001,MED-035,BATCH-0223301,50,2026-06-22,2028-06-21,2026-06-29
HOSP-LB-001,MED-036,BATCH-0223302,669,2026-06-22,2028-06-21,2026-06-29
HOSP-LB-001,MED-037,BATCH-0221929,13,2026-06-15,2029-06-14,2026-06-29
HOSP-LB-001,MED-037,BATCH-0224643,159,2026-06-29,2029-06-28,2026-06-29
HOSP-LB-001,MED-038,BATCH-0221930,34,2026-06-15,2028-06-14,2026-06-29
HOSP-LB-001,MED-038,BATCH-0224644,200,2026-06-29,2028-06-28,2026-06-29
HOSP-LB-001,MED-039,BATCH-0223303,101,2026-06-22,2029-06-21,2026-06-29
HOSP-LB-001,MED-040,BATCH-0223304,82,2026-06-22,2029-06-21,2026-06-29
HOSP-LB-001,MED-041,BATCH-0220594,2,2026-06-08,2028-06-07,2026-06-29
HOSP-LB-001,MED-041,BATCH-0223305,17,2026-06-22,2028-06-21,2026-06-29
HOSP-LB-001,MED-042,BATCH-0221932,2,2026-06-15,2028-06-14,2026-06-29
HOSP-LB-001,MED-042,BATCH-0224645,10,2026-06-29,2028-06-28,2026-06-29
HOSP-LB-001,MED-043,BATCH-0221933,3,2026-06-15,2028-06-14,2026-06-29
HOSP-LB-001,MED-043,BATCH-0224646,7,2026-06-29,2028-06-28,2026-06-29
HOSP-LB-001,MED-044,BATCH-0218024,2,2026-05-25,2028-05-24,2026-06-29
HOSP-LB-001,MED-044,BATCH-0220596,10,2026-06-08,2028-06-07,2026-06-29
HOSP-LB-001,MED-045,BATCH-0223306,36,2026-06-22,2028-06-21,2026-06-29
HOSP-LB-001,MED-046,BATCH-0223307,2,2026-06-22,2027-12-21,2026-06-29
HOSP-LB-001,MED-046,BATCH-0224647,7,2026-06-29,2027-12-28,2026-06-29
HOSP-LB-001,MED-047,BATCH-0220599,16,2026-06-08,2029-06-07,2026-06-29
HOSP-LB-001,MED-047,BATCH-0223308,400,2026-06-22,2029-06-21,2026-06-29
HOSP-LB-001,MED-048,BATCH-0223309,113,2026-06-22,2028-06-21,2026-06-29
HOSP-LB-001,MED-048,BATCH-0224648,115,2026-06-29,2028-06-28,2026-06-29
HOSP-LB-001,MED-049,BATCH-0224649,87,2026-05-19,2028-05-18,2026-06-29
HOSP-LB-001,MED-050,BATCH-0221936,97,2026-06-15,2028-06-14,2026-06-29
HOSP-LB-001,MED-050,BATCH-0224650,110,2026-06-29,2028-06-28,2026-06-29
HOSP-LB-001,MED-051,BATCH-0221937,17,2026-06-15,2028-06-14,2026-06-29
HOSP-LB-001,MED-051,BATCH-0223310,80,2026-06-22,2028-06-21,2026-06-29
HOSP-LB-001,MED-052,BATCH-0223311,155,2026-06-22,2028-06-21,2026-06-29
HOSP-LB-001,MED-052,BATCH-0224651,230,2026-06-29,2028-06-28,2026-06-29
HOSP-LB-001,MED-053,BATCH-0221938,81,2026-06-15,2028-06-14,2026-06-29
HOSP-LB-001,MED-053,BATCH-0224652,180,2026-06-29,2028-06-28,2026-06-29
HOSP-LB-001,MED-054,BATCH-0223312,85,2026-06-22,2028-06-21,2026-06-29
HOSP-LB-001,MED-055,BATCH-0220603,13,2026-06-08,2029-06-07,2026-06-29
HOSP-LB-001,MED-055,BATCH-0223313,80,2026-06-22,2029-06-21,2026-06-29
HOSP-LB-001,MED-056,BATCH-0221939,30,2026-06-15,2029-06-14,2026-06-29
HOSP-LB-001,MED-056,BATCH-0224653,65,2026-06-29,2029-06-28,2026-06-29
HOSP-LB-001,MED-057,BATCH-0223314,14,2026-06-22,2028-06-21,2026-06-29
HOSP-LB-001,MED-057,BATCH-0224654,50,2026-06-29,2028-06-28,2026-06-29
HOSP-LB-001,MED-058,BATCH-0221940,7,2026-06-15,2028-06-14,2026-06-29
HOSP-LB-001,MED-058,BATCH-0223315,25,2026-06-22,2028-06-21,2026-06-29
HOSP-LB-001,MED-059,BATCH-0223316,22,2026-06-22,2028-06-21,2026-06-29
HOSP-LB-001,MED-060,BATCH-0221941,12,2026-06-15,2028-06-14,2026-06-29
HOSP-LB-001,MED-060,BATCH-0224655,20,2026-06-29,2028-06-28,2026-06-29
HOSP-LB-001,MED-061,BATCH-0220607,4,2026-06-08,2028-06-07,2026-06-29
HOSP-LB-001,MED-061,BATCH-0223317,70,2026-06-22,2028-06-21,2026-06-29
HOSP-LB-001,MED-062,BATCH-0218032,12,2026-05-25,2029-05-24,2026-06-29
HOSP-LB-001,MED-062,BATCH-0223318,50,2026-06-22,2029-06-21,2026-06-29
HOSP-LB-001,MED-063,BATCH-0221942,1,2026-06-15,2028-06-14,2026-06-29
HOSP-LB-001,MED-063,BATCH-0224656,42,2026-06-29,2028-06-28,2026-06-29
HOSP-LB-001,MED-064,BATCH-0223319,132,2026-06-22,2031-06-22,2026-06-29
HOSP-LB-001,MED-064,BATCH-0224657,216,2026-06-29,2031-06-29,2026-06-29
HOSP-LB-001,MED-065,BATCH-0223320,47,2026-06-22,2026-07-22,2026-06-29
HOSP-LB-001,MED-066,BATCH-0221944,12,2026-06-15,2026-07-15,2026-06-29
HOSP-LB-001,MED-066,BATCH-0224658,48,2026-06-29,2026-07-29,2026-06-29
HOSP-LB-001,MED-067,BATCH-0221945,13,2026-06-15,2029-06-14,2026-06-29
HOSP-LB-001,MED-067,BATCH-0224659,219,2026-06-29,2029-06-28,2026-06-29
HOSP-LB-001,MED-068,BATCH-0221946,30,2026-06-15,2029-06-14,2026-06-29
HOSP-LB-001,MED-068,BATCH-0224660,36,2026-06-29,2029-06-28,2026-06-29
HOSP-LB-001,MED-069,BATCH-0218035,13,2026-05-25,2029-05-24,2026-06-29
HOSP-LB-001,MED-069,BATCH-0221947,55,2026-06-15,2029-06-14,2026-06-29
HOSP-LB-001,MED-070,BATCH-0223321,288,2026-06-22,2028-06-21,2026-06-29
HOSP-LB-001,MED-071,BATCH-0220610,3,2026-06-08,2028-06-07,2026-06-29
HOSP-LB-001,MED-071,BATCH-0223322,60,2026-06-22,2028-06-21,2026-06-29
HOSP-LB-001,MED-072,BATCH-0223323,39,2026-06-22,2028-06-21,2026-06-29
HOSP-LB-001,MED-072,BATCH-0224661,58,2026-06-29,2028-06-28,2026-06-29
HOSP-LB-002,MED-001,BATCH-0223324,430,2026-06-22,2029-06-21,2026-06-29
HOSP-LB-002,MED-001,BATCH-0224662,1000,2026-06-29,2029-06-28,2026-06-29
HOSP-LB-002,MED-002,BATCH-0223325,113,2026-06-22,2028-06-21,2026-06-29
HOSP-LB-002,MED-002,BATCH-0224663,119,2026-06-29,2028-06-28,2026-06-29
HOSP-LB-002,MED-003,BATCH-0221950,54,2026-06-15,2029-06-14,2026-06-29
HOSP-LB-002,MED-003,BATCH-0224664,500,2026-06-29,2029-06-28,2026-06-29
HOSP-LB-002,MED-004,BATCH-0221951,46,2026-06-15,2028-06-14,2026-06-29
HOSP-LB-002,MED-004,BATCH-0224665,120,2026-06-29,2028-06-28,2026-06-29
HOSP-LB-002,MED-005,BATCH-0220614,17,2026-06-08,2028-06-07,2026-06-29
HOSP-LB-002,MED-005,BATCH-0223326,500,2026-06-22,2028-06-21,2026-06-29
HOSP-LB-002,MED-006,BATCH-0223327,103,2026-06-22,2028-06-21,2026-06-29
HOSP-LB-002,MED-006,BATCH-0224666,170,2026-06-29,2028-06-28,2026-06-29
HOSP-LB-002,MED-007,BATCH-0223328,83,2026-06-22,2028-06-21,2026-06-29
HOSP-LB-002,MED-007,BATCH-0224667,123,2026-06-29,2028-06-28,2026-06-29
HOSP-LB-002,MED-008,BATCH-0223329,86,2026-06-22,2029-06-21,2026-06-29
HOSP-LB-002,MED-008,BATCH-0224668,260,2026-06-29,2029-06-28,2026-06-29
HOSP-LB-002,MED-009,BATCH-0223330,105,2026-06-22,2028-06-21,2026-06-29
HOSP-LB-002,MED-009,BATCH-0224669,117,2026-06-29,2028-06-28,2026-06-29
HOSP-LB-002,MED-010,BATCH-0221954,312,2026-06-15,2029-06-14,2026-06-29
HOSP-LB-002,MED-011,BATCH-0223331,76,2026-06-22,2029-06-21,2026-06-29
HOSP-LB-002,MED-011,BATCH-0224670,650,2026-06-29,2029-06-28,2026-06-29
HOSP-LB-002,MED-012,BATCH-0223332,196,2026-06-22,2029-06-21,2026-06-29
HOSP-LB-002,MED-012,BATCH-0224671,500,2026-06-29,2029-06-28,2026-06-29
HOSP-LB-002,MED-013,BATCH-0223333,168,2026-06-22,2028-06-21,2026-06-29
HOSP-LB-002,MED-013,BATCH-0224672,170,2026-06-29,2028-06-28,2026-06-29
HOSP-LB-002,MED-014,BATCH-0223334,202,2026-06-22,2028-06-21,2026-06-29
HOSP-LB-002,MED-014,BATCH-0224673,252,2026-06-29,2028-06-28,2026-06-29
HOSP-LB-002,MED-015,BATCH-0223335,121,2026-06-22,2028-06-21,2026-06-29
HOSP-LB-002,MED-015,BATCH-0224674,135,2026-06-29,2028-06-28,2026-06-29
HOSP-LB-002,MED-016,BATCH-0223336,30,2026-06-22,2028-06-21,2026-06-29
HOSP-LB-002,MED-016,BATCH-0224675,96,2026-06-29,2028-06-28,2026-06-29
HOSP-LB-002,MED-017,BATCH-0215871,163,2026-05-11,2029-05-10,2026-06-29
HOSP-LB-002,MED-018,BATCH-0223337,63,2026-06-22,2028-06-21,2026-06-29
HOSP-LB-002,MED-019,BATCH-0223338,59,2026-06-22,2028-06-21,2026-06-29
HOSP-LB-002,MED-020,BATCH-0221958,3,2026-06-15,2028-06-14,2026-06-29
HOSP-LB-002,MED-020,BATCH-0223339,73,2026-06-22,2028-06-21,2026-06-29
HOSP-LB-002,MED-021,BATCH-0221959,274,2026-06-15,2029-06-14,2026-06-29
HOSP-LB-002,MED-022,BATCH-0221960,142,2026-06-15,2029-06-14,2026-06-29
HOSP-LB-002,MED-022,BATCH-0224676,400,2026-06-29,2029-06-28,2026-06-29
HOSP-LB-002,MED-023,BATCH-0221961,269,2026-06-15,2029-06-14,2026-06-29
HOSP-LB-002,MED-023,BATCH-0224677,500,2026-06-29,2029-06-28,2026-06-29
HOSP-LB-002,MED-024,BATCH-0223340,38,2026-06-22,2028-06-21,2026-06-29
HOSP-LB-002,MED-024,BATCH-0224678,50,2026-06-29,2028-06-28,2026-06-29
HOSP-LB-002,MED-025,BATCH-0221962,144,2026-06-15,2029-06-14,2026-06-29
HOSP-LB-002,MED-025,BATCH-0224679,400,2026-06-29,2029-06-28,2026-06-29
HOSP-LB-002,MED-026,BATCH-0223341,360,2026-06-22,2029-06-21,2026-06-29
HOSP-LB-002,MED-027,BATCH-0223342,223,2026-06-22,2029-06-21,2026-06-29
HOSP-LB-002,MED-028,BATCH-0223343,134,2026-06-22,2029-06-21,2026-06-29
HOSP-LB-002,MED-029,BATCH-0221963,44,2026-06-15,2029-06-14,2026-06-29
HOSP-LB-002,MED-029,BATCH-0224680,300,2026-06-29,2029-06-28,2026-06-29
HOSP-LB-002,MED-030,BATCH-0218049,33,2026-05-25,2029-05-24,2026-06-29
HOSP-LB-002,MED-030,BATCH-0221964,71,2026-06-15,2029-06-14,2026-06-29
HOSP-LB-002,MED-031,BATCH-0221965,187,2026-06-15,2031-06-15,2026-06-29
HOSP-LB-002,MED-031,BATCH-0224681,750,2026-06-29,2031-06-29,2026-06-29
HOSP-LB-002,MED-032,BATCH-0221966,211,2026-06-15,2031-06-15,2026-06-29
HOSP-LB-002,MED-032,BATCH-0224682,900,2026-06-29,2031-06-29,2026-06-29
HOSP-LB-002,MED-033,BATCH-0220633,122,2026-06-08,2031-06-08,2026-06-29
HOSP-LB-002,MED-033,BATCH-0224683,350,2026-06-29,2031-06-29,2026-06-29
HOSP-LB-002,MED-034,BATCH-0221967,37,2026-06-15,2028-06-14,2026-06-29
HOSP-LB-002,MED-034,BATCH-0224684,60,2026-06-29,2028-06-28,2026-06-29
HOSP-LB-002,MED-035,BATCH-0224685,30,2026-06-29,2028-06-28,2026-06-29
HOSP-LB-002,MED-036,BATCH-0223345,426,2026-06-22,2028-06-21,2026-06-29
HOSP-LB-002,MED-037,BATCH-0223346,60,2026-06-22,2029-06-21,2026-06-29
HOSP-LB-002,MED-038,BATCH-0223347,87,2026-06-22,2028-06-21,2026-06-29
HOSP-LB-002,MED-039,BATCH-0223348,71,2026-06-22,2029-06-21,2026-06-29
HOSP-LB-002,MED-040,BATCH-0223349,54,2026-06-22,2029-06-21,2026-06-29
HOSP-LB-002,MED-041,BATCH-0223350,9,2026-06-22,2028-06-21,2026-06-29
HOSP-LB-002,MED-042,BATCH-0221968,1,2026-06-15,2028-06-14,2026-06-29
HOSP-LB-002,MED-042,BATCH-0224686,8,2026-06-29,2028-06-28,2026-06-29
HOSP-LB-002,MED-043,BATCH-0223351,6,2026-06-22,2028-06-21,2026-06-29
HOSP-LB-002,MED-044,BATCH-0220639,1,2026-06-08,2028-06-07,2026-06-29
HOSP-LB-002,MED-044,BATCH-0224687,8,2026-06-29,2028-06-28,2026-06-29
HOSP-LB-002,MED-045,BATCH-0220640,19,2026-06-08,2028-06-07,2026-06-29
HOSP-LB-002,MED-045,BATCH-0224688,40,2026-06-29,2028-06-28,2026-06-29
HOSP-LB-002,MED-046,BATCH-0219259,7,2026-06-01,2027-11-30,2026-06-29
HOSP-LB-002,MED-047,BATCH-0221969,33,2026-06-15,2029-06-14,2026-06-29
HOSP-LB-002,MED-047,BATCH-0224689,350,2026-06-29,2029-06-28,2026-06-29
HOSP-LB-002,MED-048,BATCH-0224690,102,2026-06-29,2028-06-28,2026-06-29
HOSP-LB-002,MED-049,BATCH-0221971,103,2026-06-15,2028-06-14,2026-06-29
HOSP-LB-002,MED-050,BATCH-0220642,5,2026-06-08,2028-06-07,2026-06-29
HOSP-LB-002,MED-050,BATCH-0223352,60,2026-06-22,2028-06-21,2026-06-29
HOSP-LB-002,MED-051,BATCH-0223353,62,2026-06-22,2028-06-21,2026-06-29
HOSP-LB-002,MED-052,BATCH-0221972,60,2026-06-15,2028-06-14,2026-06-29
HOSP-LB-002,MED-052,BATCH-0224691,168,2026-06-29,2028-06-28,2026-06-29
HOSP-LB-002,MED-053,BATCH-0223354,90,2026-06-22,2028-06-21,2026-06-29
HOSP-LB-002,MED-054,BATCH-0223355,57,2026-06-22,2028-06-21,2026-06-29
HOSP-LB-002,MED-055,BATCH-0221973,22,2026-06-15,2029-06-14,2026-06-29
HOSP-LB-002,MED-055,BATCH-0224692,50,2026-06-29,2029-06-28,2026-06-29
HOSP-LB-002,MED-056,BATCH-0221974,18,2026-06-15,2029-06-14,2026-06-29
HOSP-LB-002,MED-056,BATCH-0224693,30,2026-06-29,2029-06-28,2026-06-29
HOSP-LB-002,MED-057,BATCH-0220648,5,2026-06-08,2028-06-07,2026-06-29
HOSP-LB-002,MED-057,BATCH-0223356,33,2026-06-22,2028-06-21,2026-06-29
HOSP-LB-002,MED-058,BATCH-0221975,10,2026-06-15,2028-06-14,2026-06-29
HOSP-LB-002,MED-058,BATCH-0224694,20,2026-06-29,2028-06-28,2026-06-29
HOSP-LB-002,MED-059,BATCH-0221976,3,2026-06-15,2028-06-14,2026-06-29
HOSP-LB-002,MED-059,BATCH-0224695,22,2026-06-29,2028-06-28,2026-06-29
HOSP-LB-002,MED-060,BATCH-0223357,10,2026-06-22,2028-06-21,2026-06-29
HOSP-LB-002,MED-060,BATCH-0224696,11,2026-06-29,2028-06-28,2026-06-29
HOSP-LB-002,MED-061,BATCH-0221977,29,2026-06-15,2028-06-14,2026-06-29
HOSP-LB-002,MED-061,BATCH-0224697,40,2026-06-29,2028-06-28,2026-06-29
HOSP-LB-002,MED-062,BATCH-0223358,18,2026-06-22,2029-06-21,2026-06-29
HOSP-LB-002,MED-063,BATCH-0221978,7,2026-06-15,2028-06-14,2026-06-29
HOSP-LB-002,MED-063,BATCH-0224698,20,2026-06-29,2028-06-28,2026-06-29
HOSP-LB-002,MED-064,BATCH-0221979,6,2026-06-15,2031-06-15,2026-06-29
HOSP-LB-002,MED-064,BATCH-0224699,240,2026-06-29,2031-06-29,2026-06-29
HOSP-LB-002,MED-065,BATCH-0224700,48,2026-06-29,2026-07-29,2026-06-29
HOSP-LB-002,MED-066,BATCH-0224701,36,2026-06-29,2026-07-29,2026-06-29
HOSP-LB-002,MED-067,BATCH-0221981,40,2026-06-15,2029-06-14,2026-06-29
HOSP-LB-002,MED-067,BATCH-0224702,60,2026-06-29,2029-06-28,2026-06-29
HOSP-LB-002,MED-068,BATCH-0223360,16,2026-06-22,2029-06-21,2026-06-29
HOSP-LB-002,MED-068,BATCH-0224703,20,2026-06-29,2029-06-28,2026-06-29
HOSP-LB-002,MED-069,BATCH-0221982,8,2026-06-15,2029-06-14,2026-06-29
HOSP-LB-002,MED-069,BATCH-0224704,40,2026-06-29,2029-06-28,2026-06-29
HOSP-LB-002,MED-070,BATCH-0214786,16,2026-05-04,2028-05-03,2026-06-29
HOSP-LB-002,MED-070,BATCH-0221983,150,2026-06-15,2028-06-14,2026-06-29
HOSP-LB-002,MED-071,BATCH-0221984,13,2026-06-15,2028-06-14,2026-06-29
HOSP-LB-002,MED-071,BATCH-0224705,30,2026-06-29,2028-06-28,2026-06-29
HOSP-LB-002,MED-072,BATCH-0223361,24,2026-06-22,2028-06-21,2026-06-29
HOSP-LB-002,MED-072,BATCH-0224706,39,2026-06-29,2028-06-28,2026-06-29
HOSP-LB-003,MED-001,BATCH-0223362,1049,2026-06-22,2029-06-21,2026-06-29
HOSP-LB-003,MED-002,BATCH-0223363,138,2026-06-22,2028-06-21,2026-06-29
HOSP-LB-003,MED-002,BATCH-0224707,149,2026-06-29,2028-06-28,2026-06-29
HOSP-LB-003,MED-003,BATCH-0220657,308,2026-06-08,2029-06-07,2026-06-29
HOSP-LB-003,MED-003,BATCH-0224708,700,2026-06-29,2029-06-28,2026-06-29
HOSP-LB-003,MED-004,BATCH-0220658,15,2026-06-08,2028-06-07,2026-06-29
HOSP-LB-003,MED-004,BATCH-0223364,160,2026-06-22,2028-06-21,2026-06-29
HOSP-LB-003,MED-005,BATCH-0223365,680,2026-06-22,2028-06-21,2026-06-29
HOSP-LB-003,MED-006,BATCH-0223366,231,2026-06-22,2028-06-21,2026-06-29
HOSP-LB-003,MED-007,BATCH-0221987,45,2026-06-15,2028-06-14,2026-06-29
HOSP-LB-003,MED-007,BATCH-0223367,219,2026-06-22,2028-06-21,2026-06-29
HOSP-LB-003,MED-008,BATCH-0223368,48,2026-06-22,2029-06-21,2026-06-29
HOSP-LB-003,MED-008,BATCH-0224709,370,2026-06-29,2029-06-28,2026-06-29
HOSP-LB-003,MED-009,BATCH-0221989,55,2026-06-15,2028-06-14,2026-06-29
HOSP-LB-003,MED-009,BATCH-0224710,278,2026-06-29,2028-06-28,2026-06-29
HOSP-LB-003,MED-010,BATCH-0221990,60,2026-06-15,2029-06-14,2026-06-29
HOSP-LB-003,MED-010,BATCH-0224711,600,2026-06-29,2029-06-28,2026-06-29
HOSP-LB-003,MED-011,BATCH-0223369,578,2026-06-22,2029-06-21,2026-06-29
HOSP-LB-003,MED-011,BATCH-0224712,650,2026-06-29,2029-06-28,2026-06-29
HOSP-LB-003,MED-012,BATCH-0221992,202,2026-06-15,2029-06-14,2026-06-29
HOSP-LB-003,MED-012,BATCH-0224713,700,2026-06-29,2029-06-28,2026-06-29
HOSP-LB-003,MED-013,BATCH-0221993,117,2026-06-15,2028-06-14,2026-06-29
HOSP-LB-003,MED-013,BATCH-0224714,396,2026-06-29,2028-06-28,2026-06-29
HOSP-LB-003,MED-014,BATCH-0221994,90,2026-06-15,2028-06-14,2026-06-29
HOSP-LB-003,MED-014,BATCH-0224715,601,2026-06-29,2028-06-28,2026-06-29
HOSP-LB-003,MED-015,BATCH-0221995,74,2026-06-15,2028-06-14,2026-06-29
HOSP-LB-003,MED-015,BATCH-0224716,322,2026-06-29,2028-06-28,2026-06-29
HOSP-LB-003,MED-016,BATCH-0223370,77,2026-06-22,2028-06-21,2026-06-29
HOSP-LB-003,MED-017,BATCH-0213748,110,2026-04-27,2029-04-26,2026-06-29
HOSP-LB-003,MED-018,BATCH-0223371,136,2026-06-22,2028-06-21,2026-06-29
HOSP-LB-003,MED-019,BATCH-0223372,109,2026-06-22,2028-06-21,2026-06-29
HOSP-LB-003,MED-020,BATCH-0221997,34,2026-06-15,2028-06-14,2026-06-29
HOSP-LB-003,MED-020,BATCH-0224717,171,2026-06-29,2028-06-28,2026-06-29
HOSP-LB-003,MED-021,BATCH-0221998,161,2026-06-15,2029-06-14,2026-06-29
HOSP-LB-003,MED-021,BATCH-0224718,800,2026-06-29,2029-06-28,2026-06-29
HOSP-LB-003,MED-022,BATCH-0223373,412,2026-06-22,2029-06-21,2026-06-29
HOSP-LB-003,MED-023,BATCH-0221999,478,2026-06-15,2029-06-14,2026-06-29
HOSP-LB-003,MED-023,BATCH-0224719,700,2026-06-29,2029-06-28,2026-06-29
HOSP-LB-003,MED-024,BATCH-0223374,38,2026-06-22,2028-06-21,2026-06-29
HOSP-LB-003,MED-024,BATCH-0224720,73,2026-06-29,2028-06-28,2026-06-29
HOSP-LB-003,MED-025,BATCH-0220671,176,2026-06-08,2029-06-07,2026-06-29
HOSP-LB-003,MED-025,BATCH-0224721,600,2026-06-29,2029-06-28,2026-06-29
HOSP-LB-003,MED-026,BATCH-0223375,649,2026-06-22,2029-06-21,2026-06-29
HOSP-LB-003,MED-027,BATCH-0223376,761,2026-06-22,2029-06-21,2026-06-29
HOSP-LB-003,MED-028,BATCH-0223377,126,2026-06-22,2029-06-21,2026-06-29
HOSP-LB-003,MED-028,BATCH-0224722,200,2026-06-29,2029-06-28,2026-06-29
HOSP-LB-003,MED-029,BATCH-0224723,300,2026-06-29,2029-06-28,2026-06-29
HOSP-LB-003,MED-030,BATCH-0223379,121,2026-06-22,2029-06-21,2026-06-29
HOSP-LB-003,MED-031,BATCH-0222003,372,2026-06-15,2031-06-15,2026-06-29
HOSP-LB-003,MED-031,BATCH-0224724,750,2026-06-29,2031-06-29,2026-06-29
HOSP-LB-003,MED-032,BATCH-0222004,523,2026-06-15,2031-06-15,2026-06-29
HOSP-LB-003,MED-032,BATCH-0224725,1100,2026-06-29,2031-06-29,2026-06-29
HOSP-LB-003,MED-033,BATCH-0223380,413,2026-06-22,2031-06-22,2026-06-29
HOSP-LB-003,MED-034,BATCH-0222005,60,2026-06-15,2028-06-14,2026-06-29
HOSP-LB-003,MED-035,BATCH-0222006,5,2026-06-15,2028-06-14,2026-06-29
HOSP-LB-003,MED-035,BATCH-0223381,30,2026-06-22,2028-06-21,2026-06-29
HOSP-LB-003,MED-036,BATCH-0222007,250,2026-06-15,2028-06-14,2026-06-29
HOSP-LB-003,MED-036,BATCH-0224726,700,2026-06-29,2028-06-28,2026-06-29
HOSP-LB-003,MED-037,BATCH-0220675,13,2026-06-08,2029-06-07,2026-06-29
HOSP-LB-003,MED-037,BATCH-0223382,101,2026-06-22,2029-06-21,2026-06-29
HOSP-LB-003,MED-038,BATCH-0222008,20,2026-06-15,2028-06-14,2026-06-29
HOSP-LB-003,MED-038,BATCH-0224727,170,2026-06-29,2028-06-28,2026-06-29
HOSP-LB-003,MED-039,BATCH-0223383,110,2026-06-22,2029-06-21,2026-06-29
HOSP-LB-003,MED-040,BATCH-0222009,27,2026-06-15,2029-06-14,2026-06-29
HOSP-LB-003,MED-040,BATCH-0224728,90,2026-06-29,2029-06-28,2026-06-29
HOSP-LB-003,MED-041,BATCH-0220676,3,2026-06-08,2028-06-07,2026-06-29
HOSP-LB-003,MED-041,BATCH-0224729,16,2026-06-29,2028-06-28,2026-06-29
HOSP-LB-003,MED-042,BATCH-0223384,6,2026-06-22,2028-06-21,2026-06-29
HOSP-LB-003,MED-042,BATCH-0224730,7,2026-06-29,2028-06-28,2026-06-29
HOSP-LB-003,MED-043,BATCH-0224731,9,2026-06-29,2028-06-28,2026-06-29
HOSP-LB-003,MED-044,BATCH-0220678,3,2026-06-08,2028-06-07,2026-06-29
HOSP-LB-003,MED-044,BATCH-0223385,6,2026-06-22,2028-06-21,2026-06-29
HOSP-LB-003,MED-045,BATCH-0222011,20,2026-06-15,2028-06-14,2026-06-29
HOSP-LB-003,MED-046,BATCH-0220679,1,2026-06-08,2027-12-07,2026-06-29
HOSP-LB-003,MED-046,BATCH-0223386,7,2026-06-22,2027-12-21,2026-06-29
HOSP-LB-003,MED-047,BATCH-0222012,235,2026-06-15,2029-06-14,2026-06-29
HOSP-LB-003,MED-047,BATCH-0224732,350,2026-06-29,2029-06-28,2026-06-29
HOSP-LB-003,MED-048,BATCH-0224733,174,2026-06-29,2028-06-28,2026-06-29
HOSP-LB-003,MED-049,BATCH-0223387,181,2026-06-22,2028-06-21,2026-06-29
HOSP-LB-003,MED-050,BATCH-0223388,82,2026-06-22,2028-06-21,2026-06-29
HOSP-LB-003,MED-050,BATCH-0224734,90,2026-06-29,2028-06-28,2026-06-29
HOSP-LB-003,MED-051,BATCH-0222014,45,2026-06-15,2028-06-14,2026-06-29
HOSP-LB-003,MED-051,BATCH-0224735,90,2026-06-29,2028-06-28,2026-06-29
HOSP-LB-003,MED-052,BATCH-0222015,96,2026-06-15,2028-06-14,2026-06-29
HOSP-LB-003,MED-052,BATCH-0224736,174,2026-06-29,2028-06-28,2026-06-29
HOSP-LB-003,MED-053,BATCH-0222016,79,2026-06-15,2028-06-14,2026-06-29
HOSP-LB-003,MED-053,BATCH-0224737,160,2026-06-29,2028-06-28,2026-06-29
HOSP-LB-003,MED-054,BATCH-0223389,102,2026-06-22,2028-06-21,2026-06-29
HOSP-LB-003,MED-055,BATCH-0224738,100,2026-06-29,2029-06-28,2026-06-29
HOSP-LB-003,MED-056,BATCH-0220685,16,2026-06-08,2029-06-07,2026-06-29
HOSP-LB-003,MED-056,BATCH-0224739,65,2026-06-29,2029-06-28,2026-06-29
HOSP-LB-003,MED-057,BATCH-0222018,26,2026-06-15,2028-06-14,2026-06-29
HOSP-LB-003,MED-057,BATCH-0224740,29,2026-06-29,2028-06-28,2026-06-29
HOSP-LB-003,MED-058,BATCH-0222019,10,2026-06-15,2028-06-14,2026-06-29
HOSP-LB-003,MED-058,BATCH-0224741,31,2026-06-29,2028-06-28,2026-06-29
HOSP-LB-003,MED-059,BATCH-0220688,5,2026-06-08,2028-06-07,2026-06-29
HOSP-LB-003,MED-059,BATCH-0223391,24,2026-06-22,2028-06-21,2026-06-29
HOSP-LB-003,MED-060,BATCH-0223392,22,2026-06-22,2028-06-21,2026-06-29
HOSP-LB-003,MED-061,BATCH-0222020,19,2026-06-15,2028-06-14,2026-06-29
HOSP-LB-003,MED-061,BATCH-0224742,50,2026-06-29,2028-06-28,2026-06-29
HOSP-LB-003,MED-062,BATCH-0222021,19,2026-06-15,2029-06-14,2026-06-29
HOSP-LB-003,MED-062,BATCH-0224743,50,2026-06-29,2029-06-28,2026-06-29
HOSP-LB-003,MED-063,BATCH-0223393,17,2026-06-22,2028-06-21,2026-06-29
HOSP-LB-003,MED-063,BATCH-0224744,22,2026-06-29,2028-06-28,2026-06-29
HOSP-LB-003,MED-064,BATCH-0222022,58,2026-06-15,2031-06-15,2026-06-29
HOSP-LB-003,MED-064,BATCH-0224745,252,2026-06-29,2031-06-29,2026-06-29
HOSP-LB-003,MED-065,BATCH-0224746,3,2026-06-06,2026-07-06,2026-06-29
HOSP-LB-003,MED-066,BATCH-0223395,38,2026-06-22,2026-07-22,2026-06-29
HOSP-LB-003,MED-067,BATCH-0222023,54,2026-06-15,2029-06-14,2026-06-29
HOSP-LB-003,MED-067,BATCH-0224747,140,2026-06-29,2029-06-28,2026-06-29
HOSP-LB-003,MED-068,BATCH-0223396,20,2026-06-22,2029-06-21,2026-06-29
HOSP-LB-003,MED-068,BATCH-0224748,30,2026-06-29,2029-06-28,2026-06-29
HOSP-LB-003,MED-069,BATCH-0222024,39,2026-06-15,2029-06-14,2026-06-29
HOSP-LB-003,MED-069,BATCH-0224749,45,2026-06-29,2029-06-28,2026-06-29
HOSP-LB-003,MED-070,BATCH-0220695,226,2026-06-08,2028-06-07,2026-06-29
HOSP-LB-003,MED-071,BATCH-0222025,45,2026-06-15,2028-06-14,2026-06-29
HOSP-LB-003,MED-072,BATCH-0223397,49,2026-06-22,2028-06-21,2026-06-29
HOSP-LB-003,MED-072,BATCH-0224750,57,2026-06-29,2028-06-28,2026-06-29
HOSP-LB-004,MED-001,BATCH-0222777,144,2026-06-21,2029-06-20,2026-06-29
HOSP-LB-004,MED-002,BATCH-0222778,6,2026-06-22,2028-06-21,2026-06-29
HOSP-LB-004,MED-003,BATCH-0216561,134,2026-05-17,2029-05-16,2026-06-29
HOSP-LB-004,MED-004,BATCH-0221455,14,2026-06-14,2028-06-13,2026-06-29
HOSP-LB-004,MED-005,BATCH-0221456,85,2026-06-15,2028-06-14,2026-06-29
HOSP-LB-004,MED-006,BATCH-0222779,22,2026-06-22,2028-06-21,2026-06-29
HOSP-LB-004,MED-007,BATCH-0221457,1,2026-06-13,2028-06-12,2026-06-29
HOSP-LB-004,MED-007,BATCH-0224148,18,2026-06-29,2028-06-28,2026-06-29
HOSP-LB-004,MED-008,BATCH-0222780,5,2026-06-22,2029-06-21,2026-06-29
HOSP-LB-004,MED-009,BATCH-0224149,5,2026-06-29,2028-06-28,2026-06-29
HOSP-LB-004,MED-010,BATCH-0216564,87,2026-05-18,2029-05-17,2026-06-29
HOSP-LB-004,MED-012,BATCH-0224150,180,2026-06-28,2029-06-27,2026-06-29
HOSP-LB-004,MED-013,BATCH-0224151,16,2026-06-29,2028-06-28,2026-06-29
HOSP-LB-004,MED-014,BATCH-0222783,5,2026-06-20,2028-06-19,2026-06-29
HOSP-LB-004,MED-015,BATCH-0224152,14,2026-06-29,2028-06-28,2026-06-29
HOSP-LB-004,MED-016,BATCH-0221462,35,2026-06-14,2028-06-13,2026-06-29
HOSP-LB-004,MED-017,BATCH-0198240,156,2025-11-08,2028-11-07,2026-06-29
HOSP-LB-004,MED-018,BATCH-0224153,5,2026-06-28,2028-06-27,2026-06-29
HOSP-LB-004,MED-019,BATCH-0222785,9,2026-06-21,2028-06-20,2026-06-29
HOSP-LB-004,MED-020,BATCH-0222786,9,2026-06-22,2028-06-21,2026-06-29
HOSP-LB-004,MED-021,BATCH-0218749,92,2026-06-01,2029-05-31,2026-06-29
HOSP-LB-004,MED-022,BATCH-0210178,96,2026-04-05,2029-04-04,2026-06-29
HOSP-LB-004,MED-023,BATCH-0224154,180,2026-06-29,2029-06-28,2026-06-29
HOSP-LB-004,MED-025,BATCH-0212320,128,2026-04-20,2029-04-19,2026-06-29
HOSP-LB-004,MED-026,BATCH-0220106,132,2026-06-06,2029-06-05,2026-06-29
HOSP-LB-004,MED-027,BATCH-0221465,124,2026-06-15,2029-06-14,2026-06-29
HOSP-LB-004,MED-028,BATCH-0224155,9,2026-06-28,2029-06-27,2026-06-29
HOSP-LB-004,MED-029,BATCH-0191769,141,2025-12-13,2028-12-12,2026-06-29
HOSP-LB-004,MED-030,BATCH-0224156,5,2026-06-29,2029-06-28,2026-06-29
HOSP-LB-004,MED-031,BATCH-0221468,15,2026-06-15,2031-06-15,2026-06-29
HOSP-LB-004,MED-031,BATCH-0224157,50,2026-06-28,2031-06-28,2026-06-29
HOSP-LB-004,MED-032,BATCH-0220108,35,2026-06-08,2031-06-08,2026-06-29
HOSP-LB-004,MED-032,BATCH-0224158,200,2026-06-27,2031-06-27,2026-06-29
HOSP-LB-004,MED-033,BATCH-0222788,91,2026-06-21,2031-06-21,2026-06-29
HOSP-LB-004,MED-034,BATCH-0215465,10,2026-05-11,2028-05-10,2026-06-29
HOSP-LB-004,MED-035,BATCH-0221469,3,2026-06-15,2028-06-14,2026-06-29
HOSP-LB-004,MED-036,BATCH-0220109,239,2026-06-07,2028-06-06,2026-06-29
HOSP-LB-004,MED-037,BATCH-0222789,1,2026-06-22,2029-06-21,2026-06-29
HOSP-LB-004,MED-038,BATCH-0221471,15,2026-06-15,2028-06-14,2026-06-29
HOSP-LB-004,MED-039,BATCH-0221472,14,2026-06-13,2029-06-12,2026-06-29
HOSP-LB-004,MED-040,BATCH-0222790,14,2026-06-22,2029-06-21,2026-06-29
HOSP-LB-004,MED-041,BATCH-0209129,2,2026-03-28,2028-03-27,2026-06-29
HOSP-LB-004,MED-041,BATCH-0221473,6,2026-06-14,2028-06-13,2026-06-29
HOSP-LB-004,MED-042,BATCH-0191773,1,2025-12-13,2027-12-13,2026-06-29
HOSP-LB-004,MED-042,BATCH-0204748,5,2026-03-02,2028-03-01,2026-06-29
HOSP-LB-004,MED-043,BATCH-0181029,4,2025-10-13,2027-10-13,2026-06-29
HOSP-LB-004,MED-043,BATCH-0218752,5,2026-06-01,2028-05-31,2026-06-29
HOSP-LB-004,MED-044,BATCH-0210184,5,2026-04-04,2028-04-03,2026-06-29
HOSP-LB-004,MED-045,BATCH-0208012,27,2026-03-22,2028-03-21,2026-06-29
HOSP-LB-004,MED-046,BATCH-0178240,1,2025-09-28,2027-03-29,2026-06-29
HOSP-LB-004,MED-046,BATCH-0194065,5,2025-12-29,2027-06-29,2026-06-29
HOSP-LB-004,MED-047,BATCH-0221474,70,2026-06-14,2029-06-13,2026-06-29
HOSP-LB-004,MED-048,BATCH-0224159,4,2026-06-28,2028-06-27,2026-06-29
HOSP-LB-004,MED-049,BATCH-0203586,120,2026-02-21,2028-02-21,2026-06-29
HOSP-LB-004,MED-050,BATCH-0221476,9,2026-06-15,2028-06-14,2026-06-29
HOSP-LB-004,MED-051,BATCH-0224160,20,2026-06-27,2028-06-26,2026-06-29
HOSP-LB-004,MED-052,BATCH-0224161,10,2026-06-28,2028-06-27,2026-06-29
HOSP-LB-004,MED-053,BATCH-0224162,14,2026-06-29,2028-06-28,2026-06-29
HOSP-LB-004,MED-054,BATCH-0220113,2,2026-06-08,2028-06-07,2026-06-29
HOSP-LB-004,MED-055,BATCH-0210186,9,2026-04-06,2029-04-05,2026-06-29
HOSP-LB-004,MED-056,BATCH-0222792,9,2026-06-21,2029-06-20,2026-06-29
HOSP-LB-004,MED-057,BATCH-0206945,1,2026-03-14,2028-03-13,2026-06-29
HOSP-LB-004,MED-057,BATCH-0215470,6,2026-05-10,2028-05-09,2026-06-29
HOSP-LB-004,MED-058,BATCH-0204752,1,2026-03-01,2028-02-29,2026-06-29
HOSP-LB-004,MED-058,BATCH-0215471,5,2026-05-10,2028-05-09,2026-06-29
HOSP-LB-004,MED-059,BATCH-0212326,4,2026-04-19,2028-04-18,2026-06-29
HOSP-LB-004,MED-059,BATCH-0224163,5,2026-06-29,2028-06-28,2026-06-29
HOSP-LB-004,MED-060,BATCH-0220114,7,2026-06-06,2028-06-05,2026-06-29
HOSP-LB-004,MED-061,BATCH-0217650,1,2026-05-24,2028-05-23,2026-06-29
HOSP-LB-004,MED-061,BATCH-0224164,20,2026-06-27,2028-06-26,2026-06-29
HOSP-LB-004,MED-062,BATCH-0216575,14,2026-05-18,2029-05-17,2026-06-29
HOSP-LB-004,MED-063,BATCH-0215472,3,2026-05-10,2028-05-09,2026-06-29
HOSP-LB-004,MED-063,BATCH-0222793,5,2026-06-22,2028-06-21,2026-06-29
HOSP-LB-004,MED-064,BATCH-0222794,12,2026-06-21,2031-06-21,2026-06-29
HOSP-LB-004,MED-065,BATCH-0221479,3,2026-06-13,2026-07-13,2026-06-29
HOSP-LB-004,MED-067,BATCH-0224165,7,2026-06-27,2029-06-26,2026-06-29
HOSP-LB-004,MED-068,BATCH-0211221,4,2026-04-11,2029-04-10,2026-06-29
HOSP-LB-004,MED-068,BATCH-0222795,5,2026-06-21,2029-06-20,2026-06-29
HOSP-LB-004,MED-069,BATCH-0220116,5,2026-06-08,2029-06-07,2026-06-29
HOSP-LB-004,MED-070,BATCH-0170542,119,2025-08-17,2027-08-17,2026-06-29
HOSP-LB-004,MED-070,BATCH-0218756,150,2026-05-30,2028-05-29,2026-06-29
HOSP-LB-004,MED-071,BATCH-0204756,2,2026-02-28,2028-02-28,2026-06-29
HOSP-LB-004,MED-071,BATCH-0213339,10,2026-04-25,2028-04-24,2026-06-29
HOSP-LB-004,MED-072,BATCH-0220117,1,2026-06-06,2028-06-05,2026-06-29
HOSP-LB-004,MED-072,BATCH-0224166,6,2026-06-29,2028-06-28,2026-06-29
HOSP-LB-005,MED-001,BATCH-0224167,2648,2026-06-27,2029-06-26,2026-06-29
HOSP-LB-005,MED-002,BATCH-0222797,158,2026-06-21,2028-06-20,2026-06-29
HOSP-LB-005,MED-003,BATCH-0224168,1237,2026-06-29,2029-06-28,2026-06-29
HOSP-LB-005,MED-004,BATCH-0222798,111,2026-06-21,2028-06-20,2026-06-29
HOSP-LB-005,MED-005,BATCH-0222799,470,2026-06-21,2028-06-20,2026-06-29
HOSP-LB-005,MED-006,BATCH-0224169,491,2026-06-27,2028-06-26,2026-06-29
HOSP-LB-005,MED-007,BATCH-0222800,217,2026-06-21,2028-06-20,2026-06-29
HOSP-LB-005,MED-007,BATCH-0224170,450,2026-06-29,2028-06-28,2026-06-29
HOSP-LB-005,MED-008,BATCH-0222801,438,2026-06-22,2029-06-21,2026-06-29
HOSP-LB-005,MED-009,BATCH-0222802,188,2026-06-21,2028-06-20,2026-06-29
HOSP-LB-005,MED-010,BATCH-0222803,191,2026-06-20,2029-06-19,2026-06-29
HOSP-LB-005,MED-011,BATCH-0224171,970,2026-06-27,2029-06-26,2026-06-29
HOSP-LB-005,MED-013,BATCH-0222806,157,2026-06-21,2028-06-20,2026-06-29
HOSP-LB-005,MED-014,BATCH-0224172,933,2026-06-27,2028-06-26,2026-06-29
HOSP-LB-005,MED-015,BATCH-0224173,443,2026-06-27,2028-06-26,2026-06-29
HOSP-LB-005,MED-016,BATCH-0222809,66,2026-06-22,2028-06-21,2026-06-29
HOSP-LB-005,MED-017,BATCH-0215482,6,2026-05-10,2029-05-09,2026-06-29
HOSP-LB-005,MED-017,BATCH-0224174,300,2026-06-27,2029-06-26,2026-06-29
HOSP-LB-005,MED-018,BATCH-0224175,155,2026-06-28,2028-06-27,2026-06-29
HOSP-LB-005,MED-019,BATCH-0222810,53,2026-06-22,2028-06-21,2026-06-29
HOSP-LB-005,MED-020,BATCH-0224176,206,2026-06-29,2028-06-28,2026-06-29
HOSP-LB-005,MED-021,BATCH-0222812,360,2026-06-21,2029-06-20,2026-06-29
HOSP-LB-005,MED-022,BATCH-0222813,622,2026-06-21,2029-06-20,2026-06-29
HOSP-LB-005,MED-023,BATCH-0224177,1142,2026-06-27,2029-06-26,2026-06-29
HOSP-LB-005,MED-024,BATCH-0221490,5,2026-06-14,2028-06-13,2026-06-29
HOSP-LB-005,MED-024,BATCH-0224178,143,2026-06-28,2028-06-27,2026-06-29
HOSP-LB-005,MED-025,BATCH-0224179,862,2026-06-29,2029-06-28,2026-06-29
HOSP-LB-005,MED-026,BATCH-0222815,779,2026-06-20,2029-06-19,2026-06-29
HOSP-LB-005,MED-027,BATCH-0222816,20,2026-06-21,2029-06-20,2026-06-29
HOSP-LB-005,MED-029,BATCH-0224180,278,2026-06-28,2029-06-27,2026-06-29
HOSP-LB-005,MED-030,BATCH-0222818,201,2026-06-20,2029-06-19,2026-06-29
HOSP-LB-005,MED-031,BATCH-0222819,922,2026-06-20,2031-06-20,2026-06-29
HOSP-LB-005,MED-032,BATCH-0222820,1571,2026-06-21,2031-06-21,2026-06-29
HOSP-LB-005,MED-033,BATCH-0222821,219,2026-06-22,2031-06-22,2026-06-29
HOSP-LB-005,MED-034,BATCH-0222822,55,2026-06-22,2028-06-21,2026-06-29
HOSP-LB-005,MED-035,BATCH-0222823,34,2026-06-22,2028-06-21,2026-06-29
HOSP-LB-005,MED-036,BATCH-0222824,513,2026-06-20,2028-06-19,2026-06-29
HOSP-LB-005,MED-037,BATCH-0222825,146,2026-06-22,2029-06-21,2026-06-29
HOSP-LB-005,MED-038,BATCH-0224181,244,2026-06-29,2028-06-28,2026-06-29
HOSP-LB-005,MED-039,BATCH-0222826,153,2026-06-21,2029-06-20,2026-06-29
HOSP-LB-005,MED-040,BATCH-0224182,111,2026-06-28,2029-06-27,2026-06-29
HOSP-LB-005,MED-041,BATCH-0222828,12,2026-06-20,2028-06-19,2026-06-29
HOSP-LB-005,MED-042,BATCH-0224183,22,2026-06-28,2028-06-27,2026-06-29
HOSP-LB-005,MED-043,BATCH-0224184,14,2026-06-29,2028-06-28,2026-06-29
HOSP-LB-005,MED-044,BATCH-0224185,13,2026-06-28,2028-06-27,2026-06-29
HOSP-LB-005,MED-045,BATCH-0224186,68,2026-06-27,2028-06-26,2026-06-29
HOSP-LB-005,MED-046,BATCH-0224187,7,2026-06-29,2027-12-28,2026-06-29
HOSP-LB-005,MED-048,BATCH-0224188,260,2026-06-27,2028-06-26,2026-06-29
HOSP-LB-005,MED-050,BATCH-0222830,59,2026-06-21,2028-06-20,2026-06-29
HOSP-LB-005,MED-051,BATCH-0221499,2,2026-06-13,2028-06-12,2026-06-29
HOSP-LB-005,MED-051,BATCH-0224189,210,2026-06-29,2028-06-28,2026-06-29
HOSP-LB-005,MED-052,BATCH-0224190,311,2026-06-28,2028-06-27,2026-06-29
HOSP-LB-005,MED-053,BATCH-0224191,336,2026-06-28,2028-06-27,2026-06-29
HOSP-LB-005,MED-054,BATCH-0222832,102,2026-06-20,2028-06-19,2026-06-29
HOSP-LB-005,MED-055,BATCH-0222833,37,2026-06-21,2029-06-20,2026-06-29
HOSP-LB-005,MED-056,BATCH-0222834,42,2026-06-22,2029-06-21,2026-06-29
HOSP-LB-005,MED-057,BATCH-0222835,24,2026-06-22,2028-06-21,2026-06-29
HOSP-LB-005,MED-058,BATCH-0224192,53,2026-06-29,2028-06-28,2026-06-29
HOSP-LB-005,MED-059,BATCH-0222836,23,2026-06-20,2028-06-19,2026-06-29
HOSP-LB-005,MED-059,BATCH-0224193,55,2026-06-27,2028-06-26,2026-06-29
HOSP-LB-005,MED-060,BATCH-0224194,39,2026-06-28,2028-06-27,2026-06-29
HOSP-LB-005,MED-061,BATCH-0222837,21,2026-06-22,2028-06-21,2026-06-29
HOSP-LB-005,MED-062,BATCH-0224195,99,2026-06-29,2029-06-28,2026-06-29
HOSP-LB-005,MED-063,BATCH-0221506,8,2026-06-15,2028-06-14,2026-06-29
HOSP-LB-005,MED-063,BATCH-0224196,66,2026-06-29,2028-06-28,2026-06-29
HOSP-LB-005,MED-064,BATCH-0222838,353,2026-06-21,2031-06-21,2026-06-29
HOSP-LB-005,MED-065,BATCH-0222839,46,2026-06-21,2026-07-21,2026-06-29
HOSP-LB-005,MED-066,BATCH-0224197,63,2026-06-28,2026-07-28,2026-06-29
HOSP-LB-005,MED-067,BATCH-0224198,189,2026-06-27,2029-06-26,2026-06-29
HOSP-LB-005,MED-068,BATCH-0224199,54,2026-06-28,2029-06-27,2026-06-29
HOSP-LB-005,MED-069,BATCH-0221510,11,2026-06-14,2029-06-13,2026-06-29
HOSP-LB-005,MED-070,BATCH-0222840,385,2026-06-20,2028-06-19,2026-06-29
HOSP-LB-005,MED-071,BATCH-0222841,67,2026-06-21,2028-06-20,2026-06-29
HOSP-LB-005,MED-072,BATCH-0222842,45,2026-06-22,2028-06-21,2026-06-29
HOSP-KR-001,MED-001,BATCH-0224751,231,2026-04-23,2029-04-22,2026-06-29
HOSP-KR-001,MED-002,BATCH-0224200,83,2026-06-27,2028-06-26,2026-06-29
HOSP-KR-001,MED-003,BATCH-0224201,359,2026-06-28,2029-06-27,2026-06-29
HOSP-KR-001,MED-004,BATCH-0224202,80,2026-06-29,2028-06-28,2026-06-29
HOSP-KR-001,MED-005,BATCH-0222845,81,2026-06-21,2028-06-20,2026-06-29
HOSP-KR-001,MED-006,BATCH-0222846,32,2026-06-21,2028-06-20,2026-06-29
HOSP-KR-001,MED-006,BATCH-0224203,150,2026-06-27,2028-06-26,2026-06-29
HOSP-KR-001,MED-007,BATCH-0222847,27,2026-06-22,2028-06-21,2026-06-29
HOSP-KR-001,MED-008,BATCH-0224204,134,2026-06-27,2029-06-26,2026-06-29
HOSP-KR-001,MED-009,BATCH-0222848,30,2026-06-21,2028-06-20,2026-06-29
HOSP-KR-001,MED-009,BATCH-0224205,139,2026-06-29,2028-06-28,2026-06-29
HOSP-KR-001,MED-010,BATCH-0221516,195,2026-06-13,2029-06-12,2026-06-29
HOSP-KR-001,MED-011,BATCH-0224206,286,2026-06-29,2029-06-28,2026-06-29
HOSP-KR-001,MED-013,BATCH-0224207,186,2026-06-27,2028-06-26,2026-06-29
HOSP-KR-001,MED-014,BATCH-0224208,231,2026-06-27,2028-06-26,2026-06-29
HOSP-KR-001,MED-015,BATCH-0222852,73,2026-06-21,2028-06-20,2026-06-29
HOSP-KR-001,MED-016,BATCH-0224209,86,2026-06-27,2028-06-26,2026-06-29
HOSP-KR-001,MED-017,BATCH-0208061,223,2026-03-22,2029-03-21,2026-06-29
HOSP-KR-001,MED-018,BATCH-0224210,56,2026-06-28,2028-06-27,2026-06-29
HOSP-KR-001,MED-019,BATCH-0224211,72,2026-06-27,2028-06-26,2026-06-29
HOSP-KR-001,MED-020,BATCH-0222853,34,2026-06-20,2028-06-19,2026-06-29
HOSP-KR-001,MED-020,BATCH-0224212,64,2026-06-28,2028-06-27,2026-06-29
HOSP-KR-001,MED-021,BATCH-0221522,209,2026-06-15,2029-06-14,2026-06-29
HOSP-KR-001,MED-022,BATCH-0221523,134,2026-06-13,2029-06-12,2026-06-29
HOSP-KR-001,MED-023,BATCH-0221524,70,2026-06-13,2029-06-12,2026-06-29
HOSP-KR-001,MED-023,BATCH-0224213,500,2026-06-28,2029-06-27,2026-06-29
HOSP-KR-001,MED-024,BATCH-0224214,19,2026-06-27,2028-06-26,2026-06-29
HOSP-KR-001,MED-025,BATCH-0218799,1,2026-06-01,2029-05-31,2026-06-29
HOSP-KR-001,MED-025,BATCH-0222854,300,2026-06-22,2029-06-21,2026-06-29
HOSP-KR-001,MED-026,BATCH-0220176,115,2026-06-07,2029-06-06,2026-06-29
HOSP-KR-001,MED-027,BATCH-0222855,103,2026-06-20,2029-06-19,2026-06-29
HOSP-KR-001,MED-028,BATCH-0224215,119,2026-06-27,2029-06-26,2026-06-29
HOSP-KR-001,MED-029,BATCH-0222856,135,2026-06-20,2029-06-19,2026-06-29
HOSP-KR-001,MED-030,BATCH-0224216,61,2026-06-27,2029-06-26,2026-06-29
HOSP-KR-001,MED-032,BATCH-0222858,386,2026-06-21,2031-06-21,2026-06-29
HOSP-KR-001,MED-033,BATCH-0222859,56,2026-06-20,2031-06-20,2026-06-29
HOSP-KR-001,MED-033,BATCH-0224217,200,2026-06-27,2031-06-27,2026-06-29
HOSP-KR-001,MED-034,BATCH-0222860,35,2026-06-20,2028-06-19,2026-06-29
HOSP-KR-001,MED-035,BATCH-0224218,15,2026-06-27,2028-06-26,2026-06-29
HOSP-KR-001,MED-036,BATCH-0220180,42,2026-06-08,2028-06-07,2026-06-29
HOSP-KR-001,MED-037,BATCH-0222861,27,2026-06-21,2029-06-20,2026-06-29
HOSP-KR-001,MED-038,BATCH-0222862,31,2026-06-21,2028-06-20,2026-06-29
HOSP-KR-001,MED-039,BATCH-0224219,48,2026-06-29,2029-06-28,2026-06-29
HOSP-KR-001,MED-040,BATCH-0222863,24,2026-06-20,2029-06-19,2026-06-29
HOSP-KR-001,MED-041,BATCH-0222864,1,2026-06-20,2028-06-19,2026-06-29
HOSP-KR-001,MED-042,BATCH-0222865,3,2026-06-20,2028-06-19,2026-06-29
HOSP-KR-001,MED-043,BATCH-0220185,2,2026-06-07,2028-06-06,2026-06-29
HOSP-KR-001,MED-043,BATCH-0222866,5,2026-06-21,2028-06-20,2026-06-29
HOSP-KR-001,MED-044,BATCH-0220186,2,2026-06-08,2028-06-07,2026-06-29
HOSP-KR-001,MED-044,BATCH-0224220,5,2026-06-28,2028-06-27,2026-06-29
HOSP-KR-001,MED-045,BATCH-0217705,8,2026-05-25,2028-05-24,2026-06-29
HOSP-KR-001,MED-045,BATCH-0224221,40,2026-06-27,2028-06-26,2026-06-29
HOSP-KR-001,MED-046,BATCH-0220187,4,2026-06-07,2027-12-06,2026-06-29
HOSP-KR-001,MED-047,BATCH-0222867,37,2026-06-22,2029-06-21,2026-06-29
HOSP-KR-001,MED-048,BATCH-0224222,41,2026-06-28,2028-06-27,2026-06-29
HOSP-KR-001,MED-049,BATCH-0217706,130,2026-05-23,2028-05-22,2026-06-29
HOSP-KR-001,MED-050,BATCH-0222868,20,2026-06-21,2028-06-20,2026-06-29
HOSP-KR-001,MED-050,BATCH-0224223,70,2026-06-28,2028-06-27,2026-06-29
HOSP-KR-001,MED-051,BATCH-0221531,13,2026-06-15,2028-06-14,2026-06-29
HOSP-KR-001,MED-051,BATCH-0224224,40,2026-06-28,2028-06-27,2026-06-29
HOSP-KR-001,MED-052,BATCH-0221532,13,2026-06-14,2028-06-13,2026-06-29
HOSP-KR-001,MED-052,BATCH-0222869,82,2026-06-20,2028-06-19,2026-06-29
HOSP-KR-001,MED-053,BATCH-0222870,79,2026-06-21,2028-06-20,2026-06-29
HOSP-KR-001,MED-055,BATCH-0222871,30,2026-06-20,2029-06-19,2026-06-29
HOSP-KR-001,MED-056,BATCH-0224225,32,2026-06-27,2029-06-26,2026-06-29
HOSP-KR-001,MED-057,BATCH-0222872,10,2026-06-20,2028-06-19,2026-06-29
HOSP-KR-001,MED-058,BATCH-0221534,1,2026-06-14,2028-06-13,2026-06-29
HOSP-KR-001,MED-058,BATCH-0224226,16,2026-06-28,2028-06-27,2026-06-29
HOSP-KR-001,MED-059,BATCH-0224227,14,2026-06-29,2028-06-28,2026-06-29
HOSP-KR-001,MED-060,BATCH-0222873,1,2026-06-20,2028-06-19,2026-06-29
HOSP-KR-001,MED-061,BATCH-0222874,23,2026-06-20,2028-06-19,2026-06-29
HOSP-KR-001,MED-062,BATCH-0224228,29,2026-06-27,2029-06-26,2026-06-29
HOSP-KR-001,MED-063,BATCH-0224229,12,2026-06-29,2028-06-28,2026-06-29
HOSP-KR-001,MED-064,BATCH-0222875,47,2026-06-22,2031-06-22,2026-06-29
HOSP-KR-001,MED-065,BATCH-0224752,9,2026-06-06,2026-07-06,2026-06-29
HOSP-KR-001,MED-066,BATCH-0222876,10,2026-06-22,2026-07-22,2026-06-29
HOSP-KR-001,MED-067,BATCH-0222877,36,2026-06-21,2029-06-20,2026-06-29
HOSP-KR-001,MED-068,BATCH-0224230,23,2026-06-29,2029-06-28,2026-06-29
HOSP-KR-001,MED-069,BATCH-0222878,12,2026-06-20,2029-06-19,2026-06-29
HOSP-KR-001,MED-070,BATCH-0221540,268,2026-06-15,2028-06-14,2026-06-29
HOSP-KR-001,MED-071,BATCH-0222879,21,2026-06-20,2028-06-19,2026-06-29
HOSP-KR-001,MED-072,BATCH-0224231,45,2026-06-28,2028-06-27,2026-06-29
HOSP-KR-003,MED-001,BATCH-0216638,159,2026-05-16,2029-05-15,2026-06-29
HOSP-KR-003,MED-002,BATCH-0200233,2,2026-01-31,2028-01-31,2026-06-29
HOSP-KR-003,MED-002,BATCH-0224232,5,2026-06-28,2028-06-27,2026-06-29
HOSP-KR-003,MED-003,BATCH-0197779,141,2026-01-18,2029-01-17,2026-06-29
HOSP-KR-003,MED-004,BATCH-0214429,15,2026-05-04,2028-05-03,2026-06-29
HOSP-KR-003,MED-005,BATCH-0203658,156,2026-02-22,2028-02-22,2026-06-29
HOSP-KR-003,MED-006,BATCH-0217718,13,2026-05-25,2028-05-24,2026-06-29
HOSP-KR-003,MED-007,BATCH-0221542,2,2026-06-14,2028-06-13,2026-06-29
HOSP-KR-003,MED-007,BATCH-0222880,6,2026-06-21,2028-06-20,2026-06-29
HOSP-KR-003,MED-008,BATCH-0222881,18,2026-06-20,2029-06-19,2026-06-29
HOSP-KR-003,MED-009,BATCH-0221544,8,2026-06-13,2028-06-12,2026-06-29
HOSP-KR-003,MED-010,BATCH-0129485,85,2024-12-23,2027-12-23,2026-06-29
HOSP-KR-003,MED-010,BATCH-0217719,300,2026-05-24,2029-05-23,2026-06-29
HOSP-KR-003,MED-010,BATCH-0218819,300,2026-05-31,2029-05-30,2026-06-29
HOSP-KR-003,MED-011,BATCH-0204815,17,2026-03-01,2029-02-28,2026-06-29
HOSP-KR-003,MED-011,BATCH-0205876,50,2026-03-07,2029-03-06,2026-06-29
HOSP-KR-003,MED-012,BATCH-0145780,105,2025-03-30,2028-03-29,2026-06-29
HOSP-KR-003,MED-013,BATCH-0216640,2,2026-05-18,2028-05-17,2026-06-29
HOSP-KR-003,MED-013,BATCH-0217720,7,2026-05-23,2028-05-22,2026-06-29
HOSP-KR-003,MED-014,BATCH-0222882,3,2026-06-20,2028-06-19,2026-06-29
HOSP-KR-003,MED-015,BATCH-0224233,5,2026-06-28,2028-06-27,2026-06-29
HOSP-KR-003,MED-016,BATCH-0153178,38,2025-05-17,2027-05-17,2026-06-29
HOSP-KR-003,MED-017,BATCH-0038137,300,2023-07-22,2026-07-21,2026-06-29
HOSP-KR-003,MED-018,BATCH-0205877,1,2026-03-08,2028-03-07,2026-06-29
HOSP-KR-003,MED-018,BATCH-0207009,5,2026-03-14,2028-03-13,2026-06-29
HOSP-KR-003,MED-019,BATCH-0209188,18,2026-03-29,2028-03-28,2026-06-29
HOSP-KR-003,MED-020,BATCH-0217721,1,2026-05-25,2028-05-24,2026-06-29
HOSP-KR-003,MED-020,BATCH-0218820,5,2026-05-30,2028-05-29,2026-06-29
HOSP-KR-003,MED-021,BATCH-0181112,124,2025-10-13,2028-10-12,2026-06-29
HOSP-KR-003,MED-022,BATCH-0143623,116,2025-03-17,2028-03-16,2026-06-29
HOSP-KR-003,MED-023,BATCH-0203660,160,2026-02-22,2029-02-21,2026-06-29
HOSP-KR-003,MED-024,BATCH-0221546,2,2026-06-15,2028-06-14,2026-06-29
HOSP-KR-003,MED-024,BATCH-0222883,7,2026-06-20,2028-06-19,2026-06-29
HOSP-KR-003,MED-025,BATCH-0107295,98,2024-08-18,2027-08-18,2026-06-29
HOSP-KR-003,MED-025,BATCH-0224234,200,2026-06-27,2029-06-26,2026-06-29
HOSP-KR-003,MED-026,BATCH-0169213,123,2025-08-10,2028-08-09,2026-06-29
HOSP-KR-003,MED-027,BATCH-0224235,180,2026-06-27,2029-06-26,2026-06-29
HOSP-KR-003,MED-028,BATCH-0197784,12,2026-01-18,2029-01-17,2026-06-29
HOSP-KR-003,MED-029,BATCH-0202568,176,2026-02-15,2029-02-14,2026-06-29
HOSP-KR-003,MED-030,BATCH-0200235,5,2026-02-02,2029-02-01,2026-06-29
HOSP-KR-003,MED-031,BATCH-0207010,8,2026-03-16,2031-03-16,2026-06-29
HOSP-KR-003,MED-031,BATCH-0208090,50,2026-03-23,2031-03-23,2026-06-29
HOSP-KR-003,MED-032,BATCH-0191846,95,2025-12-15,2030-12-15,2026-06-29
HOSP-KR-003,MED-033,BATCH-0216641,35,2026-05-17,2031-05-17,2026-06-29
HOSP-KR-003,MED-033,BATCH-0217722,50,2026-05-23,2031-05-23,2026-06-29
HOSP-KR-003,MED-034,BATCH-0177064,10,2025-09-21,2027-09-21,2026-06-29
HOSP-KR-003,MED-035,BATCH-0167860,2,2025-08-03,2027-08-03,2026-06-29
HOSP-KR-003,MED-035,BATCH-0169215,6,2025-08-09,2027-08-09,2026-06-29
HOSP-KR-003,MED-036,BATCH-0201366,165,2026-02-09,2028-02-09,2026-06-29
HOSP-KR-003,MED-037,BATCH-0211277,2,2026-04-11,2029-04-10,2026-06-29
HOSP-KR-003,MED-038,BATCH-0205878,16,2026-03-07,2028-03-06,2026-06-29
HOSP-KR-003,MED-039,BATCH-0224236,18,2026-06-29,2029-06-28,2026-06-29
HOSP-KR-003,MED-040,BATCH-0209189,17,2026-03-30,2029-03-29,2026-06-29
HOSP-KR-003,MED-041,BATCH-0139098,8,2025-02-16,2027-02-16,2026-06-29
HOSP-KR-003,MED-042,BATCH-0196538,2,2026-01-10,2028-01-10,2026-06-29
HOSP-KR-003,MED-042,BATCH-0197785,7,2026-01-19,2028-01-19,2026-06-29
HOSP-KR-003,MED-043,BATCH-0139099,8,2025-02-15,2027-02-15,2026-06-29
HOSP-KR-003,MED-044,BATCH-0139100,6,2025-02-17,2027-02-17,2026-06-29
HOSP-KR-003,MED-045,BATCH-0142427,30,2025-03-08,2027-03-08,2026-06-29
HOSP-KR-003,MED-046,BATCH-0182509,5,2025-10-20,2027-04-20,2026-06-29
HOSP-KR-003,MED-047,BATCH-0195305,61,2026-01-04,2029-01-03,2026-06-29
HOSP-KR-003,MED-048,BATCH-0205879,2,2026-03-08,2028-03-07,2026-06-29
HOSP-KR-003,MED-048,BATCH-0207011,7,2026-03-15,2028-03-14,2026-06-29
HOSP-KR-003,MED-049,BATCH-0139102,158,2025-02-15,2027-02-15,2026-06-29
HOSP-KR-003,MED-050,BATCH-0215535,6,2026-05-11,2028-05-10,2026-06-29
HOSP-KR-003,MED-050,BATCH-0216642,10,2026-05-17,2028-05-16,2026-06-29
HOSP-KR-003,MED-051,BATCH-0185175,5,2025-11-01,2027-11-01,2026-06-29
HOSP-KR-003,MED-051,BATCH-0186350,10,2025-11-09,2027-11-09,2026-06-29
HOSP-KR-003,MED-052,BATCH-0212393,6,2026-04-18,2028-04-17,2026-06-29
HOSP-KR-003,MED-053,BATCH-0210264,5,2026-04-06,2028-04-05,2026-06-29
HOSP-KR-003,MED-053,BATCH-0211279,10,2026-04-12,2028-04-11,2026-06-29
HOSP-KR-003,MED-054,BATCH-0221547,7,2026-06-13,2028-06-12,2026-06-29
HOSP-KR-003,MED-055,BATCH-0136790,10,2025-02-01,2028-02-01,2026-06-29
HOSP-KR-003,MED-056,BATCH-0196540,9,2026-01-10,2029-01-09,2026-06-29
HOSP-KR-003,MED-057,BATCH-0170611,5,2025-08-18,2027-08-18,2026-06-29
HOSP-KR-003,MED-058,BATCH-0139104,8,2025-02-16,2027-02-16,2026-06-29
HOSP-KR-003,MED-059,BATCH-0177066,5,2025-09-20,2027-09-20,2026-06-29
HOSP-KR-003,MED-060,BATCH-0126086,1,2024-12-01,2026-12-01,2026-06-29
HOSP-KR-003,MED-060,BATCH-0127222,5,2024-12-09,2026-12-09,2026-06-29
HOSP-KR-003,MED-061,BATCH-0189588,11,2025-11-30,2027-11-30,2026-06-29
HOSP-KR-003,MED-062,BATCH-0166382,14,2025-07-26,2028-07-25,2026-06-29
HOSP-KR-003,MED-063,BATCH-0169220,1,2025-08-10,2027-08-10,2026-06-29
HOSP-KR-003,MED-063,BATCH-0170612,5,2025-08-16,2027-08-16,2026-06-29
HOSP-KR-003,MED-064,BATCH-0211280,7,2026-04-13,2031-04-13,2026-06-29
HOSP-KR-003,MED-064,BATCH-0212394,12,2026-04-18,2031-04-18,2026-06-29
HOSP-KR-003,MED-065,BATCH-0224237,5,2026-06-28,2026-07-28,2026-06-29
HOSP-KR-003,MED-066,BATCH-0221548,5,2026-06-14,2026-07-14,2026-06-29
HOSP-KR-003,MED-067,BATCH-0213398,5,2026-04-25,2029-04-24,2026-06-29
HOSP-KR-003,MED-068,BATCH-0201367,6,2026-02-08,2029-02-07,2026-06-29
HOSP-KR-003,MED-069,BATCH-0146842,3,2025-04-07,2028-04-06,2026-06-29
HOSP-KR-003,MED-070,BATCH-0141405,12,2025-03-01,2027-03-01,2026-06-29
HOSP-KR-003,MED-070,BATCH-0142428,300,2025-03-08,2027-03-08,2026-06-29
HOSP-KR-003,MED-071,BATCH-0141406,7,2025-03-03,2027-03-03,2026-06-29
HOSP-KR-003,MED-071,BATCH-0142429,10,2025-03-10,2027-03-10,2026-06-29
HOSP-KR-003,MED-072,BATCH-0169221,4,2025-08-09,2027-08-09,2026-06-29
HOSP-KR-004,MED-001,BATCH-0221549,133,2026-06-15,2029-06-14,2026-06-29
HOSP-KR-004,MED-002,BATCH-0224238,10,2026-06-28,2028-06-27,2026-06-29
HOSP-KR-004,MED-003,BATCH-0224239,180,2026-06-27,2029-06-26,2026-06-29
HOSP-KR-004,MED-004,BATCH-0221551,8,2026-06-13,2028-06-12,2026-06-29
HOSP-KR-004,MED-005,BATCH-0221552,144,2026-06-15,2028-06-14,2026-06-29
HOSP-KR-004,MED-006,BATCH-0224240,36,2026-06-29,2028-06-28,2026-06-29
HOSP-KR-004,MED-007,BATCH-0222886,6,2026-06-20,2028-06-19,2026-06-29
HOSP-KR-004,MED-008,BATCH-0224241,37,2026-06-27,2029-06-26,2026-06-29
HOSP-KR-004,MED-009,BATCH-0222887,1,2026-06-20,2028-06-19,2026-06-29
HOSP-KR-004,MED-010,BATCH-0209193,72,2026-03-29,2029-03-28,2026-06-29
HOSP-KR-004,MED-011,BATCH-0220205,17,2026-06-07,2029-06-06,2026-06-29
HOSP-KR-004,MED-012,BATCH-0222888,163,2026-06-21,2029-06-20,2026-06-29
HOSP-KR-004,MED-013,BATCH-0222889,3,2026-06-20,2028-06-19,2026-06-29
HOSP-KR-004,MED-014,BATCH-0224242,29,2026-06-29,2028-06-28,2026-06-29
HOSP-KR-004,MED-016,BATCH-0211284,34,2026-04-13,2028-04-12,2026-06-29
HOSP-KR-004,MED-017,BATCH-0198245,272,2025-11-14,2028-11-13,2026-06-29
HOSP-KR-004,MED-018,BATCH-0222891,5,2026-06-20,2028-06-19,2026-06-29
HOSP-KR-004,MED-019,BATCH-0220208,12,2026-06-08,2028-06-07,2026-06-29
HOSP-KR-004,MED-021,BATCH-0209197,6,2026-03-28,2029-03-27,2026-06-29
HOSP-KR-004,MED-021,BATCH-0218827,300,2026-05-30,2029-05-29,2026-06-29
HOSP-KR-004,MED-022,BATCH-0211285,127,2026-04-11,2029-04-10,2026-06-29
HOSP-KR-004,MED-023,BATCH-0220210,127,2026-06-06,2029-06-05,2026-06-29
HOSP-KR-004,MED-024,BATCH-0221557,4,2026-06-14,2028-06-13,2026-06-29
HOSP-KR-004,MED-025,BATCH-0217730,156,2026-05-24,2029-05-23,2026-06-29
HOSP-KR-004,MED-026,BATCH-0217731,164,2026-05-24,2029-05-23,2026-06-29
HOSP-KR-004,MED-027,BATCH-0220211,130,2026-06-06,2029-06-05,2026-06-29
HOSP-KR-004,MED-028,BATCH-0224243,22,2026-06-28,2029-06-27,2026-06-29
HOSP-KR-004,MED-029,BATCH-0221558,159,2026-06-14,2029-06-13,2026-06-29
HOSP-KR-004,MED-031,BATCH-0224244,95,2026-06-27,2031-06-27,2026-06-29
HOSP-KR-004,MED-032,BATCH-0220215,55,2026-06-06,2031-06-06,2026-06-29
HOSP-KR-004,MED-032,BATCH-0224245,100,2026-06-29,2031-06-29,2026-06-29
HOSP-KR-004,MED-033,BATCH-0215543,59,2026-05-09,2031-05-09,2026-06-29
HOSP-KR-004,MED-034,BATCH-0220216,9,2026-06-08,2028-06-07,2026-06-29
HOSP-KR-004,MED-035,BATCH-0216650,2,2026-05-17,2028-05-16,2026-06-29
HOSP-KR-004,MED-035,BATCH-0221560,5,2026-06-15,2028-06-14,2026-06-29
HOSP-KR-004,MED-036,BATCH-0207020,100,2026-03-14,2028-03-13,2026-06-29
HOSP-KR-004,MED-037,BATCH-0220217,1,2026-06-06,2029-06-05,2026-06-29
HOSP-KR-004,MED-037,BATCH-0224246,6,2026-06-29,2029-06-28,2026-06-29
HOSP-KR-004,MED-038,BATCH-0221561,17,2026-06-13,2028-06-12,2026-06-29
HOSP-KR-004,MED-039,BATCH-0222893,12,2026-06-20,2029-06-19,2026-06-29
HOSP-KR-004,MED-040,BATCH-0220218,7,2026-06-08,2029-06-07,2026-06-29
HOSP-KR-004,MED-041,BATCH-0211289,5,2026-04-13,2028-04-12,2026-06-29
HOSP-KR-004,MED-042,BATCH-0191861,4,2025-12-15,2027-12-15,2026-06-29
HOSP-KR-004,MED-043,BATCH-0187439,3,2025-11-15,2027-11-15,2026-06-29
HOSP-KR-004,MED-043,BATCH-0213406,5,2026-04-25,2028-04-24,2026-06-29
HOSP-KR-004,MED-044,BATCH-0190728,4,2025-12-08,2027-12-08,2026-06-29
HOSP-KR-004,MED-044,BATCH-0222894,5,2026-06-20,2028-06-19,2026-06-29
HOSP-KR-004,MED-045,BATCH-0193025,24,2025-12-21,2027-12-21,2026-06-29
HOSP-KR-004,MED-046,BATCH-0194149,1,2025-12-27,2027-06-27,2026-06-29
HOSP-KR-004,MED-046,BATCH-0220219,8,2026-06-08,2027-12-07,2026-06-29
HOSP-KR-004,MED-047,BATCH-0217732,40,2026-05-24,2029-05-23,2026-06-29
HOSP-KR-004,MED-048,BATCH-0222895,1,2026-06-20,2028-06-19,2026-06-29
HOSP-KR-004,MED-049,BATCH-0179814,76,2025-10-04,2027-10-04,2026-06-29
HOSP-KR-004,MED-049,BATCH-0222896,300,2026-06-22,2028-06-21,2026-06-29
HOSP-KR-004,MED-050,BATCH-0222897,18,2026-06-22,2028-06-21,2026-06-29
HOSP-KR-004,MED-051,BATCH-0221562,16,2026-06-13,2028-06-12,2026-06-29
HOSP-KR-004,MED-052,BATCH-0222898,4,2026-06-20,2028-06-19,2026-06-29
HOSP-KR-004,MED-053,BATCH-0222899,4,2026-06-22,2028-06-21,2026-06-29
HOSP-KR-004,MED-053,BATCH-0224247,10,2026-06-29,2028-06-28,2026-06-29
HOSP-KR-004,MED-054,BATCH-0218830,5,2026-06-01,2028-05-31,2026-06-29
HOSP-KR-004,MED-055,BATCH-0222900,18,2026-06-20,2029-06-19,2026-06-29
HOSP-KR-004,MED-056,BATCH-0220222,7,2026-06-07,2029-06-06,2026-06-29
HOSP-KR-004,MED-057,BATCH-0220223,5,2026-06-08,2028-06-07,2026-06-29
HOSP-KR-004,MED-058,BATCH-0211291,6,2026-04-13,2028-04-12,2026-06-29
HOSP-KR-004,MED-059,BATCH-0211292,1,2026-04-13,2028-04-12,2026-06-29
HOSP-KR-004,MED-059,BATCH-0218831,6,2026-05-31,2028-05-30,2026-06-29
HOSP-KR-004,MED-060,BATCH-0213409,3,2026-04-26,2028-04-25,2026-06-29
HOSP-KR-004,MED-060,BATCH-0224248,6,2026-06-27,2028-06-26,2026-06-29
HOSP-KR-004,MED-061,BATCH-0215547,20,2026-05-11,2028-05-10,2026-06-29
HOSP-KR-004,MED-062,BATCH-0189599,15,2025-12-01,2028-11-30,2026-06-29
HOSP-KR-004,MED-063,BATCH-0224249,6,2026-06-29,2028-06-28,2026-06-29
HOSP-KR-004,MED-064,BATCH-0222901,9,2026-06-20,2031-06-20,2026-06-29
HOSP-KR-004,MED-065,BATCH-0222902,5,2026-06-20,2026-07-20,2026-06-29
HOSP-KR-004,MED-066,BATCH-0218834,3,2026-05-31,2026-06-30,2026-06-29
HOSP-KR-004,MED-067,BATCH-0222903,5,2026-06-20,2029-06-19,2026-06-29
HOSP-KR-004,MED-068,BATCH-0222904,2,2026-06-20,2029-06-19,2026-06-29
HOSP-KR-004,MED-069,BATCH-0216655,4,2026-05-16,2029-05-15,2026-06-29
HOSP-KR-004,MED-070,BATCH-0151003,92,2025-05-03,2027-05-03,2026-06-29
HOSP-KR-004,MED-070,BATCH-0199018,150,2026-01-25,2028-01-25,2026-06-29
HOSP-KR-004,MED-071,BATCH-0201383,3,2026-02-09,2028-02-09,2026-06-29
HOSP-KR-004,MED-071,BATCH-0215549,10,2026-05-11,2028-05-10,2026-06-29
HOSP-KR-004,MED-072,BATCH-0221564,2,2026-06-14,2028-06-13,2026-06-29
HOSP-KR-004,MED-072,BATCH-0224250,7,2026-06-27,2028-06-26,2026-06-29
HOSP-SP-001,MED-001,BATCH-0223400,1166,2026-06-22,2029-06-21,2026-06-29
HOSP-SP-001,MED-002,BATCH-0222031,45,2026-06-15,2028-06-14,2026-06-29
HOSP-SP-001,MED-002,BATCH-0223401,215,2026-06-22,2028-06-21,2026-06-29
HOSP-SP-001,MED-003,BATCH-0223402,622,2026-06-22,2029-06-21,2026-06-29
HOSP-SP-001,MED-004,BATCH-0222032,15,2026-06-15,2028-06-14,2026-06-29
HOSP-SP-001,MED-004,BATCH-0223403,170,2026-06-22,2028-06-21,2026-06-29
HOSP-SP-001,MED-005,BATCH-0223404,603,2026-06-22,2028-06-21,2026-06-29
HOSP-SP-001,MED-006,BATCH-0223405,271,2026-06-22,2028-06-21,2026-06-29
HOSP-SP-001,MED-007,BATCH-0222033,69,2026-06-15,2028-06-14,2026-06-29
HOSP-SP-001,MED-007,BATCH-0223406,174,2026-06-22,2028-06-21,2026-06-29
HOSP-SP-001,MED-008,BATCH-0223407,270,2026-06-22,2029-06-21,2026-06-29
HOSP-SP-001,MED-009,BATCH-0223408,225,2026-06-22,2028-06-21,2026-06-29
HOSP-SP-001,MED-009,BATCH-0224753,234,2026-06-29,2028-06-28,2026-06-29
HOSP-SP-001,MED-010,BATCH-0223409,431,2026-06-22,2029-06-21,2026-06-29
HOSP-SP-001,MED-011,BATCH-0223410,228,2026-06-22,2029-06-21,2026-06-29
HOSP-SP-001,MED-011,BATCH-0224754,1050,2026-06-29,2029-06-28,2026-06-29
HOSP-SP-001,MED-012,BATCH-0224755,176,2026-04-23,2029-04-22,2026-06-29
HOSP-SP-001,MED-013,BATCH-0222036,41,2026-06-15,2028-06-14,2026-06-29
HOSP-SP-001,MED-013,BATCH-0223412,318,2026-06-22,2028-06-21,2026-06-29
HOSP-SP-001,MED-014,BATCH-0222037,212,2026-06-15,2028-06-14,2026-06-29
HOSP-SP-001,MED-014,BATCH-0224756,643,2026-06-29,2028-06-28,2026-06-29
HOSP-SP-001,MED-015,BATCH-0222038,108,2026-06-15,2028-06-14,2026-06-29
HOSP-SP-001,MED-015,BATCH-0224757,295,2026-06-29,2028-06-28,2026-06-29
HOSP-SP-001,MED-016,BATCH-0223413,44,2026-06-22,2028-06-21,2026-06-29
HOSP-SP-001,MED-016,BATCH-0224758,144,2026-06-29,2028-06-28,2026-06-29
HOSP-SP-001,MED-017,BATCH-0222040,290,2026-06-15,2029-06-14,2026-06-29
HOSP-SP-001,MED-018,BATCH-0223414,116,2026-06-22,2028-06-21,2026-06-29
HOSP-SP-001,MED-019,BATCH-0222041,97,2026-06-15,2028-06-14,2026-06-29
HOSP-SP-001,MED-020,BATCH-0222042,90,2026-06-15,2028-06-14,2026-06-29
HOSP-SP-001,MED-020,BATCH-0224759,113,2026-06-29,2028-06-28,2026-06-29
HOSP-SP-001,MED-021,BATCH-0222043,396,2026-06-15,2029-06-14,2026-06-29
HOSP-SP-001,MED-022,BATCH-0223415,551,2026-06-22,2029-06-21,2026-06-29
HOSP-SP-001,MED-023,BATCH-0223416,504,2026-06-22,2029-06-21,2026-06-29
HOSP-SP-001,MED-024,BATCH-0222044,24,2026-06-15,2028-06-14,2026-06-29
HOSP-SP-001,MED-024,BATCH-0224760,91,2026-06-29,2028-06-28,2026-06-29
HOSP-SP-001,MED-025,BATCH-0219337,12,2026-06-01,2029-05-31,2026-06-29
HOSP-SP-001,MED-025,BATCH-0223417,500,2026-06-22,2029-06-21,2026-06-29
HOSP-SP-001,MED-026,BATCH-0223418,675,2026-06-22,2029-06-21,2026-06-29
HOSP-SP-001,MED-027,BATCH-0223419,757,2026-06-22,2029-06-21,2026-06-29
HOSP-SP-001,MED-028,BATCH-0223420,99,2026-06-22,2029-06-21,2026-06-29
HOSP-SP-001,MED-028,BATCH-0224761,300,2026-06-29,2029-06-28,2026-06-29
HOSP-SP-001,MED-029,BATCH-0223421,186,2026-06-22,2029-06-21,2026-06-29
HOSP-SP-001,MED-030,BATCH-0223422,148,2026-06-22,2029-06-21,2026-06-29
HOSP-SP-001,MED-031,BATCH-0220717,170,2026-06-08,2031-06-08,2026-06-29
HOSP-SP-001,MED-031,BATCH-0223423,650,2026-06-22,2031-06-22,2026-06-29
HOSP-SP-001,MED-032,BATCH-0220718,179,2026-06-08,2031-06-08,2026-06-29
HOSP-SP-001,MED-032,BATCH-0223424,1300,2026-06-22,2031-06-22,2026-06-29
HOSP-SP-001,MED-033,BATCH-0222046,276,2026-06-15,2031-06-15,2026-06-29
HOSP-SP-001,MED-033,BATCH-0224762,550,2026-06-29,2031-06-29,2026-06-29
HOSP-SP-001,MED-034,BATCH-0222047,29,2026-06-15,2028-06-14,2026-06-29
HOSP-SP-001,MED-034,BATCH-0224763,90,2026-06-29,2028-06-28,2026-06-29
HOSP-SP-001,MED-035,BATCH-0219344,8,2026-06-01,2028-05-31,2026-06-29
HOSP-SP-001,MED-035,BATCH-0222048,29,2026-06-15,2028-06-14,2026-06-29
HOSP-SP-001,MED-036,BATCH-0222049,405,2026-06-15,2028-06-14,2026-06-29
HOSP-SP-001,MED-037,BATCH-0222050,30,2026-06-15,2029-06-14,2026-06-29
HOSP-SP-001,MED-037,BATCH-0224764,108,2026-06-29,2029-06-28,2026-06-29
HOSP-SP-001,MED-038,BATCH-0222051,55,2026-06-15,2028-06-14,2026-06-29
HOSP-SP-001,MED-038,BATCH-0224765,130,2026-06-29,2028-06-28,2026-06-29
HOSP-SP-001,MED-039,BATCH-0223425,122,2026-06-22,2029-06-21,2026-06-29
HOSP-SP-001,MED-040,BATCH-0222052,33,2026-06-15,2029-06-14,2026-06-29
HOSP-SP-001,MED-040,BATCH-0224766,110,2026-06-29,2029-06-28,2026-06-29
HOSP-SP-001,MED-041,BATCH-0222053,1,2026-06-15,2028-06-14,2026-06-29
HOSP-SP-001,MED-041,BATCH-0224767,20,2026-06-29,2028-06-28,2026-06-29
HOSP-SP-001,MED-042,BATCH-0223426,14,2026-06-22,2028-06-21,2026-06-29
HOSP-SP-001,MED-043,BATCH-0219350,2,2026-06-01,2028-05-31,2026-06-29
HOSP-SP-001,MED-043,BATCH-0224768,7,2026-06-29,2028-06-28,2026-06-29
HOSP-SP-001,MED-044,BATCH-0220721,2,2026-06-08,2028-06-07,2026-06-29
HOSP-SP-001,MED-044,BATCH-0222054,7,2026-06-15,2028-06-14,2026-06-29
HOSP-SP-001,MED-045,BATCH-0222055,27,2026-06-15,2028-06-14,2026-06-29
HOSP-SP-001,MED-046,BATCH-0222056,4,2026-06-15,2027-12-14,2026-06-29
HOSP-SP-001,MED-046,BATCH-0224769,5,2026-06-29,2027-12-28,2026-06-29
HOSP-SP-001,MED-047,BATCH-0223427,353,2026-06-22,2029-06-21,2026-06-29
HOSP-SP-001,MED-048,BATCH-0223428,94,2026-06-22,2028-06-21,2026-06-29
HOSP-SP-001,MED-049,BATCH-0224770,118,2026-05-06,2028-05-05,2026-06-29
HOSP-SP-001,MED-050,BATCH-0223430,112,2026-06-22,2028-06-21,2026-06-29
HOSP-SP-001,MED-051,BATCH-0222057,79,2026-06-15,2028-06-14,2026-06-29
HOSP-SP-001,MED-051,BATCH-0224771,90,2026-06-29,2028-06-28,2026-06-29
HOSP-SP-001,MED-052,BATCH-0222058,50,2026-06-15,2028-06-14,2026-06-29
HOSP-SP-001,MED-052,BATCH-0224772,227,2026-06-29,2028-06-28,2026-06-29
HOSP-SP-001,MED-053,BATCH-0223431,197,2026-06-22,2028-06-21,2026-06-29
HOSP-SP-001,MED-054,BATCH-0223432,76,2026-06-22,2028-06-21,2026-06-29
HOSP-SP-001,MED-055,BATCH-0223433,61,2026-06-22,2029-06-21,2026-06-29
HOSP-SP-001,MED-056,BATCH-0222059,2,2026-06-15,2029-06-14,2026-06-29
HOSP-SP-001,MED-056,BATCH-0224773,80,2026-06-29,2029-06-28,2026-06-29
HOSP-SP-001,MED-057,BATCH-0223434,51,2026-06-22,2028-06-21,2026-06-29
HOSP-SP-001,MED-058,BATCH-0223435,24,2026-06-22,2028-06-21,2026-06-29
HOSP-SP-001,MED-059,BATCH-0223436,28,2026-06-22,2028-06-21,2026-06-29
HOSP-SP-001,MED-060,BATCH-0223437,17,2026-06-22,2028-06-21,2026-06-29
HOSP-SP-001,MED-061,BATCH-0222061,1,2026-06-15,2028-06-14,2026-06-29
HOSP-SP-001,MED-061,BATCH-0224774,100,2026-06-29,2028-06-28,2026-06-29
HOSP-SP-001,MED-062,BATCH-0223438,21,2026-06-22,2029-06-21,2026-06-29
HOSP-SP-001,MED-063,BATCH-0224775,41,2026-06-29,2028-06-28,2026-06-29
HOSP-SP-001,MED-064,BATCH-0223439,159,2026-06-22,2031-06-22,2026-06-29
HOSP-SP-001,MED-065,BATCH-0223440,40,2026-06-22,2026-07-22,2026-06-29
HOSP-SP-001,MED-066,BATCH-0223441,34,2026-06-22,2026-07-22,2026-06-29
HOSP-SP-001,MED-067,BATCH-0222064,61,2026-06-15,2029-06-14,2026-06-29
HOSP-SP-001,MED-067,BATCH-0224776,119,2026-06-29,2029-06-28,2026-06-29
HOSP-SP-001,MED-068,BATCH-0223442,38,2026-06-22,2029-06-21,2026-06-29
HOSP-SP-001,MED-069,BATCH-0224777,65,2026-06-29,2029-06-28,2026-06-29
HOSP-SP-001,MED-070,BATCH-0220735,90,2026-06-08,2028-06-07,2026-06-29
HOSP-SP-001,MED-070,BATCH-0223444,150,2026-06-22,2028-06-21,2026-06-29
HOSP-SP-001,MED-071,BATCH-0222066,38,2026-06-15,2028-06-14,2026-06-29
HOSP-SP-001,MED-071,BATCH-0224778,40,2026-06-29,2028-06-28,2026-06-29
HOSP-SP-001,MED-072,BATCH-0224779,108,2026-06-29,2028-06-28,2026-06-29
HOSP-SP-002,MED-001,BATCH-0222068,71,2026-06-15,2029-06-14,2026-06-29
HOSP-SP-002,MED-001,BATCH-0224780,700,2026-06-29,2029-06-28,2026-06-29
HOSP-SP-002,MED-002,BATCH-0223445,19,2026-06-22,2028-06-21,2026-06-29
HOSP-SP-002,MED-002,BATCH-0224781,74,2026-06-29,2028-06-28,2026-06-29
HOSP-SP-002,MED-003,BATCH-0220738,113,2026-06-08,2029-06-07,2026-06-29
HOSP-SP-002,MED-003,BATCH-0224782,400,2026-06-29,2029-06-28,2026-06-29
HOSP-SP-002,MED-004,BATCH-0222070,24,2026-06-15,2028-06-14,2026-06-29
HOSP-SP-002,MED-004,BATCH-0224783,50,2026-06-29,2028-06-28,2026-06-29
HOSP-SP-002,MED-005,BATCH-0219368,16,2026-06-01,2028-05-31,2026-06-29
HOSP-SP-002,MED-005,BATCH-0223446,400,2026-06-22,2028-06-21,2026-06-29
HOSP-SP-002,MED-006,BATCH-0223447,80,2026-06-22,2028-06-21,2026-06-29
HOSP-SP-002,MED-007,BATCH-0223448,57,2026-06-22,2028-06-21,2026-06-29
HOSP-SP-002,MED-007,BATCH-0224784,60,2026-06-29,2028-06-28,2026-06-29
HOSP-SP-002,MED-008,BATCH-0222072,22,2026-06-15,2029-06-14,2026-06-29
HOSP-SP-002,MED-008,BATCH-0224785,140,2026-06-29,2029-06-28,2026-06-29
HOSP-SP-002,MED-009,BATCH-0223449,26,2026-06-22,2028-06-21,2026-06-29
HOSP-SP-002,MED-009,BATCH-0224786,78,2026-06-29,2028-06-28,2026-06-29
HOSP-SP-002,MED-010,BATCH-0220742,90,2026-06-08,2029-06-07,2026-06-29
HOSP-SP-002,MED-010,BATCH-0224787,300,2026-06-29,2029-06-28,2026-06-29
HOSP-SP-002,MED-011,BATCH-0223450,200,2026-06-22,2029-06-21,2026-06-29
HOSP-SP-002,MED-012,BATCH-0224788,300,2026-06-29,2029-06-28,2026-06-29
HOSP-SP-002,MED-013,BATCH-0220745,64,2026-06-08,2028-06-07,2026-06-29
HOSP-SP-002,MED-013,BATCH-0224789,81,2026-06-29,2028-06-28,2026-06-29
HOSP-SP-002,MED-014,BATCH-0223452,72,2026-06-22,2028-06-21,2026-06-29
HOSP-SP-002,MED-014,BATCH-0224790,158,2026-06-29,2028-06-28,2026-06-29
HOSP-SP-002,MED-015,BATCH-0223453,71,2026-06-22,2028-06-21,2026-06-29
HOSP-SP-002,MED-015,BATCH-0224791,73,2026-06-29,2028-06-28,2026-06-29
HOSP-SP-002,MED-016,BATCH-0224792,72,2026-06-29,2028-06-28,2026-06-29
HOSP-SP-002,MED-017,BATCH-0210667,216,2026-04-06,2029-04-05,2026-06-29
HOSP-SP-002,MED-018,BATCH-0220747,3,2026-06-08,2028-06-07,2026-06-29
HOSP-SP-002,MED-018,BATCH-0223454,32,2026-06-22,2028-06-21,2026-06-29
HOSP-SP-002,MED-019,BATCH-0224793,10,2026-04-20,2028-04-19,2026-06-29
HOSP-SP-002,MED-020,BATCH-0223455,16,2026-06-22,2028-06-21,2026-06-29
HOSP-SP-002,MED-020,BATCH-0224794,41,2026-06-29,2028-06-28,2026-06-29
HOSP-SP-002,MED-021,BATCH-0219377,31,2026-06-01,2029-05-31,2026-06-29
HOSP-SP-002,MED-021,BATCH-0224795,300,2026-06-29,2029-06-28,2026-06-29
HOSP-SP-002,MED-022,BATCH-0222079,102,2026-06-15,2029-06-14,2026-06-29
HOSP-SP-002,MED-023,BATCH-0219378,149,2026-06-01,2029-05-31,2026-06-29
HOSP-SP-002,MED-023,BATCH-0224796,400,2026-06-29,2029-06-28,2026-06-29
HOSP-SP-002,MED-024,BATCH-0220748,1,2026-06-08,2028-06-07,2026-06-29
HOSP-SP-002,MED-024,BATCH-0222080,18,2026-06-15,2028-06-14,2026-06-29
HOSP-SP-002,MED-025,BATCH-0223456,185,2026-06-22,2029-06-21,2026-06-29
HOSP-SP-002,MED-026,BATCH-0223457,134,2026-06-22,2029-06-21,2026-06-29
HOSP-SP-002,MED-027,BATCH-0220749,143,2026-06-08,2029-06-07,2026-06-29
HOSP-SP-002,MED-027,BATCH-0224797,400,2026-06-29,2029-06-28,2026-06-29
HOSP-SP-002,MED-028,BATCH-0224798,100,2026-06-29,2029-06-28,2026-06-29
HOSP-SP-002,MED-029,BATCH-0222082,126,2026-06-15,2029-06-14,2026-06-29
HOSP-SP-002,MED-030,BATCH-0222083,21,2026-06-15,2029-06-14,2026-06-29
HOSP-SP-002,MED-030,BATCH-0224799,40,2026-06-29,2029-06-28,2026-06-29
HOSP-SP-002,MED-031,BATCH-0219381,8,2026-06-01,2031-06-01,2026-06-29
HOSP-SP-002,MED-031,BATCH-0223458,300,2026-06-22,2031-06-22,2026-06-29
HOSP-SP-002,MED-032,BATCH-0222084,165,2026-06-15,2031-06-15,2026-06-29
HOSP-SP-002,MED-032,BATCH-0224800,400,2026-06-29,2031-06-29,2026-06-29
HOSP-SP-002,MED-033,BATCH-0222085,135,2026-06-15,2031-06-15,2026-06-29
HOSP-SP-002,MED-033,BATCH-0224801,150,2026-06-29,2031-06-29,2026-06-29
HOSP-SP-002,MED-034,BATCH-0222086,23,2026-06-15,2028-06-14,2026-06-29
HOSP-SP-002,MED-035,BATCH-0222087,6,2026-06-15,2028-06-14,2026-06-29
HOSP-SP-002,MED-035,BATCH-0224802,12,2026-06-29,2028-06-28,2026-06-29
HOSP-SP-002,MED-036,BATCH-0222088,108,2026-06-15,2028-06-14,2026-06-29
HOSP-SP-002,MED-037,BATCH-0220751,3,2026-06-08,2029-06-07,2026-06-29
HOSP-SP-002,MED-037,BATCH-0223459,39,2026-06-22,2029-06-21,2026-06-29
HOSP-SP-002,MED-038,BATCH-0223460,60,2026-06-22,2028-06-21,2026-06-29
HOSP-SP-002,MED-039,BATCH-0222089,37,2026-06-15,2029-06-14,2026-06-29
HOSP-SP-002,MED-040,BATCH-0222090,21,2026-06-15,2029-06-14,2026-06-29
HOSP-SP-002,MED-041,BATCH-0222091,3,2026-06-15,2028-06-14,2026-06-29
HOSP-SP-002,MED-041,BATCH-0224803,6,2026-06-29,2028-06-28,2026-06-29
HOSP-SP-002,MED-042,BATCH-0220753,1,2026-06-08,2028-06-07,2026-06-29
HOSP-SP-002,MED-042,BATCH-0223461,5,2026-06-22,2028-06-21,2026-06-29
HOSP-SP-002,MED-043,BATCH-0213824,1,2026-04-27,2028-04-26,2026-06-29
HOSP-SP-002,MED-043,BATCH-0219387,5,2026-06-01,2028-05-31,2026-06-29
HOSP-SP-002,MED-044,BATCH-0215990,2,2026-05-11,2028-05-10,2026-06-29
HOSP-SP-002,MED-044,BATCH-0222092,5,2026-06-15,2028-06-14,2026-06-29
HOSP-SP-002,MED-045,BATCH-0211743,8,2026-04-13,2028-04-12,2026-06-29
HOSP-SP-002,MED-045,BATCH-0223462,40,2026-06-22,2028-06-21,2026-06-29
HOSP-SP-002,MED-046,BATCH-0222093,3,2026-06-15,2027-12-14,2026-06-29
HOSP-SP-002,MED-046,BATCH-0224804,6,2026-06-29,2027-12-28,2026-06-29
HOSP-SP-002,MED-047,BATCH-0222094,80,2026-06-15,2029-06-14,2026-06-29
HOSP-SP-002,MED-047,BATCH-0224805,150,2026-06-29,2029-06-28,2026-06-29
HOSP-SP-002,MED-048,BATCH-0223463,23,2026-06-22,2028-06-21,2026-06-29
HOSP-SP-002,MED-048,BATCH-0224806,26,2026-06-29,2028-06-28,2026-06-29
HOSP-SP-002,MED-049,BATCH-0214873,102,2026-05-04,2028-05-03,2026-06-29
HOSP-SP-002,MED-050,BATCH-0222096,17,2026-06-15,2028-06-14,2026-06-29
HOSP-SP-002,MED-050,BATCH-0224807,40,2026-06-29,2028-06-28,2026-06-29
HOSP-SP-002,MED-051,BATCH-0220754,5,2026-06-08,2028-06-07,2026-06-29
HOSP-SP-002,MED-051,BATCH-0223464,40,2026-06-22,2028-06-21,2026-06-29
HOSP-SP-002,MED-052,BATCH-0223465,33,2026-06-22,2028-06-21,2026-06-29
HOSP-SP-002,MED-052,BATCH-0224808,44,2026-06-29,2028-06-28,2026-06-29
HOSP-SP-002,MED-053,BATCH-0222097,39,2026-06-15,2028-06-14,2026-06-29
HOSP-SP-002,MED-053,BATCH-0224809,60,2026-06-29,2028-06-28,2026-06-29
HOSP-SP-002,MED-054,BATCH-0224810,11,2026-05-08,2028-05-07,2026-06-29
HOSP-SP-002,MED-055,BATCH-0222099,22,2026-06-15,2029-06-14,2026-06-29
HOSP-SP-002,MED-056,BATCH-0222100,7,2026-06-15,2029-06-14,2026-06-29
HOSP-SP-002,MED-056,BATCH-0224811,20,2026-06-29,2029-06-28,2026-06-29
HOSP-SP-002,MED-057,BATCH-0223466,13,2026-06-22,2028-06-21,2026-06-29
HOSP-SP-002,MED-058,BATCH-0222101,6,2026-06-15,2028-06-14,2026-06-29
HOSP-SP-002,MED-058,BATCH-0224812,7,2026-06-29,2028-06-28,2026-06-29
HOSP-SP-002,MED-059,BATCH-0220759,5,2026-06-08,2028-06-07,2026-06-29
HOSP-SP-002,MED-059,BATCH-0224813,6,2026-06-29,2028-06-28,2026-06-29
HOSP-SP-002,MED-060,BATCH-0223467,4,2026-06-22,2028-06-21,2026-06-29
HOSP-SP-002,MED-060,BATCH-0224814,5,2026-06-29,2028-06-28,2026-06-29
HOSP-SP-002,MED-061,BATCH-0223468,14,2026-06-22,2028-06-21,2026-06-29
HOSP-SP-002,MED-062,BATCH-0222102,22,2026-06-15,2029-06-14,2026-06-29
HOSP-SP-002,MED-063,BATCH-0220762,2,2026-06-08,2028-06-07,2026-06-29
HOSP-SP-002,MED-063,BATCH-0223469,7,2026-06-22,2028-06-21,2026-06-29
HOSP-SP-002,MED-064,BATCH-0222103,51,2026-06-15,2031-06-15,2026-06-29
HOSP-SP-002,MED-064,BATCH-0224815,60,2026-06-29,2031-06-29,2026-06-29
HOSP-SP-002,MED-065,BATCH-0223470,7,2026-06-22,2026-07-22,2026-06-29
HOSP-SP-002,MED-065,BATCH-0224816,17,2026-06-29,2026-07-29,2026-06-29
HOSP-SP-002,MED-066,BATCH-0222104,3,2026-06-15,2026-07-15,2026-06-29
HOSP-SP-002,MED-066,BATCH-0224817,15,2026-06-29,2026-07-29,2026-06-29
HOSP-SP-002,MED-067,BATCH-0223471,16,2026-06-22,2029-06-21,2026-06-29
HOSP-SP-002,MED-067,BATCH-0224818,32,2026-06-29,2029-06-28,2026-06-29
HOSP-SP-002,MED-068,BATCH-0223472,5,2026-06-22,2029-06-21,2026-06-29
HOSP-SP-002,MED-068,BATCH-0224819,11,2026-06-29,2029-06-28,2026-06-29
HOSP-SP-002,MED-069,BATCH-0220765,9,2026-06-08,2029-06-07,2026-06-29
HOSP-SP-002,MED-069,BATCH-0224820,20,2026-06-29,2029-06-28,2026-06-29
HOSP-SP-002,MED-070,BATCH-0211750,82,2026-04-13,2028-04-12,2026-06-29
HOSP-SP-002,MED-070,BATCH-0220766,150,2026-06-08,2028-06-07,2026-06-29
HOSP-SP-002,MED-071,BATCH-0220767,9,2026-06-08,2028-06-07,2026-06-29
HOSP-SP-002,MED-071,BATCH-0224821,10,2026-06-29,2028-06-28,2026-06-29
HOSP-SP-002,MED-072,BATCH-0223473,16,2026-06-22,2028-06-21,2026-06-29
HOSP-SP-002,MED-072,BATCH-0224822,19,2026-06-29,2028-06-28,2026-06-29
HOSP-SP-003,MED-001,BATCH-0224251,180,2026-06-29,2029-06-28,2026-06-29
HOSP-SP-003,MED-003,BATCH-0220225,158,2026-06-06,2029-06-05,2026-06-29
HOSP-SP-003,MED-004,BATCH-0220226,2,2026-06-07,2028-06-06,2026-06-29
HOSP-SP-003,MED-005,BATCH-0224252,180,2026-06-29,2028-06-28,2026-06-29
HOSP-SP-003,MED-006,BATCH-0224253,23,2026-06-29,2028-06-28,2026-06-29
HOSP-SP-003,MED-007,BATCH-0222907,2,2026-06-21,2028-06-20,2026-06-29
HOSP-SP-003,MED-007,BATCH-0224254,21,2026-06-28,2028-06-27,2026-06-29
HOSP-SP-003,MED-008,BATCH-0224255,4,2026-06-29,2029-06-28,2026-06-29
HOSP-SP-003,MED-009,BATCH-0224256,1,2026-06-29,2028-06-28,2026-06-29
HOSP-SP-003,MED-010,BATCH-0200259,131,2026-01-31,2029-01-30,2026-06-29
HOSP-SP-003,MED-011,BATCH-0220227,29,2026-06-08,2029-06-07,2026-06-29
HOSP-SP-003,MED-012,BATCH-0224257,180,2026-06-28,2029-06-27,2026-06-29
HOSP-SP-003,MED-013,BATCH-0222908,17,2026-06-22,2028-06-21,2026-06-29
HOSP-SP-003,MED-014,BATCH-0224258,8,2026-06-28,2028-06-27,2026-06-29
HOSP-SP-003,MED-015,BATCH-0224259,6,2026-06-29,2028-06-28,2026-06-29
HOSP-SP-003,MED-016,BATCH-0224260,43,2026-06-27,2028-06-26,2026-06-29
HOSP-SP-003,MED-017,BATCH-0200726,169,2025-11-26,2028-11-25,2026-06-29
HOSP-SP-003,MED-018,BATCH-0222909,6,2026-06-22,2028-06-21,2026-06-29
HOSP-SP-003,MED-019,BATCH-0222910,15,2026-06-20,2028-06-19,2026-06-29
HOSP-SP-003,MED-020,BATCH-0224261,8,2026-06-29,2028-06-28,2026-06-29
HOSP-SP-003,MED-021,BATCH-0208113,73,2026-03-23,2029-03-22,2026-06-29
HOSP-SP-003,MED-022,BATCH-0215555,153,2026-05-09,2029-05-08,2026-06-29
HOSP-SP-003,MED-023,BATCH-0222912,166,2026-06-22,2029-06-21,2026-06-29
HOSP-SP-003,MED-023,BATCH-0224262,200,2026-06-29,2029-06-28,2026-06-29
HOSP-SP-003,MED-024,BATCH-0224263,7,2026-06-28,2028-06-27,2026-06-29
HOSP-SP-003,MED-025,BATCH-0216663,131,2026-05-17,2029-05-16,2026-06-29
HOSP-SP-003,MED-026,BATCH-0189608,77,2025-11-30,2028-11-29,2026-06-29
HOSP-SP-003,MED-026,BATCH-0224264,300,2026-06-27,2029-06-26,2026-06-29
HOSP-SP-003,MED-027,BATCH-0224265,180,2026-06-28,2029-06-27,2026-06-29
HOSP-SP-003,MED-028,BATCH-0222915,5,2026-06-20,2029-06-19,2026-06-29
HOSP-SP-003,MED-029,BATCH-0173428,102,2025-09-01,2028-08-31,2026-06-29
HOSP-SP-003,MED-030,BATCH-0224266,4,2026-06-27,2029-06-26,2026-06-29
HOSP-SP-003,MED-031,BATCH-0222916,74,2026-06-21,2031-06-21,2026-06-29
HOSP-SP-003,MED-031,BATCH-0224267,100,2026-06-27,2031-06-27,2026-06-29
HOSP-SP-003,MED-032,BATCH-0213417,138,2026-04-27,2031-04-27,2026-06-29
HOSP-SP-003,MED-033,BATCH-0216665,98,2026-05-17,2031-05-17,2026-06-29
HOSP-SP-003,MED-034,BATCH-0222917,18,2026-06-21,2028-06-20,2026-06-29
HOSP-SP-003,MED-035,BATCH-0222918,5,2026-06-21,2028-06-20,2026-06-29
HOSP-SP-003,MED-035,BATCH-0224268,5,2026-06-29,2028-06-28,2026-06-29
HOSP-SP-003,MED-036,BATCH-0202587,41,2026-02-16,2028-02-16,2026-06-29
HOSP-SP-003,MED-036,BATCH-0220230,300,2026-06-08,2028-06-07,2026-06-29
HOSP-SP-003,MED-036,BATCH-0221573,300,2026-06-14,2028-06-13,2026-06-29
HOSP-SP-003,MED-038,BATCH-0224823,8,2026-06-09,2028-06-08,2026-06-29
HOSP-SP-003,MED-039,BATCH-0224269,18,2026-06-28,2029-06-27,2026-06-29
HOSP-SP-003,MED-040,BATCH-0217745,12,2026-05-23,2029-05-22,2026-06-29
HOSP-SP-003,MED-041,BATCH-0214452,4,2026-05-03,2028-05-02,2026-06-29
HOSP-SP-003,MED-041,BATCH-0215561,5,2026-05-10,2028-05-09,2026-06-29
HOSP-SP-003,MED-042,BATCH-0201399,5,2026-02-07,2028-02-07,2026-06-29
HOSP-SP-003,MED-043,BATCH-0205903,4,2026-03-09,2028-03-08,2026-06-29
HOSP-SP-003,MED-043,BATCH-0207038,5,2026-03-16,2028-03-15,2026-06-29
HOSP-SP-003,MED-044,BATCH-0190747,5,2025-12-07,2027-12-07,2026-06-29
HOSP-SP-003,MED-045,BATCH-0221575,36,2026-06-14,2028-06-13,2026-06-29
HOSP-SP-003,MED-045,BATCH-0222920,40,2026-06-21,2028-06-20,2026-06-29
HOSP-SP-003,MED-046,BATCH-0212419,2,2026-04-20,2027-10-19,2026-06-29
HOSP-SP-003,MED-046,BATCH-0213420,7,2026-04-26,2027-10-25,2026-06-29
HOSP-SP-003,MED-047,BATCH-0221576,54,2026-06-13,2029-06-12,2026-06-29
HOSP-SP-003,MED-048,BATCH-0224270,9,2026-06-27,2028-06-26,2026-06-29
HOSP-SP-003,MED-049,BATCH-0221577,178,2026-06-13,2028-06-12,2026-06-29
HOSP-SP-003,MED-050,BATCH-0222922,18,2026-06-21,2028-06-20,2026-06-29
HOSP-SP-003,MED-051,BATCH-0221579,12,2026-06-13,2028-06-12,2026-06-29
HOSP-SP-003,MED-052,BATCH-0222923,7,2026-06-21,2028-06-20,2026-06-29
HOSP-SP-003,MED-052,BATCH-0224271,12,2026-06-27,2028-06-26,2026-06-29
HOSP-SP-003,MED-053,BATCH-0218846,4,2026-05-31,2028-05-30,2026-06-29
HOSP-SP-003,MED-053,BATCH-0220235,10,2026-06-07,2028-06-06,2026-06-29
HOSP-SP-003,MED-054,BATCH-0221581,1,2026-06-14,2028-06-13,2026-06-29
HOSP-SP-003,MED-055,BATCH-0214453,14,2026-05-02,2029-05-01,2026-06-29
HOSP-SP-003,MED-056,BATCH-0217747,3,2026-05-23,2029-05-22,2026-06-29
HOSP-SP-003,MED-057,BATCH-0214454,2,2026-05-02,2028-05-01,2026-06-29
HOSP-SP-003,MED-057,BATCH-0215562,5,2026-05-10,2028-05-09,2026-06-29
HOSP-SP-003,MED-058,BATCH-0209214,1,2026-03-30,2028-03-29,2026-06-29
HOSP-SP-003,MED-058,BATCH-0224272,5,2026-06-29,2028-06-28,2026-06-29
HOSP-SP-003,MED-059,BATCH-0220237,3,2026-06-06,2028-06-05,2026-06-29
HOSP-SP-003,MED-059,BATCH-0221582,5,2026-06-15,2028-06-14,2026-06-29
HOSP-SP-003,MED-060,BATCH-0204842,2,2026-03-02,2028-03-01,2026-06-29
HOSP-SP-003,MED-061,BATCH-0205910,6,2026-03-08,2028-03-07,2026-06-29
HOSP-SP-003,MED-061,BATCH-0224273,20,2026-06-29,2028-06-28,2026-06-29
HOSP-SP-003,MED-062,BATCH-0185218,9,2025-11-03,2028-11-02,2026-06-29
HOSP-SP-003,MED-063,BATCH-0216669,1,2026-05-16,2028-05-15,2026-06-29
HOSP-SP-003,MED-063,BATCH-0217748,5,2026-05-23,2028-05-22,2026-06-29
HOSP-SP-003,MED-064,BATCH-0224274,8,2026-06-28,2031-06-28,2026-06-29
HOSP-SP-003,MED-067,BATCH-0221583,3,2026-06-15,2029-06-14,2026-06-29
HOSP-SP-003,MED-068,BATCH-0221584,4,2026-06-14,2029-06-13,2026-06-29
HOSP-SP-003,MED-068,BATCH-0222924,5,2026-06-21,2029-06-20,2026-06-29
HOSP-SP-003,MED-069,BATCH-0222925,9,2026-06-20,2029-06-19,2026-06-29
HOSP-SP-003,MED-070,BATCH-0220239,120,2026-06-06,2028-06-05,2026-06-29
HOSP-SP-003,MED-070,BATCH-0221586,150,2026-06-13,2028-06-12,2026-06-29
HOSP-SP-003,MED-071,BATCH-0189618,1,2025-11-29,2027-11-29,2026-06-29
HOSP-SP-003,MED-071,BATCH-0210299,10,2026-04-06,2028-04-05,2026-06-29
HOSP-SP-003,MED-071,BATCH-0211307,10,2026-04-13,2028-04-12,2026-06-29
HOSP-SP-003,MED-072,BATCH-0224275,4,2026-06-28,2028-06-27,2026-06-29
HOSP-SP-004,MED-001,BATCH-0224276,164,2026-06-28,2029-06-27,2026-06-29
HOSP-SP-004,MED-002,BATCH-0222926,11,2026-06-21,2028-06-20,2026-06-29
HOSP-SP-004,MED-003,BATCH-0213427,103,2026-04-26,2029-04-25,2026-06-29
HOSP-SP-004,MED-004,BATCH-0222927,11,2026-06-20,2028-06-19,2026-06-29
HOSP-SP-004,MED-005,BATCH-0218847,50,2026-05-31,2028-05-30,2026-06-29
HOSP-SP-004,MED-005,BATCH-0224277,200,2026-06-28,2028-06-27,2026-06-29
HOSP-SP-004,MED-006,BATCH-0224278,26,2026-06-29,2028-06-28,2026-06-29
HOSP-SP-004,MED-007,BATCH-0222928,2,2026-06-21,2028-06-20,2026-06-29
HOSP-SP-004,MED-008,BATCH-0224279,29,2026-06-27,2029-06-26,2026-06-29
HOSP-SP-004,MED-009,BATCH-0221591,1,2026-06-14,2028-06-13,2026-06-29
HOSP-SP-004,MED-009,BATCH-0224280,20,2026-06-28,2028-06-27,2026-06-29
HOSP-SP-004,MED-010,BATCH-0204852,150,2026-03-01,2029-02-28,2026-06-29
HOSP-SP-004,MED-011,BATCH-0224281,61,2026-06-29,2029-06-28,2026-06-29
HOSP-SP-004,MED-012,BATCH-0221593,107,2026-06-15,2029-06-14,2026-06-29
HOSP-SP-004,MED-013,BATCH-0224282,11,2026-06-27,2028-06-26,2026-06-29
HOSP-SP-004,MED-014,BATCH-0222930,5,2026-06-20,2028-06-19,2026-06-29
HOSP-SP-004,MED-015,BATCH-0222931,6,2026-06-22,2028-06-21,2026-06-29
HOSP-SP-004,MED-016,BATCH-0218851,28,2026-05-31,2028-05-30,2026-06-29
HOSP-SP-004,MED-017,BATCH-0170660,106,2025-08-18,2028-08-17,2026-06-29
HOSP-SP-004,MED-018,BATCH-0221597,2,2026-06-13,2028-06-12,2026-06-29
HOSP-SP-004,MED-019,BATCH-0220249,2,2026-06-06,2028-06-05,2026-06-29
HOSP-SP-004,MED-019,BATCH-0224283,20,2026-06-28,2028-06-27,2026-06-29
HOSP-SP-004,MED-020,BATCH-0222932,1,2026-06-22,2028-06-21,2026-06-29
HOSP-SP-004,MED-021,BATCH-0215568,209,2026-05-09,2029-05-08,2026-06-29
HOSP-SP-004,MED-022,BATCH-0215569,165,2026-05-09,2029-05-08,2026-06-29
HOSP-SP-004,MED-023,BATCH-0221598,157,2026-06-14,2029-06-13,2026-06-29
HOSP-SP-004,MED-024,BATCH-0218854,3,2026-05-30,2028-05-29,2026-06-29
HOSP-SP-004,MED-024,BATCH-0224284,6,2026-06-29,2028-06-28,2026-06-29
HOSP-SP-004,MED-025,BATCH-0207053,46,2026-03-14,2029-03-13,2026-06-29
HOSP-SP-004,MED-025,BATCH-0221599,200,2026-06-15,2029-06-14,2026-06-29
HOSP-SP-004,MED-026,BATCH-0207054,54,2026-03-14,2029-03-13,2026-06-29
HOSP-SP-004,MED-026,BATCH-0222933,300,2026-06-20,2029-06-19,2026-06-29
HOSP-SP-004,MED-027,BATCH-0224285,180,2026-06-29,2029-06-28,2026-06-29
HOSP-SP-004,MED-028,BATCH-0224286,29,2026-06-27,2029-06-26,2026-06-29
HOSP-SP-004,MED-029,BATCH-0209222,76,2026-03-28,2029-03-27,2026-06-29
HOSP-SP-004,MED-029,BATCH-0224287,300,2026-06-27,2029-06-26,2026-06-29
HOSP-SP-004,MED-030,BATCH-0222934,3,2026-06-22,2029-06-21,2026-06-29
HOSP-SP-004,MED-031,BATCH-0221600,83,2026-06-13,2031-06-13,2026-06-29
HOSP-SP-004,MED-032,BATCH-0218855,63,2026-06-01,2031-06-01,2026-06-29
HOSP-SP-004,MED-033,BATCH-0217757,39,2026-05-24,2031-05-24,2026-06-29
HOSP-SP-004,MED-034,BATCH-0221601,17,2026-06-14,2028-06-13,2026-06-29
HOSP-SP-004,MED-035,BATCH-0218856,6,2026-05-30,2028-05-29,2026-06-29
HOSP-SP-004,MED-036,BATCH-0222935,180,2026-06-22,2028-06-21,2026-06-29
HOSP-SP-004,MED-037,BATCH-0221602,2,2026-06-13,2029-06-12,2026-06-29
HOSP-SP-004,MED-038,BATCH-0224288,12,2026-06-27,2028-06-26,2026-06-29
HOSP-SP-004,MED-039,BATCH-0222936,19,2026-06-21,2029-06-20,2026-06-29
HOSP-SP-004,MED-040,BATCH-0221603,15,2026-06-13,2029-06-12,2026-06-29
HOSP-SP-004,MED-041,BATCH-0214466,5,2026-05-02,2028-05-01,2026-06-29
HOSP-SP-004,MED-042,BATCH-0199050,4,2026-01-26,2028-01-26,2026-06-29
HOSP-SP-004,MED-042,BATCH-0220255,5,2026-06-07,2028-06-06,2026-06-29
HOSP-SP-004,MED-043,BATCH-0187465,1,2025-11-15,2027-11-15,2026-06-29
HOSP-SP-004,MED-043,BATCH-0220256,5,2026-06-08,2028-06-07,2026-06-29
HOSP-SP-004,MED-044,BATCH-0190760,3,2025-12-06,2027-12-06,2026-06-29
HOSP-SP-004,MED-044,BATCH-0222937,5,2026-06-21,2028-06-20,2026-06-29
HOSP-SP-004,MED-045,BATCH-0196594,20,2026-01-12,2028-01-12,2026-06-29
HOSP-SP-004,MED-046,BATCH-0177113,2,2025-09-20,2027-03-21,2026-06-29
HOSP-SP-004,MED-046,BATCH-0216681,5,2026-05-18,2027-11-16,2026-06-29
HOSP-SP-004,MED-047,BATCH-0218858,22,2026-06-01,2029-05-31,2026-06-29
HOSP-SP-004,MED-048,BATCH-0224289,9,2026-06-27,2028-06-26,2026-06-29
HOSP-SP-004,MED-049,BATCH-0210311,102,2026-04-04,2028-04-03,2026-06-29
HOSP-SP-004,MED-050,BATCH-0222939,14,2026-06-22,2028-06-21,2026-06-29
HOSP-SP-004,MED-051,BATCH-0218860,1,2026-05-31,2028-05-30,2026-06-29
HOSP-SP-004,MED-051,BATCH-0224290,20,2026-06-27,2028-06-26,2026-06-29
HOSP-SP-004,MED-052,BATCH-0224291,14,2026-06-29,2028-06-28,2026-06-29
HOSP-SP-004,MED-053,BATCH-0221605,1,2026-06-13,2028-06-12,2026-06-29
HOSP-SP-004,MED-054,BATCH-0216682,3,2026-05-18,2028-05-17,2026-06-29
HOSP-SP-004,MED-054,BATCH-0221606,12,2026-06-14,2028-06-13,2026-06-29
HOSP-SP-004,MED-055,BATCH-0210315,11,2026-04-06,2029-04-05,2026-06-29
HOSP-SP-004,MED-056,BATCH-0220258,2,2026-06-08,2029-06-07,2026-06-29
HOSP-SP-004,MED-057,BATCH-0218862,4,2026-05-31,2028-05-30,2026-06-29
HOSP-SP-004,MED-058,BATCH-0216683,2,2026-05-17,2028-05-16,2026-06-29
HOSP-SP-004,MED-058,BATCH-0224292,6,2026-06-29,2028-06-28,2026-06-29
HOSP-SP-004,MED-059,BATCH-0221607,6,2026-06-14,2028-06-13,2026-06-29
HOSP-SP-004,MED-060,BATCH-0215579,3,2026-05-10,2028-05-09,2026-06-29
HOSP-SP-004,MED-060,BATCH-0222940,5,2026-06-22,2028-06-21,2026-06-29
HOSP-SP-004,MED-061,BATCH-0224293,18,2026-06-27,2028-06-26,2026-06-29
HOSP-SP-004,MED-062,BATCH-0211318,15,2026-04-13,2029-04-12,2026-06-29
HOSP-SP-004,MED-063,BATCH-0220259,4,2026-06-07,2028-06-06,2026-06-29
HOSP-SP-004,MED-064,BATCH-0220260,3,2026-06-08,2031-06-08,2026-06-29
HOSP-SP-004,MED-064,BATCH-0222941,36,2026-06-22,2031-06-22,2026-06-29
HOSP-SP-004,MED-065,BATCH-0222942,4,2026-06-22,2026-07-22,2026-06-29
HOSP-SP-004,MED-066,BATCH-0222943,5,2026-06-20,2026-07-20,2026-06-29
HOSP-SP-004,MED-067,BATCH-0222944,6,2026-06-20,2029-06-19,2026-06-29
HOSP-SP-004,MED-068,BATCH-0217762,5,2026-05-23,2029-05-22,2026-06-29
HOSP-SP-004,MED-069,BATCH-0220262,3,2026-06-08,2029-06-07,2026-06-29
HOSP-SP-004,MED-070,BATCH-0134322,5,2025-01-18,2027-01-18,2026-06-29
HOSP-SP-004,MED-070,BATCH-0179846,150,2025-10-04,2027-10-04,2026-06-29
HOSP-SP-004,MED-071,BATCH-0207066,4,2026-03-15,2028-03-14,2026-06-29
HOSP-SP-004,MED-071,BATCH-0218864,10,2026-05-30,2028-05-29,2026-06-29
HOSP-SP-004,MED-072,BATCH-0224294,4,2026-06-29,2028-06-28,2026-06-29
