hospital_id,medicine_id,batch_id,quantity_units,manufacture_date,expiry_date,snapshot_date,reorder_level,avg_daily_use,days_of_cover,stock_status,unit,unit_cost_npr,days_to_expiry
HOSP-BG-001,MED-001,BATCH-0224295,41,2026-05-21,2029-05-20,2026-06-29,2400,238.079,0.17,LOW_STOCK,tablet,1.5,1056
HOSP-BG-001,MED-002,BATCH-0223476,654,2026-06-29,2028-06-28,2026-06-29,589,43.584,15.01,OK,bottle,45.0,730
HOSP-BG-001,MED-003,BATCH-0222108,360,2026-06-22,2029-06-21,2026-06-29,1000,92.61,3.89,LOW_STOCK,tablet,2.5,1088
HOSP-BG-001,MED-004,BATCH-0223477,422,2026-06-27,2028-06-26,2026-06-29,290,28.913,14.6,OK,ampoule,25.0,728
HOSP-BG-001,MED-005,BATCH-0224296,162,2026-04-26,2028-04-25,2026-06-29,1200,111.089,1.46,LOW_STOCK,capsule,6.0,666
HOSP-BG-001,MED-006,BATCH-0222109,119,2026-06-22,2028-06-21,2026-06-29,650,47.654,2.5,OK,tablet,35.0,723
HOSP-BG-001,MED-006,BATCH-0223478,650,2026-06-29,2028-06-28,2026-06-29,650,47.654,13.64,OK,tablet,35.0,730
HOSP-BG-001,MED-007,BATCH-0222110,11,2026-06-20,2028-06-19,2026-06-29,576,42.575,0.26,OK,tablet,40.0,721
HOSP-BG-001,MED-007,BATCH-0223479,636,2026-06-28,2028-06-27,2026-06-29,576,42.575,14.94,OK,tablet,40.0,729
HOSP-BG-001,MED-008,BATCH-0223480,1026,2026-06-29,2029-06-28,2026-06-29,720,71.988,14.25,OK,tablet,8.0,1095
HOSP-BG-001,MED-009,BATCH-0223481,706,2026-06-29,2028-06-28,2026-06-29,612,45.267,15.6,OK,vial,85.0,730
HOSP-BG-001,MED-010,BATCH-0224297,138,2026-06-11,2029-06-10,2026-06-29,600,69.465,1.99,LOW_STOCK,tablet,2.0,1077
HOSP-BG-001,MED-011,BATCH-0223482,1227,2026-06-28,2029-06-27,2026-06-29,1900,138.728,8.84,LOW_STOCK,sachet,8.0,1094
HOSP-BG-001,MED-012,BATCH-0224298,171,2026-04-20,2029-04-19,2026-06-29,700,82.182,2.08,LOW_STOCK,tablet,1.2,1025
HOSP-BG-001,MED-013,BATCH-0222112,108,2026-06-20,2028-06-19,2026-06-29,867,64.149,1.68,OK,bag,55.0,721
HOSP-BG-001,MED-013,BATCH-0223483,867,2026-06-29,2028-06-28,2026-06-29,867,64.149,13.52,OK,bag,55.0,730
HOSP-BG-001,MED-014,BATCH-0223484,1311,2026-06-29,2028-06-28,2026-06-29,1166,86.36,15.18,OK,bag,45.0,730
HOSP-BG-001,MED-015,BATCH-0223485,828,2026-06-29,2028-06-28,2026-06-29,713,52.745,15.7,OK,bag,48.0,730
HOSP-BG-001,MED-016,BATCH-0222113,146,2026-06-22,2028-06-21,2026-06-29,216,19.802,7.37,LOW_STOCK,tablet,15.0,723
HOSP-BG-001,MED-017,BATCH-0220779,151,2026-06-13,2029-06-12,2026-06-29,100,6.868,21.99,OK,tablet,1.8,1079
HOSP-BG-001,MED-018,BATCH-0222114,81,2026-06-21,2028-06-20,2026-06-29,273,20.192,4.01,OK,unit,180.0,722
HOSP-BG-001,MED-018,BATCH-0223486,273,2026-06-29,2028-06-28,2026-06-29,273,20.192,13.52,OK,unit,180.0,730
HOSP-BG-001,MED-019,BATCH-0223487,169,2026-06-28,2028-06-27,2026-06-29,220,21.421,7.89,LOW_STOCK,ampoule,30.0,729
HOSP-BG-001,MED-020,BATCH-0223488,310,2026-06-28,2028-06-27,2026-06-29,305,22.578,13.73,OK,bottle,55.0,729
HOSP-BG-001,MED-021,BATCH-0224299,134,2026-05-02,2029-05-01,2026-06-29,700,86.314,1.55,LOW_STOCK,tablet,1.0,1037
HOSP-BG-001,MED-022,BATCH-0223489,1198,2026-06-28,2029-06-27,2026-06-29,900,82.65,14.49,OK,tablet,2.5,1094
HOSP-BG-001,MED-023,BATCH-0222115,734,2026-06-20,2029-06-19,2026-06-29,1100,101.629,7.22,LOW_STOCK,tablet,1.5,1086
HOSP-BG-001,MED-024,BATCH-0223490,289,2026-06-28,2028-06-27,2026-06-29,221,16.3,17.73,OK,vial,450.0,729
HOSP-BG-001,MED-025,BATCH-0224300,57,2026-05-29,2029-05-28,2026-06-29,700,64.475,0.88,LOW_STOCK,tablet,3.0,1064
HOSP-BG-001,MED-026,BATCH-0224301,94,2026-06-09,2029-06-08,2026-06-29,800,93.44,1.01,LOW_STOCK,tablet,0.8,1075
HOSP-BG-001,MED-027,BATCH-0224302,180,2026-05-11,2029-05-10,2026-06-29,800,79.173,2.27,LOW_STOCK,capsule,2.0,1046
HOSP-BG-001,MED-028,BATCH-0222116,57,2026-06-22,2029-06-21,2026-06-29,410,40.04,1.42,LOW_STOCK,tablet,6.0,1088
HOSP-BG-001,MED-029,BATCH-0222117,138,2026-06-21,2029-06-20,2026-06-29,300,31.586,4.37,LOW_STOCK,tablet,1.5,1087
HOSP-BG-001,MED-030,BATCH-0222118,180,2026-06-22,2029-06-21,2026-06-29,362,26.75,6.73,LOW_STOCK,bottle_100ml,85.0,1088
HOSP-BG-001,MED-031,BATCH-0223491,1527,2026-06-28,2031-06-28,2026-06-29,1850,134.417,11.36,LOW_STOCK,pair,25.0,1825
HOSP-BG-001,MED-032,BATCH-0220786,1228,2026-06-15,2031-06-15,2026-06-29,2800,201.491,6.09,LOW_STOCK,piece,5.0,1812
HOSP-BG-001,MED-033,BATCH-0222119,588,2026-06-21,2031-06-21,2026-06-29,1000,71.585,8.21,LOW_STOCK,piece,35.0,1818
HOSP-BG-001,MED-034,BATCH-0223492,203,2026-06-29,2028-06-28,2026-06-29,130,12.155,16.7,OK,vial,25.0,730
HOSP-BG-001,MED-035,BATCH-0222120,25,2026-06-22,2028-06-21,2026-06-29,95,7.021,3.56,OK,vial,350.0,723
HOSP-BG-001,MED-035,BATCH-0223493,95,2026-06-29,2028-06-28,2026-06-29,95,7.021,13.53,OK,vial,350.0,730
HOSP-BG-001,MED-036,BATCH-0222953,1431,2026-04-18,2028-04-17,2026-06-29,800,95.311,15.01,OK,tablet,0.5,658
HOSP-BG-001,MED-037,BATCH-0222121,136,2026-06-21,2029-06-20,2026-06-29,211,21.091,6.45,LOW_STOCK,tablet,8.0,1087
HOSP-BG-001,MED-038,BATCH-0223494,315,2026-06-27,2028-06-26,2026-06-29,260,25.91,12.16,OK,ampoule,12.0,728
HOSP-BG-001,MED-039,BATCH-0222122,120,2026-06-20,2029-06-19,2026-06-29,180,17.434,6.88,LOW_STOCK,ampoule,10.0,1086
HOSP-BG-001,MED-040,BATCH-0222123,80,2026-06-20,2029-06-19,2026-06-29,160,15.693,5.1,LOW_STOCK,ampoule,28.0,1086
HOSP-BG-001,MED-041,BATCH-0223495,32,2026-06-27,2028-06-26,2026-06-29,37,2.674,11.97,LOW_STOCK,vial,180.0,728
HOSP-BG-001,MED-042,BATCH-0222124,17,2026-06-20,2028-06-19,2026-06-29,22,1.597,10.64,LOW_STOCK,vial,1200.0,721
HOSP-BG-001,MED-043,BATCH-0223496,17,2026-06-27,2028-06-26,2026-06-29,13,0.928,18.32,OK,vial,3500.0,728
HOSP-BG-001,MED-044,BATCH-0223497,18,2026-06-29,2028-06-28,2026-06-29,18,1.333,13.5,OK,vial,450.0,730
HOSP-BG-001,MED-045,BATCH-0223498,122,2026-06-27,2028-06-26,2026-06-29,80,6.009,20.3,OK,tablet,15.0,728
HOSP-BG-001,MED-046,BATCH-0219424,2,2026-06-08,2027-12-07,2026-06-29,10,0.671,2.98,OK,prefilled,4500.0,526
HOSP-BG-001,MED-046,BATCH-0222125,10,2026-06-20,2027-12-19,2026-06-29,10,0.671,14.9,OK,prefilled,4500.0,538
HOSP-BG-001,MED-047,BATCH-0224303,22,2026-05-05,2029-05-04,2026-06-29,750,72.382,0.3,LOW_STOCK,sachet,6.0,1040
HOSP-BG-001,MED-048,BATCH-0222126,26,2026-06-20,2028-06-19,2026-06-29,304,22.483,1.16,OK,bottle,65.0,721
HOSP-BG-001,MED-048,BATCH-0223499,304,2026-06-28,2028-06-27,2026-06-29,304,22.483,13.52,OK,bottle,65.0,729
HOSP-BG-001,MED-049,BATCH-0222127,346,2026-06-22,2028-06-21,2026-06-29,300,27.724,12.48,OK,capsule,2.0,723
HOSP-BG-001,MED-050,BATCH-0222128,202,2026-06-22,2028-06-21,2026-06-29,300,22.219,9.09,LOW_STOCK,vial,120.0,723
HOSP-BG-001,MED-051,BATCH-0223500,286,2026-06-28,2028-06-27,2026-06-29,240,17.08,16.74,OK,vial,80.0,729
HOSP-BG-001,MED-052,BATCH-0222129,177,2026-06-20,2028-06-19,2026-06-29,440,32.589,5.43,LOW_STOCK,kit,25.0,721
HOSP-BG-001,MED-053,BATCH-0222130,185,2026-06-21,2028-06-20,2026-06-29,410,29.845,6.2,OK,ampoule,35.0,722
HOSP-BG-001,MED-053,BATCH-0223501,410,2026-06-28,2028-06-27,2026-06-29,410,29.845,13.74,OK,ampoule,35.0,729
HOSP-BG-001,MED-054,BATCH-0222131,71,2026-06-22,2028-06-21,2026-06-29,196,19.583,3.63,LOW_STOCK,tablet,20.0,723
HOSP-BG-001,MED-055,BATCH-0220792,35,2026-06-13,2029-06-12,2026-06-29,110,10.899,3.21,LOW_STOCK,ampoule,18.0,1079
HOSP-BG-001,MED-056,BATCH-0223502,99,2026-06-29,2029-06-28,2026-06-29,100,9.89,10.01,LOW_STOCK,ampoule,45.0,1095
HOSP-BG-001,MED-057,BATCH-0223503,83,2026-06-29,2028-06-28,2026-06-29,107,7.882,10.53,LOW_STOCK,bottle,55.0,730
HOSP-BG-001,MED-058,BATCH-0222132,44,2026-06-21,2028-06-20,2026-06-29,77,5.643,7.8,LOW_STOCK,bottle,90.0,722
HOSP-BG-001,MED-059,BATCH-0222133,30,2026-06-21,2028-06-20,2026-06-29,72,5.295,5.67,LOW_STOCK,bottle,70.0,722
HOSP-BG-001,MED-060,BATCH-0223504,41,2026-06-29,2028-06-28,2026-06-29,46,3.354,12.22,LOW_STOCK,vial,2500.0,730
HOSP-BG-001,MED-061,BATCH-0223505,167,2026-06-28,2028-06-27,2026-06-29,100,9.176,18.2,OK,ampoule,25.0,729
HOSP-BG-001,MED-062,BATCH-0224304,13,2026-04-12,2029-04-11,2026-06-29,50,6.432,2.02,LOW_STOCK,ampoule,12.0,1017
HOSP-BG-001,MED-063,BATCH-0223506,63,2026-06-29,2028-06-28,2026-06-29,62,4.554,13.83,OK,vial,850.0,730
HOSP-BG-001,MED-064,BATCH-0223507,397,2026-06-27,2031-06-27,2026-06-29,432,31.701,12.52,LOW_STOCK,roll,80.0,1824
HOSP-BG-001,MED-065,BATCH-0224305,13,2026-06-06,2026-07-06,2026-06-29,64,8.472,1.53,LOW_STOCK,unit,0.0,7
HOSP-BG-001,MED-066,BATCH-0224306,10,2026-06-06,2026-07-06,2026-06-29,50,6.612,1.51,LOW_STOCK,unit,0.0,7
HOSP-BG-001,MED-067,BATCH-0223508,335,2026-06-29,2029-06-28,2026-06-29,331,24.503,13.67,OK,vial,40.0,1095
HOSP-BG-001,MED-069,BATCH-0222136,79,2026-06-22,2029-06-21,2026-06-29,110,7.803,10.12,LOW_STOCK,ampoule,95.0,1088
HOSP-BG-001,MED-070,BATCH-0222137,200,2026-06-22,2028-06-21,2026-06-29,300,19.479,10.27,LOW_STOCK,sachet,120.0,723
HOSP-BG-001,MED-071,BATCH-0223509,127,2026-06-27,2028-06-26,2026-06-29,100,6.759,18.79,OK,ampoule,150.0,728
HOSP-BG-001,MED-072,BATCH-0223510,168,2026-06-28,2028-06-27,2026-06-29,143,10.59,15.86,OK,vial,650.0,729
HOSP-BG-002,MED-001,BATCH-0223511,4047,2026-06-29,2029-06-28,2026-06-29,3000,293.651,13.78,OK,tablet,1.5,1095
HOSP-BG-002,MED-002,BATCH-0222138,33,2026-06-22,2028-06-21,2026-06-29,732,54.207,0.61,OK,bottle,45.0,723
HOSP-BG-002,MED-002,BATCH-0223512,732,2026-06-27,2028-06-26,2026-06-29,732,54.207,13.5,OK,bottle,45.0,728
HOSP-BG-002,MED-003,BATCH-0223513,1979,2026-06-29,2029-06-28,2026-06-29,1400,138.647,14.27,OK,tablet,2.5,1095
HOSP-BG-002,MED-004,BATCH-0222139,83,2026-06-20,2028-06-19,2026-06-29,440,43.885,1.89,LOW_STOCK,ampoule,25.0,721
HOSP-BG-002,MED-005,BATCH-0223514,2083,2026-06-28,2028-06-27,2026-06-29,1500,145.609,14.31,OK,capsule,6.0,729
HOSP-BG-002,MED-006,BATCH-0223515,484,2026-06-29,2028-06-28,2026-06-29,890,65.903,7.34,LOW_STOCK,tablet,35.0,730
HOSP-BG-002,MED-007,BATCH-0223516,648,2026-06-27,2028-06-26,2026-06-29,723,53.37,12.14,LOW_STOCK,tablet,40.0,728
HOSP-BG-002,MED-009,BATCH-0223517,632,2026-06-27,2028-06-26,2026-06-29,796,58.947,10.72,LOW_STOCK,vial,85.0,728
HOSP-BG-002,MED-010,BATCH-0224307,55,2026-04-29,2029-04-28,2026-06-29,700,92.886,0.59,LOW_STOCK,tablet,2.0,1034
HOSP-BG-002,MED-011,BATCH-0223518,1828,2026-06-27,2029-06-26,2026-06-29,2400,177.094,10.32,LOW_STOCK,sachet,8.0,1093
HOSP-BG-002,MED-012,BATCH-0223519,783,2026-06-27,2029-06-26,2026-06-29,800,101.398,7.72,LOW_STOCK,tablet,1.2,1093
HOSP-BG-002,MED-013,BATCH-0222143,380,2026-06-21,2028-06-20,2026-06-29,1087,80.49,4.72,LOW_STOCK,bag,55.0,722
HOSP-BG-002,MED-014,BATCH-0223520,1469,2026-06-29,2028-06-28,2026-06-29,1478,109.444,13.42,LOW_STOCK,bag,45.0,730
HOSP-BG-002,MED-015,BATCH-0223521,876,2026-06-27,2028-06-26,2026-06-29,923,68.346,12.82,LOW_STOCK,bag,48.0,728
HOSP-BG-002,MED-016,BATCH-0223522,412,2026-06-29,2028-06-28,2026-06-29,240,22.886,18.0,OK,tablet,15.0,730
HOSP-BG-002,MED-017,BATCH-0223523,250,2026-06-27,2029-06-26,2026-06-29,100,11.461,21.81,OK,tablet,1.8,1093
HOSP-BG-002,MED-018,BATCH-0222146,235,2026-06-20,2028-06-19,2026-06-29,394,29.158,8.06,LOW_STOCK,unit,180.0,721
HOSP-BG-002,MED-019,BATCH-0224308,6,2026-04-28,2028-04-27,2026-06-29,350,34.13,0.18,LOW_STOCK,ampoule,30.0,668
HOSP-BG-002,MED-020,BATCH-0223524,428,2026-06-27,2028-06-26,2026-06-29,483,35.769,11.97,LOW_STOCK,bottle,55.0,728
HOSP-BG-002,MED-021,BATCH-0223525,1989,2026-06-27,2029-06-26,2026-06-29,1000,132.199,15.05,OK,tablet,1.0,1093
HOSP-BG-002,MED-022,BATCH-0222147,672,2026-06-22,2029-06-21,2026-06-29,1300,120.999,5.55,LOW_STOCK,tablet,2.5,1088
HOSP-BG-002,MED-023,BATCH-0223526,2498,2026-06-27,2029-06-26,2026-06-29,1600,150.454,16.6,OK,tablet,1.5,1093
HOSP-BG-002,MED-024,BATCH-0222148,166,2026-06-22,2028-06-21,2026-06-29,294,21.725,7.64,LOW_STOCK,vial,450.0,723
HOSP-BG-002,MED-025,BATCH-0222149,679,2026-06-21,2029-06-20,2026-06-29,800,71.51,9.5,LOW_STOCK,tablet,3.0,1087
HOSP-BG-002,MED-026,BATCH-0223527,1883,2026-06-27,2029-06-26,2026-06-29,1000,127.435,14.78,OK,tablet,0.8,1093
HOSP-BG-002,MED-027,BATCH-0223528,1110,2026-06-29,2029-06-28,2026-06-29,1200,113.747,9.76,LOW_STOCK,capsule,2.0,1095
HOSP-BG-002,MED-028,BATCH-0222151,130,2026-06-20,2029-06-19,2026-06-29,440,43.599,2.98,LOW_STOCK,tablet,6.0,1086
HOSP-BG-002,MED-029,BATCH-0224309,194,2026-05-13,2029-05-12,2026-06-29,300,39.805,4.87,LOW_STOCK,tablet,1.5,1048
HOSP-BG-002,MED-030,BATCH-0222152,142,2026-06-22,2029-06-21,2026-06-29,421,31.134,4.56,LOW_STOCK,bottle_100ml,85.0,1088
HOSP-BG-002,MED-031,BATCH-0223529,2868,2026-06-28,2031-06-28,2026-06-29,2850,208.643,13.75,OK,pair,25.0,1825
HOSP-BG-002,MED-032,BATCH-0222153,1854,2026-06-20,2031-06-20,2026-06-29,4600,335.139,5.53,LOW_STOCK,piece,5.0,1817
HOSP-BG-002,MED-033,BATCH-0223530,1619,2026-06-28,2031-06-28,2026-06-29,1300,94.101,17.2,OK,piece,35.0,1825
HOSP-BG-002,MED-034,BATCH-0224310,10,2026-06-03,2028-06-02,2026-06-29,170,16.039,0.62,LOW_STOCK,vial,25.0,704
HOSP-BG-002,MED-035,BATCH-0223531,116,2026-06-29,2028-06-28,2026-06-29,114,8.38,13.84,OK,vial,350.0,730
HOSP-BG-002,MED-036,BATCH-0224311,52,2026-04-07,2028-04-06,2026-06-29,1100,140.725,0.37,LOW_STOCK,tablet,0.5,647
HOSP-BG-002,MED-037,BATCH-0223532,321,2026-06-27,2029-06-26,2026-06-29,269,26.887,11.94,OK,tablet,8.0,1093
HOSP-BG-002,MED-038,BATCH-0223533,427,2026-06-28,2028-06-27,2026-06-29,310,30.157,14.16,OK,ampoule,12.0,729
HOSP-BG-002,MED-039,BATCH-0224312,11,2026-04-29,2029-04-28,2026-06-29,260,25.631,0.43,LOW_STOCK,ampoule,10.0,1034
HOSP-BG-002,MED-040,BATCH-0222154,81,2026-06-22,2029-06-21,2026-06-29,220,21.595,3.75,LOW_STOCK,ampoule,28.0,1088
HOSP-BG-002,MED-041,BATCH-0223534,31,2026-06-29,2028-06-28,2026-06-29,42,3.068,10.1,LOW_STOCK,vial,180.0,730
HOSP-BG-002,MED-042,BATCH-0223535,23,2026-06-28,2028-06-27,2026-06-29,28,2.036,11.3,LOW_STOCK,vial,1200.0,729
HOSP-BG-002,MED-043,BATCH-0223536,11,2026-06-27,2028-06-26,2026-06-29,19,1.373,8.01,LOW_STOCK,vial,3500.0,728
HOSP-BG-002,MED-044,BATCH-0220823,2,2026-06-15,2028-06-14,2026-06-29,21,1.53,1.31,OK,vial,450.0,716
HOSP-BG-002,MED-044,BATCH-0223537,26,2026-06-28,2028-06-27,2026-06-29,21,1.53,16.99,OK,vial,450.0,729
HOSP-BG-002,MED-045,BATCH-0224313,9,2026-04-07,2028-04-06,2026-06-29,80,7.02,1.28,LOW_STOCK,tablet,15.0,647
HOSP-BG-002,MED-046,BATCH-0222156,9,2026-06-21,2027-12-20,2026-06-29,13,0.938,9.59,LOW_STOCK,prefilled,4500.0,539
HOSP-BG-002,MED-047,BATCH-0224314,35,2026-05-14,2029-05-13,2026-06-29,950,94.596,0.37,LOW_STOCK,sachet,6.0,1049
HOSP-BG-002,MED-048,BATCH-0222158,175,2026-06-20,2028-06-19,2026-06-29,396,29.292,5.97,LOW_STOCK,bottle,65.0,721
HOSP-BG-002,MED-049,BATCH-0224315,101,2026-04-08,2028-04-07,2026-06-29,300,38.66,2.61,LOW_STOCK,capsule,2.0,648
HOSP-BG-002,MED-050,BATCH-0223538,225,2026-06-29,2028-06-28,2026-06-29,310,22.533,9.99,LOW_STOCK,vial,120.0,730
HOSP-BG-002,MED-051,BATCH-0224316,8,2026-06-12,2028-06-11,2026-06-29,280,20.284,0.39,LOW_STOCK,vial,80.0,713
HOSP-BG-002,MED-052,BATCH-0223539,424,2026-06-29,2028-06-28,2026-06-29,518,38.329,11.06,LOW_STOCK,kit,25.0,730
HOSP-BG-002,MED-053,BATCH-0222160,357,2026-06-22,2028-06-21,2026-06-29,460,33.983,10.51,LOW_STOCK,ampoule,35.0,723
HOSP-BG-002,MED-054,BATCH-0223540,423,2026-06-27,2028-06-26,2026-06-29,252,24.818,17.04,OK,tablet,20.0,728
HOSP-BG-002,MED-055,BATCH-0222161,104,2026-06-20,2029-06-19,2026-06-29,120,11.311,9.19,LOW_STOCK,ampoule,18.0,1086
HOSP-BG-002,MED-056,BATCH-0222162,68,2026-06-21,2029-06-20,2026-06-29,130,12.988,5.24,LOW_STOCK,ampoule,45.0,1087
HOSP-BG-002,MED-057,BATCH-0223541,115,2026-06-29,2028-06-28,2026-06-29,115,8.472,13.57,OK,bottle,55.0,730
HOSP-BG-002,MED-058,BATCH-0223542,124,2026-06-29,2028-06-28,2026-06-29,100,7.36,16.85,OK,bottle,90.0,730
HOSP-BG-002,MED-059,BATCH-0223543,58,2026-06-29,2028-06-28,2026-06-29,74,5.481,10.58,LOW_STOCK,bottle,70.0,730
HOSP-BG-002,MED-060,BATCH-0222163,41,2026-06-20,2028-06-19,2026-06-29,68,5.015,8.18,LOW_STOCK,vial,2500.0,721
HOSP-BG-002,MED-061,BATCH-0223544,88,2026-06-28,2028-06-27,2026-06-29,120,11.785,7.47,LOW_STOCK,ampoule,25.0,729
HOSP-BG-002,MED-062,BATCH-0223545,118,2026-06-27,2029-06-26,2026-06-29,60,7.383,15.98,OK,ampoule,12.0,1093
HOSP-BG-002,MED-063,BATCH-0222164,52,2026-06-20,2028-06-19,2026-06-29,89,6.543,7.95,LOW_STOCK,vial,850.0,721
HOSP-BG-002,MED-064,BATCH-0223546,702,2026-06-28,2031-06-28,2026-06-29,720,53.237,13.19,LOW_STOCK,roll,80.0,1825
HOSP-BG-002,MED-065,BATCH-0220831,19,2026-06-14,2026-07-14,2026-06-29,87,11.556,1.64,LOW_STOCK,unit,0.0,15
HOSP-BG-002,MED-066,BATCH-0223547,119,2026-06-27,2026-07-27,2026-06-29,64,8.485,14.02,OK,unit,0.0,28
HOSP-BG-002,MED-067,BATCH-0222165,219,2026-06-21,2029-06-20,2026-06-29,387,28.616,7.65,LOW_STOCK,vial,40.0,1087
HOSP-BG-002,MED-068,BATCH-0222166,87,2026-06-22,2029-06-21,2026-06-29,107,7.873,11.05,LOW_STOCK,vial,180.0,1088
HOSP-BG-002,MED-069,BATCH-0220834,14,2026-06-13,2029-06-12,2026-06-29,175,12.91,1.08,OK,ampoule,95.0,1079
HOSP-BG-002,MED-069,BATCH-0223548,185,2026-06-27,2029-06-26,2026-06-29,175,12.91,14.33,OK,ampoule,95.0,1093
HOSP-BG-002,MED-070,BATCH-0220835,104,2026-06-13,2028-06-12,2026-06-29,450,25.884,4.02,OK,sachet,120.0,714
HOSP-BG-002,MED-070,BATCH-0223549,600,2026-06-29,2028-06-28,2026-06-29,450,25.884,23.18,OK,sachet,120.0,730
HOSP-BG-002,MED-071,BATCH-0220836,30,2026-06-14,2028-06-13,2026-06-29,120,8.169,3.67,OK,ampoule,150.0,715
HOSP-BG-002,MED-071,BATCH-0223550,140,2026-06-27,2028-06-26,2026-06-29,120,8.169,17.14,OK,ampoule,150.0,728
HOSP-BG-002,MED-072,BATCH-0222167,65,2026-06-20,2028-06-19,2026-06-29,213,15.749,4.13,LOW_STOCK,vial,650.0,721
HOSP-BG-003,MED-001,BATCH-0222168,257,2026-06-22,2029-06-21,2026-06-29,200,14.616,17.58,OK,tablet,1.5,1088
HOSP-BG-003,MED-002,BATCH-0222169,10,2026-06-20,2028-06-19,2026-06-29,33,2.418,4.14,LOW_STOCK,bottle,45.0,721
HOSP-BG-003,MED-003,BATCH-0224317,82,2026-05-31,2029-05-30,2026-06-29,300,25.531,3.21,LOW_STOCK,tablet,2.5,1066
HOSP-BG-003,MED-004,BATCH-0220838,23,2026-06-13,2028-06-12,2026-06-29,80,7.444,3.09,OK,ampoule,25.0,714
HOSP-BG-003,MED-004,BATCH-0223551,120,2026-06-28,2028-06-27,2026-06-29,80,7.444,16.12,OK,ampoule,25.0,729
HOSP-BG-003,MED-005,BATCH-0223552,217,2026-06-27,2028-06-26,2026-06-29,200,19.758,10.98,OK,capsule,6.0,728
HOSP-BG-003,MED-006,BATCH-0222170,18,2026-06-21,2028-06-20,2026-06-29,120,8.201,2.19,LOW_STOCK,tablet,35.0,722
HOSP-BG-003,MED-007,BATCH-0223553,52,2026-06-29,2028-06-28,2026-06-29,84,6.097,8.53,LOW_STOCK,tablet,40.0,730
HOSP-BG-003,MED-009,BATCH-0222173,37,2026-06-20,2028-06-19,2026-06-29,94,6.958,5.32,OK,vial,85.0,721
HOSP-BG-003,MED-009,BATCH-0223554,94,2026-06-27,2028-06-26,2026-06-29,94,6.958,13.51,OK,vial,85.0,728
HOSP-BG-003,MED-010,BATCH-0223555,180,2026-06-29,2029-06-28,2026-06-29,100,11.475,15.69,OK,tablet,2.0,1095
HOSP-BG-003,MED-011,BATCH-0223556,180,2026-06-27,2029-06-26,2026-06-29,150,9.095,19.79,OK,sachet,8.0,1093
HOSP-BG-003,MED-012,BATCH-0222174,65,2026-06-21,2029-06-20,2026-06-29,100,5.5,11.82,LOW_STOCK,tablet,1.2,1087
HOSP-BG-003,MED-014,BATCH-0223557,187,2026-06-28,2028-06-27,2026-06-29,254,18.765,9.97,LOW_STOCK,bag,45.0,729
HOSP-BG-003,MED-016,BATCH-0219478,18,2026-06-07,2028-06-06,2026-06-29,24,0.823,21.87,LOW_STOCK,tablet,15.0,708
HOSP-BG-003,MED-017,BATCH-0103762,67,2024-08-05,2027-08-05,2026-06-29,100,0.338,198.22,OK,tablet,1.8,402
HOSP-BG-003,MED-017,BATCH-0206397,300,2026-03-16,2029-03-15,2026-06-29,100,0.338,887.57,OK,tablet,1.8,990
HOSP-BG-003,MED-018,BATCH-0222176,12,2026-06-22,2028-06-21,2026-06-29,20,1.433,8.37,LOW_STOCK,unit,180.0,723
HOSP-BG-003,MED-019,BATCH-0223558,10,2026-06-28,2028-06-27,2026-06-29,20,1.976,5.06,LOW_STOCK,ampoule,30.0,729
HOSP-BG-003,MED-020,BATCH-0223559,15,2026-06-29,2028-06-28,2026-06-29,16,1.131,13.26,LOW_STOCK,bottle,55.0,730
HOSP-BG-003,MED-021,BATCH-0219480,38,2026-06-07,2029-06-06,2026-06-29,100,6.785,5.6,LOW_STOCK,tablet,1.0,1073
HOSP-BG-003,MED-022,BATCH-0222177,123,2026-06-22,2029-06-21,2026-06-29,100,5.194,23.68,OK,tablet,2.5,1088
HOSP-BG-003,MED-023,BATCH-0222178,115,2026-06-22,2029-06-21,2026-06-29,100,6.281,18.31,OK,tablet,1.5,1088
HOSP-BG-003,MED-024,BATCH-0222179,16,2026-06-21,2028-06-20,2026-06-29,16,1.116,14.34,OK,vial,450.0,722
HOSP-BG-003,MED-025,BATCH-0219482,82,2026-06-06,2029-06-05,2026-06-29,100,4.148,19.77,LOW_STOCK,tablet,3.0,1072
HOSP-BG-003,MED-026,BATCH-0222180,125,2026-06-21,2029-06-20,2026-06-29,100,6.282,19.9,OK,tablet,0.8,1087
HOSP-BG-003,MED-027,BATCH-0222181,51,2026-06-20,2029-06-19,2026-06-29,100,6.409,7.96,LOW_STOCK,capsule,2.0,1086
HOSP-BG-003,MED-028,BATCH-0223560,28,2026-06-27,2029-06-26,2026-06-29,30,2.898,9.66,LOW_STOCK,tablet,6.0,1093
HOSP-BG-003,MED-029,BATCH-0223561,180,2026-06-28,2029-06-27,2026-06-29,100,1.967,91.51,OK,tablet,1.5,1094
HOSP-BG-003,MED-030,BATCH-0222182,17,2026-06-20,2029-06-19,2026-06-29,24,1.708,9.95,LOW_STOCK,bottle_100ml,85.0,1086
HOSP-BG-003,MED-031,BATCH-0220847,40,2026-06-15,2031-06-15,2026-06-29,150,9.243,4.33,OK,pair,25.0,1812
HOSP-BG-003,MED-031,BATCH-0223562,200,2026-06-28,2031-06-28,2026-06-29,150,9.243,21.64,OK,pair,25.0,1825
HOSP-BG-003,MED-032,BATCH-0219484,51,2026-06-07,2031-06-07,2026-06-29,200,12.174,4.19,OK,piece,5.0,1804
HOSP-BG-003,MED-032,BATCH-0223563,200,2026-06-27,2031-06-27,2026-06-29,200,12.174,16.43,OK,piece,5.0,1824
HOSP-BG-003,MED-033,BATCH-0222183,133,2026-06-20,2031-06-20,2026-06-29,100,5.892,22.57,OK,piece,35.0,1817
HOSP-BG-003,MED-034,BATCH-0223564,18,2026-06-29,2028-06-28,2026-06-29,10,0.598,30.1,OK,vial,25.0,730
HOSP-BG-003,MED-035,BATCH-0223565,4,2026-06-29,2028-06-28,2026-06-29,5,0.311,12.86,LOW_STOCK,vial,350.0,730
HOSP-BG-003,MED-036,BATCH-0220848,280,2026-06-14,2028-06-13,2026-06-29,100,3.516,79.64,OK,tablet,0.5,715
HOSP-BG-003,MED-037,BATCH-0220849,6,2026-06-13,2029-06-12,2026-06-29,14,1.325,4.53,LOW_STOCK,tablet,8.0,1079
HOSP-BG-003,MED-038,BATCH-0223566,32,2026-06-29,2028-06-28,2026-06-29,20,1.48,21.62,OK,ampoule,12.0,730
HOSP-BG-003,MED-039,BATCH-0222184,17,2026-06-20,2029-06-19,2026-06-29,20,1.289,13.19,LOW_STOCK,ampoule,10.0,1086
HOSP-BG-003,MED-040,BATCH-0224318,6,2026-04-13,2029-04-12,2026-06-29,40,3.666,1.64,LOW_STOCK,ampoule,28.0,1018
HOSP-BG-003,MED-041,BATCH-0223567,114,2026-06-29,2028-06-28,2026-06-29,135,9.927,11.48,LOW_STOCK,vial,180.0,730
HOSP-BG-003,MED-042,BATCH-0220851,11,2026-06-15,2028-06-14,2026-06-29,82,6.061,1.81,OK,vial,1200.0,716
HOSP-BG-003,MED-042,BATCH-0223568,86,2026-06-29,2028-06-28,2026-06-29,82,6.061,14.19,OK,vial,1200.0,730
HOSP-BG-003,MED-043,BATCH-0223569,52,2026-06-27,2028-06-26,2026-06-29,61,4.506,11.54,LOW_STOCK,vial,3500.0,728
HOSP-BG-003,MED-044,BATCH-0222185,56,2026-06-20,2028-06-19,2026-06-29,73,5.383,10.4,LOW_STOCK,vial,450.0,721
HOSP-BG-003,MED-045,BATCH-0222186,2,2026-06-21,2028-06-20,2026-06-29,220,20.931,0.1,OK,tablet,15.0,722
HOSP-BG-003,MED-045,BATCH-0223570,340,2026-06-27,2028-06-26,2026-06-29,220,20.931,16.24,OK,tablet,15.0,728
HOSP-BG-003,MED-046,BATCH-0222187,5,2026-06-21,2027-12-20,2026-06-29,39,2.854,1.75,LOW_STOCK,prefilled,4500.0,539
HOSP-BG-003,MED-047,BATCH-0223571,90,2026-06-28,2029-06-27,2026-06-29,50,2.932,30.7,OK,sachet,6.0,1094
HOSP-BG-003,MED-048,BATCH-0223572,22,2026-06-28,2028-06-27,2026-06-29,17,1.242,17.71,OK,bottle,65.0,729
HOSP-BG-003,MED-049,BATCH-0219491,126,2026-06-06,2028-06-05,2026-06-29,100,1.658,76.0,OK,capsule,2.0,707
HOSP-BG-003,MED-050,BATCH-0223573,28,2026-06-27,2028-06-26,2026-06-29,20,0.87,32.18,OK,vial,120.0,728
HOSP-BG-003,MED-051,BATCH-0218246,3,2026-06-01,2028-05-31,2026-06-29,20,0.797,3.76,OK,vial,80.0,702
HOSP-BG-003,MED-051,BATCH-0222188,30,2026-06-21,2028-06-20,2026-06-29,20,0.797,37.64,OK,vial,80.0,722
HOSP-BG-003,MED-052,BATCH-0222189,1,2026-06-21,2028-06-20,2026-06-29,28,2.038,0.49,OK,kit,25.0,722
HOSP-BG-003,MED-052,BATCH-0223574,33,2026-06-29,2028-06-28,2026-06-29,28,2.038,16.19,OK,kit,25.0,730
HOSP-BG-003,MED-053,BATCH-0222190,28,2026-06-22,2028-06-21,2026-06-29,20,1.092,25.64,OK,ampoule,35.0,723
HOSP-BG-003,MED-054,BATCH-0220854,6,2026-06-15,2028-06-14,2026-06-29,8,0.688,8.72,LOW_STOCK,tablet,20.0,716
HOSP-BG-003,MED-055,BATCH-0218249,1,2026-05-31,2029-05-30,2026-06-29,10,0.361,2.77,OK,ampoule,18.0,1066
HOSP-BG-003,MED-055,BATCH-0223575,20,2026-06-29,2029-06-28,2026-06-29,10,0.361,55.4,OK,ampoule,18.0,1095
HOSP-BG-003,MED-056,BATCH-0224319,3,2026-06-11,2029-06-10,2026-06-29,5,0.363,8.26,LOW_STOCK,ampoule,45.0,1077
HOSP-BG-003,MED-057,BATCH-0222191,5,2026-06-22,2028-06-21,2026-06-29,14,0.993,5.04,LOW_STOCK,bottle,55.0,723
HOSP-BG-003,MED-058,BATCH-0222192,3,2026-06-21,2028-06-20,2026-06-29,12,0.821,3.65,LOW_STOCK,bottle,90.0,722
HOSP-BG-003,MED-059,BATCH-0222193,8,2026-06-20,2028-06-19,2026-06-29,10,0.694,11.53,LOW_STOCK,bottle,70.0,721
HOSP-BG-003,MED-060,BATCH-0223576,3,2026-06-27,2028-06-26,2026-06-29,5,0.301,9.97,LOW_STOCK,vial,2500.0,728
HOSP-BG-003,MED-061,BATCH-0220858,8,2026-06-15,2028-06-14,2026-06-29,10,0.823,9.72,LOW_STOCK,ampoule,25.0,716
HOSP-BG-003,MED-062,BATCH-0220859,7,2026-06-13,2029-06-12,2026-06-29,10,0.597,11.73,LOW_STOCK,ampoule,12.0,1079
HOSP-BG-003,MED-063,BATCH-0223577,5,2026-06-29,2028-06-28,2026-06-29,5,0.307,16.29,OK,vial,850.0,730
HOSP-BG-003,MED-064,BATCH-0219496,7,2026-06-07,2031-06-07,2026-06-29,36,2.304,3.04,OK,roll,80.0,1804
HOSP-BG-003,MED-064,BATCH-0223578,48,2026-06-28,2031-06-28,2026-06-29,36,2.304,20.83,OK,roll,80.0,1825
HOSP-BG-003,MED-065,BATCH-0223579,46,2026-06-29,2026-07-29,2026-06-29,26,3.407,13.5,OK,unit,0.0,30
HOSP-BG-003,MED-066,BATCH-0222195,2,2026-06-22,2026-07-22,2026-06-29,16,2.123,0.94,LOW_STOCK,unit,0.0,23
HOSP-BG-003,MED-067,BATCH-0223580,14,2026-06-28,2029-06-27,2026-06-29,24,1.73,8.09,LOW_STOCK,vial,40.0,1094
HOSP-BG-003,MED-068,BATCH-0223581,7,2026-06-27,2029-06-26,2026-06-29,8,0.563,12.43,LOW_STOCK,vial,180.0,1093
HOSP-BG-003,MED-069,BATCH-0223582,10,2026-06-28,2029-06-27,2026-06-29,10,0.579,17.27,OK,ampoule,95.0,1094
HOSP-BG-003,MED-070,BATCH-0214968,29,2026-05-11,2028-05-10,2026-06-29,150,3.977,7.29,OK,sachet,120.0,681
HOSP-BG-003,MED-070,BATCH-0220864,150,2026-06-14,2028-06-13,2026-06-29,150,3.977,37.72,OK,sachet,120.0,715
HOSP-BG-003,MED-071,BATCH-0220865,13,2026-06-14,2028-06-13,2026-06-29,30,1.551,8.38,OK,ampoule,150.0,715
HOSP-BG-003,MED-071,BATCH-0223583,30,2026-06-29,2028-06-28,2026-06-29,30,1.551,19.34,OK,ampoule,150.0,730
HOSP-BG-003,MED-072,BATCH-0223584,32,2026-06-29,2028-06-28,2026-06-29,28,2.057,15.56,OK,vial,650.0,730
HOSP-BG-004,MED-001,BATCH-0222196,779,2026-06-22,2029-06-21,2026-06-29,2000,194.34,4.01,LOW_STOCK,tablet,1.5,1088
HOSP-BG-004,MED-002,BATCH-0220868,82,2026-06-15,2028-06-14,2026-06-29,481,35.556,2.31,OK,bottle,45.0,716
HOSP-BG-004,MED-002,BATCH-0222197,481,2026-06-20,2028-06-19,2026-06-29,481,35.556,13.53,OK,bottle,45.0,721
HOSP-BG-004,MED-003,BATCH-0219503,220,2026-06-07,2029-06-06,2026-06-29,300,20.03,10.98,LOW_STOCK,tablet,2.5,1073
HOSP-BG-004,MED-004,BATCH-0222198,62,2026-06-21,2028-06-20,2026-06-29,70,6.2,10.0,LOW_STOCK,ampoule,25.0,722
HOSP-BG-004,MED-005,BATCH-0222199,365,2026-06-20,2028-06-19,2026-06-29,900,86.204,4.23,LOW_STOCK,capsule,6.0,721
HOSP-BG-004,MED-006,BATCH-0223585,436,2026-06-27,2028-06-26,2026-06-29,490,35.975,12.12,LOW_STOCK,tablet,35.0,728
HOSP-BG-004,MED-007,BATCH-0222201,103,2026-06-20,2028-06-19,2026-06-29,360,26.639,3.87,OK,tablet,40.0,721
HOSP-BG-004,MED-007,BATCH-0223586,360,2026-06-28,2028-06-27,2026-06-29,360,26.639,13.51,OK,tablet,40.0,729
HOSP-BG-004,MED-008,BATCH-0223587,885,2026-06-29,2029-06-28,2026-06-29,510,50.235,17.62,OK,tablet,8.0,1095
HOSP-BG-004,MED-010,BATCH-0223588,1042,2026-06-27,2029-06-26,2026-06-29,500,58.054,17.95,OK,tablet,2.0,1093
HOSP-BG-004,MED-011,BATCH-0223589,1773,2026-06-29,2029-06-28,2026-06-29,1700,124.672,14.22,OK,sachet,8.0,1095
HOSP-BG-004,MED-012,BATCH-0223590,696,2026-06-29,2029-06-28,2026-06-29,600,77.553,8.97,OK,tablet,1.2,1095
HOSP-BG-004,MED-013,BATCH-0223591,163,2026-06-27,2028-06-26,2026-06-29,178,13.151,12.39,LOW_STOCK,bag,55.0,728
HOSP-BG-004,MED-014,BATCH-0223592,241,2026-06-27,2028-06-26,2026-06-29,270,19.973,12.07,LOW_STOCK,bag,45.0,728
HOSP-BG-004,MED-015,BATCH-0222205,38,2026-06-21,2028-06-20,2026-06-29,168,12.414,3.06,OK,bag,48.0,722
HOSP-BG-004,MED-015,BATCH-0223593,168,2026-06-29,2028-06-28,2026-06-29,168,12.414,13.53,OK,bag,48.0,730
HOSP-BG-004,MED-016,BATCH-0220875,2,2026-06-13,2028-06-12,2026-06-29,48,3.928,0.51,OK,tablet,15.0,714
HOSP-BG-004,MED-016,BATCH-0223594,96,2026-06-27,2028-06-26,2026-06-29,48,3.928,24.44,OK,tablet,15.0,728
HOSP-BG-004,MED-017,BATCH-0185760,2,2025-11-10,2028-11-09,2026-06-29,100,1.891,1.06,OK,tablet,1.8,864
HOSP-BG-004,MED-017,BATCH-0216084,300,2026-05-18,2029-05-17,2026-06-29,100,1.891,158.65,OK,tablet,1.8,1053
HOSP-BG-004,MED-018,BATCH-0220876,102,2026-06-15,2028-06-14,2026-06-29,272,20.143,5.06,LOW_STOCK,unit,180.0,716
HOSP-BG-004,MED-019,BATCH-0223595,387,2026-06-28,2028-06-27,2026-06-29,300,29.283,13.22,OK,ampoule,30.0,729
HOSP-BG-004,MED-020,BATCH-0222206,525,2026-06-21,2028-06-20,2026-06-29,1081,80.028,6.56,LOW_STOCK,bottle,55.0,722
HOSP-BG-004,MED-021,BATCH-0220879,79,2026-06-14,2029-06-13,2026-06-29,100,7.231,10.93,LOW_STOCK,tablet,1.0,1080
HOSP-BG-004,MED-022,BATCH-0219515,82,2026-06-08,2029-06-07,2026-06-29,100,5.265,15.57,LOW_STOCK,tablet,2.5,1074
HOSP-BG-004,MED-023,BATCH-0220880,11,2026-06-14,2029-06-13,2026-06-29,100,9.727,1.13,LOW_STOCK,tablet,1.5,1080
HOSP-BG-004,MED-024,BATCH-0222207,14,2026-06-22,2028-06-21,2026-06-29,16,1.136,12.32,LOW_STOCK,vial,450.0,723
HOSP-BG-004,MED-025,BATCH-0220881,110,2026-06-13,2029-06-12,2026-06-29,100,5.068,21.7,OK,tablet,3.0,1079
HOSP-BG-004,MED-026,BATCH-0222208,130,2026-06-22,2029-06-21,2026-06-29,100,8.562,15.18,OK,tablet,0.8,1088
HOSP-BG-004,MED-027,BATCH-0223596,459,2026-06-29,2029-06-28,2026-06-29,300,24.15,19.01,OK,capsule,2.0,1095
HOSP-BG-004,MED-028,BATCH-0222209,29,2026-06-20,2029-06-19,2026-06-29,100,9.819,2.95,LOW_STOCK,tablet,6.0,1086
HOSP-BG-004,MED-029,BATCH-0223597,205,2026-06-29,2029-06-28,2026-06-29,100,7.093,28.9,OK,tablet,1.5,1095
HOSP-BG-004,MED-030,BATCH-0220884,7,2026-06-15,2029-06-14,2026-06-29,92,6.791,1.03,OK,bottle_100ml,85.0,1081
HOSP-BG-004,MED-030,BATCH-0223598,128,2026-06-27,2029-06-26,2026-06-29,92,6.791,18.85,OK,bottle_100ml,85.0,1093
HOSP-BG-004,MED-031,BATCH-0222210,352,2026-06-22,2031-06-22,2026-06-29,500,36.448,9.66,LOW_STOCK,pair,25.0,1819
HOSP-BG-004,MED-032,BATCH-0222211,328,2026-06-20,2031-06-20,2026-06-29,600,37.986,8.63,LOW_STOCK,piece,5.0,1817
HOSP-BG-004,MED-033,BATCH-0223599,297,2026-06-29,2031-06-29,2026-06-29,250,16.999,17.47,OK,piece,35.0,1826
HOSP-BG-004,MED-034,BATCH-0223600,251,2026-06-27,2028-06-26,2026-06-29,160,15.557,16.13,OK,vial,25.0,728
HOSP-BG-004,MED-035,BATCH-0223601,93,2026-06-28,2028-06-27,2026-06-29,85,6.275,14.82,OK,vial,350.0,729
HOSP-BG-004,MED-036,BATCH-0219519,10,2026-06-07,2028-06-06,2026-06-29,100,5.87,1.7,OK,tablet,0.5,708
HOSP-BG-004,MED-036,BATCH-0223602,300,2026-06-29,2028-06-28,2026-06-29,100,5.87,51.11,OK,tablet,0.5,730
HOSP-BG-004,MED-037,BATCH-0223603,6,2026-06-29,2029-06-28,2026-06-29,56,5.52,1.09,LOW_STOCK,tablet,8.0,1095
HOSP-BG-004,MED-038,BATCH-0222212,95,2026-06-20,2028-06-19,2026-06-29,230,22.019,4.31,LOW_STOCK,ampoule,12.0,721
HOSP-BG-004,MED-039,BATCH-0222213,22,2026-06-21,2029-06-20,2026-06-29,160,15.047,1.46,LOW_STOCK,ampoule,10.0,1087
HOSP-BG-004,MED-040,BATCH-0220890,6,2026-06-13,2029-06-12,2026-06-29,40,3.309,1.81,LOW_STOCK,ampoule,28.0,1079
HOSP-BG-004,MED-041,BATCH-0223604,46,2026-06-27,2028-06-26,2026-06-29,54,3.942,11.67,LOW_STOCK,vial,180.0,728
HOSP-BG-004,MED-042,BATCH-0222215,11,2026-06-20,2028-06-19,2026-06-29,30,2.159,5.09,LOW_STOCK,vial,1200.0,721
HOSP-BG-004,MED-043,BATCH-0220891,1,2026-06-14,2028-06-13,2026-06-29,20,1.424,0.7,OK,vial,3500.0,715
HOSP-BG-004,MED-043,BATCH-0223605,26,2026-06-29,2028-06-28,2026-06-29,20,1.424,18.26,OK,vial,3500.0,730
HOSP-BG-004,MED-044,BATCH-0222216,5,2026-06-21,2028-06-20,2026-06-29,24,1.762,2.84,LOW_STOCK,vial,450.0,722
HOSP-BG-004,MED-045,BATCH-0222217,55,2026-06-21,2028-06-20,2026-06-29,80,7.111,7.73,LOW_STOCK,tablet,15.0,722
HOSP-BG-004,MED-046,BATCH-0222218,2,2026-06-22,2027-12-21,2026-06-29,16,1.148,1.74,OK,prefilled,4500.0,540
HOSP-BG-004,MED-046,BATCH-0223606,16,2026-06-27,2027-12-26,2026-06-29,16,1.148,13.94,OK,prefilled,4500.0,545
HOSP-BG-004,MED-047,BATCH-0223607,3177,2026-06-29,2029-06-28,2026-06-29,2550,252.296,12.59,OK,sachet,6.0,1095
HOSP-BG-004,MED-048,BATCH-0222219,102,2026-06-21,2028-06-20,2026-06-29,1100,81.414,1.25,OK,bottle,65.0,722
HOSP-BG-004,MED-048,BATCH-0223608,1100,2026-06-28,2028-06-27,2026-06-29,1100,81.414,13.51,OK,bottle,65.0,729
HOSP-BG-004,MED-049,BATCH-0222220,232,2026-06-22,2028-06-21,2026-06-29,800,95.178,2.44,LOW_STOCK,capsule,2.0,723
HOSP-BG-004,MED-050,BATCH-0220893,63,2026-06-13,2028-06-12,2026-06-29,390,28.504,2.21,OK,vial,120.0,714
HOSP-BG-004,MED-050,BATCH-0223609,390,2026-06-29,2028-06-28,2026-06-29,390,28.504,13.68,OK,vial,120.0,730
HOSP-BG-004,MED-051,BATCH-0222221,110,2026-06-22,2028-06-21,2026-06-29,300,21.654,5.08,LOW_STOCK,vial,80.0,723
HOSP-BG-004,MED-052,BATCH-0223610,1759,2026-06-27,2028-06-26,2026-06-29,1990,147.354,11.94,LOW_STOCK,kit,25.0,728
HOSP-BG-004,MED-053,BATCH-0220895,4,2026-06-14,2028-06-13,2026-06-29,30,1.546,2.59,OK,ampoule,35.0,715
HOSP-BG-004,MED-053,BATCH-0223611,30,2026-06-28,2028-06-27,2026-06-29,30,1.546,19.4,OK,ampoule,35.0,729
HOSP-BG-004,MED-054,BATCH-0224320,11,2026-05-01,2028-04-30,2026-06-29,12,1.092,10.07,LOW_STOCK,tablet,20.0,671
HOSP-BG-004,MED-055,BATCH-0220897,3,2026-06-15,2029-06-14,2026-06-29,10,0.664,4.52,LOW_STOCK,ampoule,18.0,1081
HOSP-BG-004,MED-056,BATCH-0224321,4,2026-04-12,2029-04-11,2026-06-29,5,0.48,8.33,LOW_STOCK,ampoule,45.0,1017
HOSP-BG-004,MED-057,BATCH-0223612,114,2026-06-29,2028-06-28,2026-06-29,116,8.563,13.31,LOW_STOCK,bottle,55.0,730
HOSP-BG-004,MED-058,BATCH-0223613,50,2026-06-27,2028-06-26,2026-06-29,76,5.582,8.96,LOW_STOCK,bottle,90.0,728
HOSP-BG-004,MED-059,BATCH-0222222,48,2026-06-21,2028-06-20,2026-06-29,55,4.064,11.81,LOW_STOCK,bottle,70.0,722
HOSP-BG-004,MED-060,BATCH-0223614,22,2026-06-29,2028-06-28,2026-06-29,15,1.049,20.97,OK,vial,2500.0,730
HOSP-BG-004,MED-061,BATCH-0224322,7,2026-05-20,2028-05-19,2026-06-29,30,2.527,2.77,LOW_STOCK,ampoule,25.0,690
HOSP-BG-004,MED-062,BATCH-0223615,36,2026-06-28,2029-06-27,2026-06-29,20,1.349,26.69,OK,ampoule,12.0,1094
HOSP-BG-004,MED-063,BATCH-0222224,3,2026-06-20,2028-06-19,2026-06-29,17,1.248,2.4,OK,vial,850.0,721
HOSP-BG-004,MED-063,BATCH-0223616,20,2026-06-29,2028-06-28,2026-06-29,17,1.248,16.03,OK,vial,850.0,730
HOSP-BG-004,MED-064,BATCH-0222225,24,2026-06-20,2031-06-20,2026-06-29,132,9.681,2.48,OK,roll,80.0,1817
HOSP-BG-004,MED-064,BATCH-0223617,144,2026-06-28,2031-06-28,2026-06-29,132,9.681,14.87,OK,roll,80.0,1825
HOSP-BG-004,MED-065,BATCH-0223618,36,2026-06-28,2026-07-28,2026-06-29,19,2.455,14.66,OK,unit,0.0,29
HOSP-BG-004,MED-066,BATCH-0224323,12,2026-06-06,2026-07-06,2026-06-29,13,1.63,7.36,LOW_STOCK,unit,0.0,7
HOSP-BG-004,MED-067,BATCH-0222227,11,2026-06-21,2029-06-20,2026-06-29,117,8.616,1.28,OK,vial,40.0,1087
HOSP-BG-004,MED-067,BATCH-0223619,131,2026-06-29,2029-06-28,2026-06-29,117,8.616,15.2,OK,vial,40.0,1095
HOSP-BG-004,MED-068,BATCH-0223620,53,2026-06-29,2029-06-28,2026-06-29,36,2.609,20.31,OK,vial,180.0,1095
HOSP-BG-004,MED-069,BATCH-0223621,52,2026-06-28,2029-06-27,2026-06-29,55,3.963,13.12,LOW_STOCK,ampoule,95.0,1094
HOSP-BG-004,MED-070,BATCH-0220904,160,2026-06-15,2028-06-14,2026-06-29,300,18.302,8.74,LOW_STOCK,sachet,120.0,716
HOSP-BG-004,MED-071,BATCH-0223622,36,2026-06-27,2028-06-26,2026-06-29,20,1.46,24.66,OK,ampoule,150.0,728
HOSP-BG-004,MED-072,BATCH-0222228,25,2026-06-20,2028-06-19,2026-06-29,156,11.485,2.18,OK,vial,650.0,721
HOSP-BG-004,MED-072,BATCH-0223623,156,2026-06-27,2028-06-26,2026-06-29,156,11.485,13.58,OK,vial,650.0,728
HOSP-BG-005,MED-001,BATCH-0222229,434,2026-06-22,2029-06-21,2026-06-29,600,55.78,7.78,LOW_STOCK,tablet,1.5,1088
HOSP-BG-005,MED-002,BATCH-0222230,99,2026-06-20,2028-06-19,2026-06-29,137,10.091,9.81,LOW_STOCK,bottle,45.0,721
HOSP-BG-005,MED-003,BATCH-0222231,455,2026-06-22,2029-06-21,2026-06-29,500,49.209,9.25,LOW_STOCK,tablet,2.5,1088
HOSP-BG-005,MED-004,BATCH-0223624,343,2026-06-27,2028-06-26,2026-06-29,240,23.19,14.79,OK,ampoule,25.0,728
HOSP-BG-005,MED-005,BATCH-0223625,1148,2026-06-29,2028-06-28,2026-06-29,900,86.34,13.3,OK,capsule,6.0,730
HOSP-BG-005,MED-006,BATCH-0223626,528,2026-06-29,2028-06-28,2026-06-29,530,39.075,13.51,LOW_STOCK,tablet,35.0,730
HOSP-BG-005,MED-007,BATCH-0223627,325,2026-06-28,2028-06-27,2026-06-29,414,30.55,10.64,LOW_STOCK,tablet,40.0,729
HOSP-BG-005,MED-008,BATCH-0223628,330,2026-06-28,2029-06-27,2026-06-29,440,43.426,7.6,LOW_STOCK,tablet,8.0,1094
HOSP-BG-005,MED-009,BATCH-0223629,354,2026-06-27,2028-06-26,2026-06-29,445,32.909,10.76,LOW_STOCK,vial,85.0,728
HOSP-BG-005,MED-010,BATCH-0223630,608,2026-06-27,2029-06-26,2026-06-29,400,48.848,12.45,OK,tablet,2.0,1093
HOSP-BG-005,MED-011,BATCH-0222234,128,2026-06-21,2029-06-20,2026-06-29,450,32.143,3.98,LOW_STOCK,sachet,8.0,1087
HOSP-BG-005,MED-012,BATCH-0223631,362,2026-06-27,2029-06-26,2026-06-29,200,19.793,18.29,OK,tablet,1.2,1093
HOSP-BG-005,MED-013,BATCH-0223632,738,2026-06-29,2028-06-28,2026-06-29,891,65.928,11.19,LOW_STOCK,bag,55.0,730
HOSP-BG-005,MED-014,BATCH-0222236,199,2026-06-20,2028-06-19,2026-06-29,1225,90.679,2.19,LOW_STOCK,bag,45.0,721
HOSP-BG-005,MED-015,BATCH-0222237,224,2026-06-22,2028-06-21,2026-06-29,641,47.446,4.72,LOW_STOCK,bag,48.0,723
HOSP-BG-005,MED-016,BATCH-0224324,26,2026-05-27,2028-05-26,2026-06-29,48,3.934,6.61,LOW_STOCK,tablet,15.0,697
HOSP-BG-005,MED-017,BATCH-0217215,282,2026-05-25,2029-05-24,2026-06-29,100,1.676,168.26,OK,tablet,1.8,1060
HOSP-BG-005,MED-018,BATCH-0222238,37,2026-06-22,2028-06-21,2026-06-29,83,6.091,6.07,LOW_STOCK,unit,180.0,723
HOSP-BG-005,MED-019,BATCH-0222239,5,2026-06-22,2028-06-21,2026-06-29,70,6.895,0.73,LOW_STOCK,ampoule,30.0,723
HOSP-BG-005,MED-020,BATCH-0223633,207,2026-06-28,2028-06-27,2026-06-29,273,20.18,10.26,LOW_STOCK,bottle,55.0,729
HOSP-BG-005,MED-021,BATCH-0222241,198,2026-06-22,2029-06-21,2026-06-29,200,25.34,7.81,LOW_STOCK,tablet,1.0,1088
HOSP-BG-005,MED-022,BATCH-0224325,112,2026-06-06,2029-06-05,2026-06-29,200,18.67,6.0,LOW_STOCK,tablet,2.5,1072
HOSP-BG-005,MED-023,BATCH-0220913,46,2026-06-13,2029-06-12,2026-06-29,300,28.681,1.6,LOW_STOCK,tablet,1.5,1079
HOSP-BG-005,MED-024,BATCH-0222242,24,2026-06-21,2028-06-20,2026-06-29,58,4.281,5.61,OK,vial,450.0,722
HOSP-BG-005,MED-024,BATCH-0223634,58,2026-06-29,2028-06-28,2026-06-29,58,4.281,13.55,OK,vial,450.0,730
HOSP-BG-005,MED-025,BATCH-0223635,384,2026-06-28,2029-06-27,2026-06-29,200,13.755,27.92,OK,tablet,3.0,1094
HOSP-BG-005,MED-026,BATCH-0223636,482,2026-06-27,2029-06-26,2026-06-29,200,20.988,22.97,OK,tablet,0.8,1093
HOSP-BG-005,MED-027,BATCH-0222243,269,2026-06-21,2029-06-20,2026-06-29,300,25.669,10.48,LOW_STOCK,capsule,2.0,1087
HOSP-BG-005,MED-028,BATCH-0223637,129,2026-06-29,2029-06-28,2026-06-29,110,10.615,12.15,OK,tablet,6.0,1095
HOSP-BG-005,MED-029,BATCH-0222244,58,2026-06-22,2029-06-21,2026-06-29,100,6.62,8.76,LOW_STOCK,tablet,1.5,1088
HOSP-BG-005,MED-030,BATCH-0223638,112,2026-06-28,2029-06-27,2026-06-29,87,6.408,17.48,OK,bottle_100ml,85.0,1094
HOSP-BG-005,MED-031,BATCH-0223639,481,2026-06-27,2031-06-27,2026-06-29,500,36.009,13.36,LOW_STOCK,pair,25.0,1824
HOSP-BG-005,MED-032,BATCH-0222245,280,2026-06-22,2031-06-22,2026-06-29,800,57.141,4.9,LOW_STOCK,piece,5.0,1819
HOSP-BG-005,MED-033,BATCH-0222246,155,2026-06-22,2031-06-22,2026-06-29,250,18.17,8.53,LOW_STOCK,piece,35.0,1819
HOSP-BG-005,MED-034,BATCH-0220917,63,2026-06-13,2028-06-12,2026-06-29,90,8.203,7.68,OK,vial,25.0,714
HOSP-BG-005,MED-034,BATCH-0223640,120,2026-06-28,2028-06-27,2026-06-29,90,8.203,14.63,OK,vial,25.0,729
HOSP-BG-005,MED-036,BATCH-0222248,4202,2026-06-21,2028-06-20,2026-06-29,3400,453.038,9.28,OK,tablet,0.5,722
HOSP-BG-005,MED-037,BATCH-0223641,91,2026-06-27,2029-06-26,2026-06-29,50,4.934,18.44,OK,tablet,8.0,1093
HOSP-BG-005,MED-038,BATCH-0222249,2,2026-06-21,2028-06-20,2026-06-29,70,6.019,0.33,LOW_STOCK,ampoule,12.0,722
HOSP-BG-005,MED-039,BATCH-0223642,57,2026-06-29,2029-06-28,2026-06-29,50,4.593,12.41,OK,ampoule,10.0,1095
HOSP-BG-005,MED-040,BATCH-0220919,20,2026-06-13,2029-06-12,2026-06-29,100,9.026,2.22,OK,ampoule,28.0,1079
HOSP-BG-005,MED-040,BATCH-0223643,150,2026-06-29,2029-06-28,2026-06-29,100,9.026,16.62,OK,ampoule,28.0,1095
HOSP-BG-005,MED-041,BATCH-0220920,5,2026-06-13,2028-06-12,2026-06-29,14,0.998,5.01,OK,vial,180.0,714
HOSP-BG-005,MED-041,BATCH-0223644,16,2026-06-27,2028-06-26,2026-06-29,14,0.998,16.03,OK,vial,180.0,728
HOSP-BG-005,MED-042,BATCH-0222251,5,2026-06-20,2028-06-19,2026-06-29,10,0.688,7.27,LOW_STOCK,vial,1200.0,721
HOSP-BG-005,MED-043,BATCH-0223645,9,2026-06-29,2028-06-28,2026-06-29,6,0.372,24.19,OK,vial,3500.0,730
HOSP-BG-005,MED-044,BATCH-0223646,8,2026-06-27,2028-06-26,2026-06-29,7,0.468,17.09,OK,vial,450.0,728
HOSP-BG-005,MED-045,BATCH-0220922,1,2026-06-15,2028-06-14,2026-06-29,20,1.71,0.58,LOW_STOCK,tablet,15.0,716
HOSP-BG-005,MED-046,BATCH-0223647,5,2026-06-28,2027-12-27,2026-06-29,5,0.295,16.95,OK,prefilled,4500.0,546
HOSP-BG-005,MED-047,BATCH-0222253,369,2026-06-20,2029-06-19,2026-06-29,500,45.116,8.18,LOW_STOCK,sachet,6.0,1086
HOSP-BG-005,MED-048,BATCH-0223648,197,2026-06-29,2028-06-28,2026-06-29,207,15.279,12.89,LOW_STOCK,bottle,65.0,730
HOSP-BG-005,MED-049,BATCH-0223649,360,2026-06-27,2028-06-26,2026-06-29,200,25.839,13.93,OK,capsule,2.0,728
HOSP-BG-005,MED-050,BATCH-0224326,10,2026-05-09,2028-05-08,2026-06-29,140,9.874,1.01,LOW_STOCK,vial,120.0,679
HOSP-BG-005,MED-051,BATCH-0220925,22,2026-06-15,2028-06-14,2026-06-29,140,10.313,2.13,OK,vial,80.0,716
HOSP-BG-005,MED-051,BATCH-0223650,140,2026-06-28,2028-06-27,2026-06-29,140,10.313,13.58,OK,vial,80.0,729
HOSP-BG-005,MED-052,BATCH-0222255,37,2026-06-20,2028-06-19,2026-06-29,446,33.0,1.12,OK,kit,25.0,721
HOSP-BG-005,MED-052,BATCH-0223651,446,2026-06-27,2028-06-26,2026-06-29,446,33.0,13.52,OK,kit,25.0,728
HOSP-BG-005,MED-053,BATCH-0223652,2472,2026-06-28,2028-06-27,2026-06-29,1860,137.095,18.03,OK,ampoule,35.0,729
HOSP-BG-005,MED-054,BATCH-0222256,708,2026-06-22,2028-06-21,2026-06-29,884,88.141,8.03,LOW_STOCK,tablet,20.0,723
HOSP-BG-005,MED-055,BATCH-0223653,986,2026-06-29,2029-06-28,2026-06-29,600,59.894,16.46,OK,ampoule,18.0,1095
HOSP-BG-005,MED-056,BATCH-0220929,23,2026-06-15,2029-06-14,2026-06-29,410,40.938,0.56,OK,ampoule,45.0,1081
HOSP-BG-005,MED-056,BATCH-0223654,600,2026-06-28,2029-06-27,2026-06-29,410,40.938,14.66,OK,ampoule,45.0,1094
HOSP-BG-005,MED-057,BATCH-0220930,23,2026-06-14,2028-06-13,2026-06-29,101,7.408,3.1,OK,bottle,55.0,715
HOSP-BG-005,MED-057,BATCH-0223655,104,2026-06-27,2028-06-26,2026-06-29,101,7.408,14.04,OK,bottle,55.0,728
HOSP-BG-005,MED-058,BATCH-0223656,45,2026-06-28,2028-06-27,2026-06-29,62,4.539,9.91,LOW_STOCK,bottle,90.0,729
HOSP-BG-005,MED-059,BATCH-0222257,12,2026-06-20,2028-06-19,2026-06-29,63,4.613,2.6,OK,bottle,70.0,721
HOSP-BG-005,MED-059,BATCH-0223657,72,2026-06-27,2028-06-26,2026-06-29,63,4.613,15.61,OK,bottle,70.0,728
HOSP-BG-005,MED-060,BATCH-0220933,1,2026-06-14,2028-06-13,2026-06-29,17,1.205,0.83,OK,vial,2500.0,715
HOSP-BG-005,MED-060,BATCH-0222258,17,2026-06-20,2028-06-19,2026-06-29,17,1.205,14.11,OK,vial,2500.0,721
HOSP-BG-005,MED-061,BATCH-0223658,45,2026-06-28,2028-06-27,2026-06-29,30,2.877,15.64,OK,ampoule,25.0,729
HOSP-BG-005,MED-062,BATCH-0220935,20,2026-06-13,2029-06-12,2026-06-29,20,1.783,11.22,OK,ampoule,12.0,1079
HOSP-BG-005,MED-063,BATCH-0223659,16,2026-06-28,2028-06-27,2026-06-29,17,1.2,13.33,LOW_STOCK,vial,850.0,729
HOSP-BG-005,MED-064,BATCH-0222259,46,2026-06-22,2031-06-22,2026-06-29,144,9.97,4.61,LOW_STOCK,roll,80.0,1819
HOSP-BG-005,MED-065,BATCH-0223660,199,2026-06-28,2026-07-28,2026-06-29,111,14.736,13.5,OK,unit,0.0,29
HOSP-BG-005,MED-066,BATCH-0220938,60,2026-06-15,2026-07-15,2026-06-29,79,10.518,5.7,LOW_STOCK,unit,0.0,16
HOSP-BG-005,MED-067,BATCH-0220939,52,2026-06-13,2029-06-12,2026-06-29,412,30.468,1.71,OK,vial,40.0,1079
HOSP-BG-005,MED-067,BATCH-0223661,459,2026-06-29,2029-06-28,2026-06-29,412,30.468,15.06,OK,vial,40.0,1095
HOSP-BG-005,MED-068,BATCH-0222260,65,2026-06-22,2029-06-21,2026-06-29,125,9.214,7.05,LOW_STOCK,vial,180.0,1088
HOSP-BG-005,MED-069,BATCH-0220940,27,2026-06-14,2029-06-13,2026-06-29,160,11.575,2.33,OK,ampoule,95.0,1080
HOSP-BG-005,MED-069,BATCH-0223662,160,2026-06-29,2029-06-28,2026-06-29,160,11.575,13.82,OK,ampoule,95.0,1095
HOSP-BG-005,MED-070,BATCH-0220941,12,2026-06-14,2028-06-13,2026-06-29,150,5.229,2.29,OK,sachet,120.0,715
HOSP-BG-005,MED-070,BATCH-0222261,300,2026-06-22,2028-06-21,2026-06-29,150,5.229,57.37,OK,sachet,120.0,723
HOSP-BG-005,MED-071,BATCH-0223663,69,2026-06-27,2028-06-26,2026-06-29,60,4.092,16.86,OK,ampoule,150.0,728
HOSP-BG-005,MED-072,BATCH-0222262,12,2026-06-21,2028-06-20,2026-06-29,120,8.873,1.35,LOW_STOCK,vial,650.0,722
HOSP-KP-002,MED-001,BATCH-0222975,1587,2026-06-22,2029-06-21,2026-06-29,1300,123.659,12.83,OK,tablet,1.5,1088
HOSP-KP-002,MED-002,BATCH-0221636,49,2026-06-15,2028-06-14,2026-06-29,336,24.846,1.97,OK,bottle,45.0,716
HOSP-KP-002,MED-002,BATCH-0224327,555,2026-06-29,2028-06-28,2026-06-29,336,24.846,22.34,OK,bottle,45.0,730
HOSP-KP-002,MED-003,BATCH-0222976,810,2026-06-22,2029-06-21,2026-06-29,500,49.88,16.24,OK,tablet,2.5,1088
HOSP-KP-002,MED-004,BATCH-0218888,92,2026-06-01,2028-05-31,2026-06-29,160,15.785,5.83,OK,ampoule,25.0,702
HOSP-KP-002,MED-004,BATCH-0224328,280,2026-06-29,2028-06-28,2026-06-29,160,15.785,17.74,OK,ampoule,25.0,730
HOSP-KP-002,MED-005,BATCH-0222977,473,2026-06-22,2028-06-21,2026-06-29,500,47.853,9.88,OK,capsule,6.0,723
HOSP-KP-002,MED-005,BATCH-0224329,700,2026-06-29,2028-06-28,2026-06-29,500,47.853,14.63,OK,capsule,6.0,730
HOSP-KP-002,MED-006,BATCH-0224330,670,2026-06-29,2028-06-28,2026-06-29,370,27.177,24.65,OK,tablet,35.0,730
HOSP-KP-002,MED-007,BATCH-0221638,111,2026-06-15,2028-06-14,2026-06-29,228,16.856,6.59,OK,tablet,40.0,716
HOSP-KP-002,MED-007,BATCH-0224331,300,2026-06-29,2028-06-28,2026-06-29,228,16.856,17.8,OK,tablet,40.0,730
HOSP-KP-002,MED-008,BATCH-0221639,102,2026-06-15,2029-06-14,2026-06-29,270,26.971,3.78,OK,tablet,8.0,1081
HOSP-KP-002,MED-008,BATCH-0224332,520,2026-06-29,2029-06-28,2026-06-29,270,26.971,19.28,OK,tablet,8.0,1095
HOSP-KP-002,MED-009,BATCH-0222978,294,2026-06-22,2028-06-21,2026-06-29,346,25.559,11.5,OK,vial,85.0,723
HOSP-KP-002,MED-009,BATCH-0224333,346,2026-06-29,2028-06-28,2026-06-29,346,25.559,13.54,OK,vial,85.0,730
HOSP-KP-002,MED-010,BATCH-0224334,177,2026-06-12,2029-06-11,2026-06-29,300,39.214,4.51,LOW_STOCK,tablet,2.0,1078
HOSP-KP-002,MED-011,BATCH-0222980,155,2026-06-22,2029-06-21,2026-06-29,900,64.426,2.41,OK,sachet,8.0,1088
HOSP-KP-002,MED-011,BATCH-0224335,1500,2026-06-29,2029-06-28,2026-06-29,900,64.426,23.28,OK,sachet,8.0,1095
HOSP-KP-002,MED-012,BATCH-0222981,523,2026-06-22,2029-06-21,2026-06-29,300,32.533,16.08,OK,tablet,1.2,1088
HOSP-KP-002,MED-013,BATCH-0222982,288,2026-06-22,2028-06-21,2026-06-29,409,30.229,9.53,OK,bag,55.0,723
HOSP-KP-002,MED-013,BATCH-0224336,448,2026-06-29,2028-06-28,2026-06-29,409,30.229,14.82,OK,bag,55.0,730
HOSP-KP-002,MED-014,BATCH-0221643,100,2026-06-15,2028-06-14,2026-06-29,593,43.896,2.28,OK,bag,45.0,716
HOSP-KP-002,MED-014,BATCH-0222983,593,2026-06-22,2028-06-21,2026-06-29,593,43.896,13.51,OK,bag,45.0,723
HOSP-KP-002,MED-015,BATCH-0222984,285,2026-06-22,2028-06-21,2026-06-29,376,27.829,10.24,OK,bag,48.0,723
HOSP-KP-002,MED-015,BATCH-0224337,391,2026-06-29,2028-06-28,2026-06-29,376,27.829,14.05,OK,bag,48.0,730
HOSP-KP-002,MED-016,BATCH-0224338,288,2026-06-29,2028-06-28,2026-06-29,120,11.224,25.66,OK,tablet,15.0,730
HOSP-KP-002,MED-017,BATCH-0222986,295,2026-06-22,2029-06-21,2026-06-29,100,4.01,73.57,OK,tablet,1.8,1088
HOSP-KP-002,MED-018,BATCH-0222987,135,2026-06-22,2028-06-21,2026-06-29,131,9.649,13.99,OK,unit,180.0,723
HOSP-KP-002,MED-019,BATCH-0222988,144,2026-06-22,2028-06-21,2026-06-29,120,11.55,12.47,OK,ampoule,30.0,723
HOSP-KP-002,MED-020,BATCH-0221646,87,2026-06-15,2028-06-14,2026-06-29,173,12.748,6.82,OK,bottle,55.0,716
HOSP-KP-002,MED-020,BATCH-0224339,224,2026-06-29,2028-06-28,2026-06-29,173,12.748,17.57,OK,bottle,55.0,730
HOSP-KP-002,MED-021,BATCH-0224340,192,2026-04-26,2029-04-25,2026-06-29,400,51.4,3.74,LOW_STOCK,tablet,1.0,1031
HOSP-KP-002,MED-022,BATCH-0224341,1000,2026-06-29,2029-06-28,2026-06-29,400,37.04,27.0,OK,tablet,2.5,1095
HOSP-KP-002,MED-023,BATCH-0222991,838,2026-06-22,2029-06-21,2026-06-29,600,58.227,14.39,OK,tablet,1.5,1088
HOSP-KP-002,MED-024,BATCH-0221649,36,2026-06-15,2028-06-14,2026-06-29,94,6.945,5.18,OK,vial,450.0,716
HOSP-KP-002,MED-024,BATCH-0224342,133,2026-06-29,2028-06-28,2026-06-29,94,6.945,19.15,OK,vial,450.0,730
HOSP-KP-002,MED-025,BATCH-0221650,148,2026-06-15,2029-06-14,2026-06-29,400,34.886,4.24,OK,tablet,3.0,1081
HOSP-KP-002,MED-025,BATCH-0224343,800,2026-06-29,2029-06-28,2026-06-29,400,34.886,22.93,OK,tablet,3.0,1095
HOSP-KP-002,MED-026,BATCH-0224344,137,2026-05-27,2029-05-26,2026-06-29,400,52.097,2.63,LOW_STOCK,tablet,0.8,1062
HOSP-KP-002,MED-027,BATCH-0221652,79,2026-06-15,2029-06-14,2026-06-29,600,58.001,1.36,OK,capsule,2.0,1081
HOSP-KP-002,MED-027,BATCH-0224345,1400,2026-06-29,2029-06-28,2026-06-29,600,58.001,24.14,OK,capsule,2.0,1095
HOSP-KP-002,MED-028,BATCH-0221653,19,2026-06-15,2029-06-14,2026-06-29,200,19.938,0.95,OK,tablet,6.0,1081
HOSP-KP-002,MED-028,BATCH-0224346,440,2026-06-29,2029-06-28,2026-06-29,200,19.938,22.07,OK,tablet,6.0,1095
HOSP-KP-002,MED-029,BATCH-0224347,69,2026-04-09,2029-04-08,2026-06-29,200,16.505,4.18,LOW_STOCK,tablet,1.5,1014
HOSP-KP-002,MED-030,BATCH-0224348,315,2026-06-29,2029-06-28,2026-06-29,175,12.908,24.4,OK,bottle_100ml,85.0,1095
HOSP-KP-002,MED-031,BATCH-0222994,1281,2026-06-22,2031-06-22,2026-06-29,1050,75.436,16.98,OK,pair,25.0,1819
HOSP-KP-002,MED-032,BATCH-0222995,1722,2026-06-22,2031-06-22,2026-06-29,1400,101.101,17.03,OK,piece,5.0,1819
HOSP-KP-002,MED-033,BATCH-0224349,39,2026-06-12,2031-06-12,2026-06-29,500,34.143,1.14,LOW_STOCK,piece,35.0,1809
HOSP-KP-002,MED-034,BATCH-0220311,8,2026-06-08,2028-06-07,2026-06-29,60,5.596,1.43,OK,vial,25.0,709
HOSP-KP-002,MED-034,BATCH-0222997,110,2026-06-22,2028-06-21,2026-06-29,60,5.596,19.66,OK,vial,25.0,723
HOSP-KP-002,MED-035,BATCH-0221657,16,2026-06-15,2028-06-14,2026-06-29,46,3.389,4.72,OK,vial,350.0,716
HOSP-KP-002,MED-035,BATCH-0222998,46,2026-06-22,2028-06-21,2026-06-29,46,3.389,13.57,OK,vial,350.0,723
HOSP-KP-002,MED-036,BATCH-0221658,319,2026-06-15,2028-06-14,2026-06-29,400,50.298,6.34,OK,tablet,0.5,716
HOSP-KP-002,MED-036,BATCH-0224350,900,2026-06-29,2028-06-28,2026-06-29,400,50.298,17.89,OK,tablet,0.5,730
HOSP-KP-002,MED-037,BATCH-0221659,28,2026-06-15,2029-06-14,2026-06-29,107,10.691,2.62,OK,tablet,8.0,1081
HOSP-KP-002,MED-037,BATCH-0224351,218,2026-06-29,2029-06-28,2026-06-29,107,10.691,20.39,OK,tablet,8.0,1095
HOSP-KP-002,MED-038,BATCH-0222999,207,2026-06-22,2028-06-21,2026-06-29,130,12.952,15.98,OK,ampoule,12.0,723
HOSP-KP-002,MED-039,BATCH-0223000,103,2026-06-22,2029-06-21,2026-06-29,80,7.57,13.61,OK,ampoule,10.0,1088
HOSP-KP-002,MED-040,BATCH-0223001,128,2026-06-22,2029-06-21,2026-06-29,80,7.233,17.7,OK,ampoule,28.0,1088
HOSP-KP-002,MED-041,BATCH-0223002,8,2026-06-22,2028-06-21,2026-06-29,18,1.331,6.01,OK,vial,180.0,723
HOSP-KP-002,MED-041,BATCH-0224352,24,2026-06-29,2028-06-28,2026-06-29,18,1.331,18.03,OK,vial,180.0,730
HOSP-KP-002,MED-042,BATCH-0221661,1,2026-06-15,2028-06-14,2026-06-29,12,0.816,1.23,OK,vial,1200.0,716
HOSP-KP-002,MED-042,BATCH-0223003,12,2026-06-22,2028-06-21,2026-06-29,12,0.816,14.71,OK,vial,1200.0,723
HOSP-KP-002,MED-043,BATCH-0224353,12,2026-06-29,2028-06-28,2026-06-29,7,0.504,23.81,OK,vial,3500.0,730
HOSP-KP-002,MED-044,BATCH-0218917,2,2026-06-01,2028-05-31,2026-06-29,10,0.721,2.77,OK,vial,450.0,702
HOSP-KP-002,MED-044,BATCH-0224354,16,2026-06-29,2028-06-28,2026-06-29,10,0.721,22.19,OK,vial,450.0,730
HOSP-KP-002,MED-045,BATCH-0220314,37,2026-06-08,2028-06-07,2026-06-29,40,2.671,13.85,OK,tablet,15.0,709
HOSP-KP-002,MED-045,BATCH-0224355,60,2026-06-29,2028-06-28,2026-06-29,40,2.671,22.46,OK,tablet,15.0,730
HOSP-KP-002,MED-046,BATCH-0221662,3,2026-06-15,2027-12-14,2026-06-29,5,0.345,8.7,OK,prefilled,4500.0,533
HOSP-KP-002,MED-046,BATCH-0224356,6,2026-06-29,2027-12-28,2026-06-29,5,0.345,17.39,OK,prefilled,4500.0,547
HOSP-KP-002,MED-047,BATCH-0224357,49,2026-05-22,2029-05-21,2026-06-29,300,29.897,1.64,LOW_STOCK,sachet,6.0,1057
HOSP-KP-002,MED-048,BATCH-0224358,3,2026-04-27,2028-04-26,2026-06-29,161,11.873,0.25,LOW_STOCK,bottle,65.0,667
HOSP-KP-002,MED-049,BATCH-0220316,160,2026-06-08,2028-06-07,2026-06-29,200,15.331,10.44,OK,capsule,2.0,709
HOSP-KP-002,MED-049,BATCH-0224359,500,2026-06-29,2028-06-28,2026-06-29,200,15.331,32.61,OK,capsule,2.0,730
HOSP-KP-002,MED-050,BATCH-0221665,104,2026-06-15,2028-06-14,2026-06-29,110,7.418,14.02,OK,vial,120.0,716
HOSP-KP-002,MED-050,BATCH-0224360,110,2026-06-29,2028-06-28,2026-06-29,110,7.418,14.83,OK,vial,120.0,730
HOSP-KP-002,MED-051,BATCH-0223004,88,2026-06-22,2028-06-21,2026-06-29,130,8.907,9.88,OK,vial,80.0,723
HOSP-KP-002,MED-051,BATCH-0224361,150,2026-06-29,2028-06-28,2026-06-29,130,8.907,16.84,OK,vial,80.0,730
HOSP-KP-002,MED-052,BATCH-0223005,223,2026-06-22,2028-06-21,2026-06-29,263,19.409,11.49,OK,kit,25.0,723
HOSP-KP-002,MED-052,BATCH-0224362,263,2026-06-29,2028-06-28,2026-06-29,263,19.409,13.55,OK,kit,25.0,730
HOSP-KP-002,MED-053,BATCH-0221666,211,2026-06-15,2028-06-14,2026-06-29,230,16.619,12.7,OK,ampoule,35.0,716
HOSP-KP-002,MED-053,BATCH-0224363,230,2026-06-29,2028-06-28,2026-06-29,230,16.619,13.84,OK,ampoule,35.0,730
HOSP-KP-002,MED-054,BATCH-0220319,11,2026-06-08,2028-06-07,2026-06-29,92,8.806,1.25,OK,tablet,20.0,709
HOSP-KP-002,MED-054,BATCH-0223006,132,2026-06-22,2028-06-21,2026-06-29,92,8.806,14.99,OK,tablet,20.0,723
HOSP-KP-002,MED-055,BATCH-0220320,57,2026-06-08,2029-06-07,2026-06-29,60,5.332,10.69,OK,ampoule,18.0,1074
HOSP-KP-002,MED-055,BATCH-0224364,90,2026-06-29,2029-06-28,2026-06-29,60,5.332,16.88,OK,ampoule,18.0,1095
HOSP-KP-002,MED-056,BATCH-0223007,69,2026-06-22,2029-06-21,2026-06-29,45,4.063,16.98,OK,ampoule,45.0,1088
HOSP-KP-002,MED-057,BATCH-0223008,75,2026-06-22,2028-06-21,2026-06-29,67,4.92,15.24,OK,bottle,55.0,723
HOSP-KP-002,MED-058,BATCH-0223009,43,2026-06-22,2028-06-21,2026-06-29,35,2.57,16.73,OK,bottle,90.0,723
HOSP-KP-002,MED-059,BATCH-0221668,17,2026-06-15,2028-06-14,2026-06-29,36,2.653,6.41,OK,bottle,70.0,716
HOSP-KP-002,MED-059,BATCH-0224365,47,2026-06-29,2028-06-28,2026-06-29,36,2.653,17.72,OK,bottle,70.0,730
HOSP-KP-002,MED-060,BATCH-0220324,3,2026-06-08,2028-06-07,2026-06-29,23,1.664,1.8,OK,vial,2500.0,709
HOSP-KP-002,MED-060,BATCH-0223010,26,2026-06-22,2028-06-21,2026-06-29,23,1.664,15.62,OK,vial,2500.0,723
HOSP-KP-002,MED-061,BATCH-0223011,70,2026-06-22,2028-06-21,2026-06-29,50,4.52,15.49,OK,ampoule,25.0,723
HOSP-KP-002,MED-062,BATCH-0220325,10,2026-06-08,2029-06-07,2026-06-29,30,2.778,3.6,OK,ampoule,12.0,1074
HOSP-KP-002,MED-062,BATCH-0224366,80,2026-06-29,2029-06-28,2026-06-29,30,2.778,28.8,OK,ampoule,12.0,1095
HOSP-KP-002,MED-063,BATCH-0223012,28,2026-06-22,2028-06-21,2026-06-29,29,2.139,13.09,OK,vial,850.0,723
HOSP-KP-002,MED-063,BATCH-0224367,29,2026-06-29,2028-06-28,2026-06-29,29,2.139,13.56,OK,vial,850.0,730
HOSP-KP-002,MED-064,BATCH-0223013,180,2026-06-22,2031-06-22,2026-06-29,264,19.541,9.21,OK,roll,80.0,1819
HOSP-KP-002,MED-064,BATCH-0224368,300,2026-06-29,2031-06-29,2026-06-29,264,19.541,15.35,OK,roll,80.0,1826
HOSP-KP-002,MED-065,BATCH-0221670,21,2026-06-15,2026-07-15,2026-06-29,30,3.891,5.4,OK,unit,0.0,16
HOSP-KP-002,MED-065,BATCH-0224369,69,2026-06-29,2026-07-29,2026-06-29,30,3.891,17.73,OK,unit,0.0,30
HOSP-KP-002,MED-066,BATCH-0223014,57,2026-06-22,2026-07-22,2026-06-29,28,3.693,15.43,OK,unit,0.0,23
HOSP-KP-002,MED-067,BATCH-0221671,99,2026-06-15,2029-06-14,2026-06-29,156,11.494,8.61,OK,vial,40.0,1081
HOSP-KP-002,MED-067,BATCH-0224370,181,2026-06-29,2029-06-28,2026-06-29,156,11.494,15.75,OK,vial,40.0,1095
HOSP-KP-002,MED-068,BATCH-0223015,44,2026-06-22,2029-06-21,2026-06-29,41,2.987,14.73,OK,vial,180.0,1088
HOSP-KP-002,MED-069,BATCH-0223016,73,2026-06-22,2029-06-21,2026-06-29,60,4.225,17.28,OK,ampoule,95.0,1088
HOSP-KP-002,MED-070,BATCH-0223017,289,2026-06-22,2028-06-21,2026-06-29,150,9.985,28.94,OK,sachet,120.0,723
HOSP-KP-002,MED-071,BATCH-0220331,21,2026-06-08,2028-06-07,2026-06-29,50,3.124,6.72,OK,ampoule,150.0,709
HOSP-KP-002,MED-071,BATCH-0223018,50,2026-06-22,2028-06-21,2026-06-29,50,3.124,16.01,OK,ampoule,150.0,723
HOSP-KP-002,MED-072,BATCH-0223019,57,2026-06-22,2028-06-21,2026-06-29,84,6.19,9.21,OK,vial,650.0,723
HOSP-KP-002,MED-072,BATCH-0224371,94,2026-06-29,2028-06-28,2026-06-29,84,6.19,15.19,OK,vial,650.0,730
HOSP-GD-001,MED-001,BATCH-0223664,2543,2026-06-28,2029-06-27,2026-06-29,1600,154.274,16.48,OK,tablet,1.5,1094
HOSP-GD-001,MED-002,BATCH-0223665,45,2026-06-28,2028-06-27,2026-06-29,392,28.989,1.55,LOW_STOCK,bottle,45.0,729
HOSP-GD-001,MED-003,BATCH-0222263,567,2026-06-21,2029-06-20,2026-06-29,700,60.367,9.39,LOW_STOCK,tablet,2.5,1087
HOSP-GD-001,MED-004,BATCH-0223666,209,2026-06-27,2028-06-26,2026-06-29,200,19.533,10.7,OK,ampoule,25.0,728
HOSP-GD-001,MED-005,BATCH-0224372,51,2026-04-13,2028-04-12,2026-06-29,900,81.829,0.62,LOW_STOCK,capsule,6.0,653
HOSP-GD-001,MED-006,BATCH-0223667,623,2026-06-29,2028-06-28,2026-06-29,550,40.675,15.32,OK,tablet,35.0,730
HOSP-GD-001,MED-007,BATCH-0223668,381,2026-06-29,2028-06-28,2026-06-29,342,25.327,15.04,OK,tablet,40.0,730
HOSP-GD-001,MED-008,BATCH-0223669,529,2026-06-29,2029-06-28,2026-06-29,450,44.866,11.79,OK,tablet,8.0,1095
HOSP-GD-001,MED-009,BATCH-0223670,511,2026-06-27,2028-06-26,2026-06-29,425,31.451,16.25,OK,vial,85.0,728
HOSP-GD-001,MED-010,BATCH-0223671,872,2026-06-29,2029-06-28,2026-06-29,400,47.212,18.47,OK,tablet,2.0,1095
HOSP-GD-001,MED-011,BATCH-0223672,715,2026-06-29,2029-06-28,2026-06-29,1400,101.412,7.05,LOW_STOCK,sachet,8.0,1095
HOSP-GD-001,MED-012,BATCH-0223673,486,2026-06-29,2029-06-28,2026-06-29,400,53.158,9.14,OK,tablet,1.2,1095
HOSP-GD-001,MED-013,BATCH-0223674,708,2026-06-29,2028-06-28,2026-06-29,697,51.57,13.73,OK,bag,55.0,730
HOSP-GD-001,MED-014,BATCH-0222269,394,2026-06-22,2028-06-21,2026-06-29,838,62.029,6.35,LOW_STOCK,bag,45.0,723
HOSP-GD-001,MED-015,BATCH-0222270,77,2026-06-21,2028-06-20,2026-06-29,525,38.82,1.98,LOW_STOCK,bag,48.0,722
HOSP-GD-001,MED-016,BATCH-0223675,180,2026-06-27,2028-06-26,2026-06-29,144,12.784,14.08,OK,tablet,15.0,728
HOSP-GD-001,MED-017,BATCH-0211915,16,2026-04-19,2029-04-18,2026-06-29,100,5.184,3.09,OK,tablet,1.8,1024
HOSP-GD-001,MED-017,BATCH-0222271,300,2026-06-20,2029-06-19,2026-06-29,100,5.184,57.87,OK,tablet,1.8,1086
HOSP-GD-001,MED-018,BATCH-0223676,239,2026-06-28,2028-06-27,2026-06-29,214,15.829,15.1,OK,unit,180.0,729
HOSP-GD-001,MED-019,BATCH-0223677,286,2026-06-29,2028-06-28,2026-06-29,190,18.398,15.55,OK,ampoule,30.0,730
HOSP-GD-001,MED-020,BATCH-0223678,262,2026-06-27,2028-06-26,2026-06-29,263,19.418,13.49,LOW_STOCK,bottle,55.0,728
HOSP-GD-001,MED-022,BATCH-0222272,547,2026-06-22,2029-06-21,2026-06-29,600,53.307,10.26,LOW_STOCK,tablet,2.5,1088
HOSP-GD-001,MED-023,BATCH-0223679,1490,2026-06-29,2029-06-28,2026-06-29,900,81.386,18.31,OK,tablet,1.5,1095
HOSP-GD-001,MED-024,BATCH-0222273,64,2026-06-21,2028-06-20,2026-06-29,153,11.271,5.68,LOW_STOCK,vial,450.0,722
HOSP-GD-001,MED-025,BATCH-0222274,463,2026-06-20,2029-06-19,2026-06-29,500,49.149,9.42,LOW_STOCK,tablet,3.0,1086
HOSP-GD-001,MED-026,BATCH-0222275,421,2026-06-21,2029-06-20,2026-06-29,500,61.178,6.88,LOW_STOCK,tablet,0.8,1087
HOSP-GD-001,MED-027,BATCH-0223680,943,2026-06-27,2029-06-26,2026-06-29,800,74.456,12.67,OK,capsule,2.0,1093
HOSP-GD-001,MED-028,BATCH-0223681,320,2026-06-28,2029-06-27,2026-06-29,250,24.752,12.93,OK,tablet,6.0,1094
HOSP-GD-001,MED-029,BATCH-0223682,395,2026-06-29,2029-06-28,2026-06-29,200,23.886,16.54,OK,tablet,1.5,1095
HOSP-GD-001,MED-030,BATCH-0222276,207,2026-06-22,2029-06-21,2026-06-29,225,16.666,12.42,LOW_STOCK,bottle_100ml,85.0,1088
HOSP-GD-001,MED-031,BATCH-0222277,180,2026-06-22,2031-06-22,2026-06-29,1250,91.871,1.96,OK,pair,25.0,1819
HOSP-GD-001,MED-031,BATCH-0223683,1250,2026-06-29,2031-06-29,2026-06-29,1250,91.871,13.61,OK,pair,25.0,1826
HOSP-GD-001,MED-032,BATCH-0223684,2306,2026-06-28,2031-06-28,2026-06-29,2100,148.615,15.52,OK,piece,5.0,1825
HOSP-GD-001,MED-033,BATCH-0222278,337,2026-06-20,2031-06-20,2026-06-29,850,62.261,5.41,LOW_STOCK,piece,35.0,1817
HOSP-GD-001,MED-034,BATCH-0224373,17,2026-04-09,2028-04-08,2026-06-29,80,7.919,2.15,LOW_STOCK,vial,25.0,649
HOSP-GD-001,MED-035,BATCH-0223685,58,2026-06-29,2028-06-28,2026-06-29,54,3.997,14.51,OK,vial,350.0,730
HOSP-GD-001,MED-036,BATCH-0223686,1217,2026-06-29,2028-06-28,2026-06-29,600,67.81,17.95,OK,tablet,0.5,730
HOSP-GD-001,MED-037,BATCH-0223687,184,2026-06-27,2029-06-26,2026-06-29,133,13.261,13.88,OK,tablet,8.0,1093
HOSP-GD-001,MED-038,BATCH-0223688,204,2026-06-29,2028-06-28,2026-06-29,180,17.457,11.69,OK,ampoule,12.0,730
HOSP-GD-001,MED-039,BATCH-0222280,47,2026-06-21,2029-06-20,2026-06-29,130,12.025,3.91,LOW_STOCK,ampoule,10.0,1087
HOSP-GD-001,MED-040,BATCH-0223689,152,2026-06-29,2029-06-28,2026-06-29,110,10.404,14.61,OK,ampoule,28.0,1095
HOSP-GD-001,MED-041,BATCH-0223690,25,2026-06-29,2028-06-28,2026-06-29,27,1.978,12.64,LOW_STOCK,vial,180.0,730
HOSP-GD-001,MED-042,BATCH-0222281,11,2026-06-22,2028-06-21,2026-06-29,14,1.037,10.61,LOW_STOCK,vial,1200.0,723
HOSP-GD-001,MED-044,BATCH-0222283,5,2026-06-21,2028-06-20,2026-06-29,12,0.844,5.92,OK,vial,450.0,722
HOSP-GD-001,MED-044,BATCH-0223691,13,2026-06-28,2028-06-27,2026-06-29,12,0.844,15.4,OK,vial,450.0,729
HOSP-GD-001,MED-045,BATCH-0222284,26,2026-06-20,2028-06-19,2026-06-29,40,3.284,7.92,LOW_STOCK,tablet,15.0,721
HOSP-GD-001,MED-047,BATCH-0223693,670,2026-06-27,2029-06-26,2026-06-29,600,55.857,11.99,OK,sachet,6.0,1093
HOSP-GD-001,MED-048,BATCH-0222285,128,2026-06-21,2028-06-20,2026-06-29,206,15.195,8.42,LOW_STOCK,bottle,65.0,722
HOSP-GD-001,MED-049,BATCH-0223694,452,2026-06-27,2028-06-26,2026-06-29,200,21.441,21.08,OK,capsule,2.0,728
HOSP-GD-001,MED-050,BATCH-0222286,60,2026-06-22,2028-06-21,2026-06-29,180,13.041,4.6,LOW_STOCK,vial,120.0,723
HOSP-GD-001,MED-051,BATCH-0222287,4,2026-06-22,2028-06-21,2026-06-29,160,11.392,0.35,LOW_STOCK,vial,80.0,723
HOSP-GD-001,MED-052,BATCH-0223695,443,2026-06-29,2028-06-28,2026-06-29,355,26.292,16.85,OK,kit,25.0,730
HOSP-GD-001,MED-053,BATCH-0222288,283,2026-06-20,2028-06-19,2026-06-29,340,24.924,11.35,LOW_STOCK,ampoule,35.0,721
HOSP-GD-001,MED-054,BATCH-0223696,124,2026-06-28,2028-06-27,2026-06-29,120,11.722,10.58,OK,tablet,20.0,729
HOSP-GD-001,MED-055,BATCH-0222289,6,2026-06-22,2029-06-21,2026-06-29,70,6.626,0.91,LOW_STOCK,ampoule,18.0,1088
HOSP-GD-001,MED-056,BATCH-0222290,47,2026-06-22,2029-06-21,2026-06-29,60,5.879,7.99,LOW_STOCK,ampoule,45.0,1088
HOSP-GD-001,MED-057,BATCH-0222291,55,2026-06-21,2028-06-20,2026-06-29,66,4.858,11.32,LOW_STOCK,bottle,55.0,722
HOSP-GD-001,MED-058,BATCH-0222292,12,2026-06-21,2028-06-20,2026-06-29,55,4.017,2.99,LOW_STOCK,bottle,90.0,722
HOSP-GD-001,MED-059,BATCH-0223697,62,2026-06-27,2028-06-26,2026-06-29,48,3.539,17.52,OK,bottle,70.0,728
HOSP-GD-001,MED-060,BATCH-0220976,3,2026-06-13,2028-06-12,2026-06-29,32,2.297,1.31,OK,vial,2500.0,714
HOSP-GD-001,MED-060,BATCH-0222293,32,2026-06-21,2028-06-20,2026-06-29,32,2.297,13.93,OK,vial,2500.0,722
HOSP-GD-001,MED-061,BATCH-0222294,24,2026-06-22,2028-06-21,2026-06-29,60,5.47,4.39,LOW_STOCK,ampoule,25.0,723
HOSP-GD-001,MED-062,BATCH-0220977,2,2026-06-15,2029-06-14,2026-06-29,40,4.596,0.44,LOW_STOCK,ampoule,12.0,1081
HOSP-GD-001,MED-063,BATCH-0222295,19,2026-06-20,2028-06-19,2026-06-29,49,3.619,5.25,LOW_STOCK,vial,850.0,721
HOSP-GD-001,MED-064,BATCH-0222296,193,2026-06-21,2031-06-21,2026-06-29,252,18.249,10.58,LOW_STOCK,roll,80.0,1818
HOSP-GD-001,MED-065,BATCH-0222297,27,2026-06-20,2026-07-20,2026-06-29,51,6.688,4.04,LOW_STOCK,unit,0.0,21
HOSP-GD-001,MED-066,BATCH-0223698,58,2026-06-27,2026-07-27,2026-06-29,32,4.253,13.64,OK,unit,0.0,28
HOSP-GD-001,MED-067,BATCH-0223699,161,2026-06-27,2029-06-26,2026-06-29,237,17.537,9.18,LOW_STOCK,vial,40.0,1093
HOSP-GD-001,MED-068,BATCH-0223700,60,2026-06-27,2029-06-26,2026-06-29,58,4.252,14.11,OK,vial,180.0,1093
HOSP-GD-001,MED-069,BATCH-0220982,30,2026-06-13,2029-06-12,2026-06-29,85,6.172,4.86,OK,ampoule,95.0,1079
HOSP-GD-001,MED-069,BATCH-0223701,85,2026-06-28,2029-06-27,2026-06-29,85,6.172,13.77,OK,ampoule,95.0,1094
HOSP-GD-001,MED-070,BATCH-0222298,254,2026-06-22,2028-06-21,2026-06-29,300,12.698,20.0,LOW_STOCK,sachet,120.0,723
HOSP-GD-001,MED-071,BATCH-0222299,39,2026-06-21,2028-06-20,2026-06-29,60,4.047,9.64,LOW_STOCK,ampoule,150.0,722
HOSP-GD-001,MED-072,BATCH-0222300,7,2026-06-20,2028-06-19,2026-06-29,144,10.639,0.66,OK,vial,650.0,721
HOSP-GD-001,MED-072,BATCH-0223702,144,2026-06-29,2028-06-28,2026-06-29,144,10.639,13.54,OK,vial,650.0,730
HOSP-KR-002,MED-001,BATCH-0223703,100,2026-06-28,2029-06-27,2026-06-29,100,5.478,18.25,OK,tablet,1.5,1094
HOSP-KR-002,MED-002,BATCH-0222301,2,2026-06-21,2028-06-20,2026-06-29,12,0.864,2.31,OK,bottle,45.0,722
HOSP-KR-002,MED-002,BATCH-0223704,21,2026-06-27,2028-06-26,2026-06-29,12,0.864,24.31,OK,bottle,45.0,728
HOSP-KR-002,MED-003,BATCH-0218355,146,2026-05-30,2029-05-29,2026-06-29,100,1.849,78.96,OK,tablet,2.5,1065
HOSP-KR-002,MED-004,BATCH-0220983,10,2026-06-14,2028-06-13,2026-06-29,10,0.547,18.28,OK,ampoule,25.0,715
HOSP-KR-002,MED-005,BATCH-0220984,147,2026-06-15,2028-06-14,2026-06-29,100,2.378,61.82,OK,capsule,6.0,716
HOSP-KR-002,MED-005,BATCH-0222302,200,2026-06-21,2028-06-20,2026-06-29,100,2.378,84.1,OK,capsule,6.0,722
HOSP-KR-002,MED-006,BATCH-0223705,20,2026-06-28,2028-06-27,2026-06-29,20,1.122,17.83,OK,tablet,35.0,729
HOSP-KR-002,MED-007,BATCH-0219624,12,2026-06-06,2028-06-05,2026-06-29,15,0.892,13.45,LOW_STOCK,tablet,40.0,707
HOSP-KR-002,MED-008,BATCH-0220985,6,2026-06-14,2029-06-13,2026-06-29,20,1.337,4.49,LOW_STOCK,tablet,8.0,1080
HOSP-KR-002,MED-009,BATCH-0223706,15,2026-06-27,2028-06-26,2026-06-29,13,0.899,16.69,OK,vial,85.0,728
HOSP-KR-002,MED-010,BATCH-0206525,110,2026-03-15,2029-03-14,2026-06-29,100,1.565,70.29,OK,tablet,2.0,989
HOSP-KR-002,MED-012,BATCH-0219627,99,2026-06-06,2029-06-05,2026-06-29,100,1.905,51.97,LOW_STOCK,tablet,1.2,1072
HOSP-KR-002,MED-013,BATCH-0223707,38,2026-06-29,2028-06-28,2026-06-29,22,1.602,23.72,OK,bag,55.0,730
HOSP-KR-002,MED-014,BATCH-0224374,4,2026-05-27,2028-05-26,2026-06-29,27,1.997,2.0,LOW_STOCK,bag,45.0,697
HOSP-KR-002,MED-015,BATCH-0222305,13,2026-06-22,2028-06-21,2026-06-29,15,1.039,12.51,LOW_STOCK,bag,48.0,723
HOSP-KR-002,MED-016,BATCH-0194819,22,2026-01-04,2028-01-04,2026-06-29,24,0.391,56.27,LOW_STOCK,tablet,15.0,554
HOSP-KR-002,MED-017,BATCH-0201490,293,2026-01-13,2029-01-12,2026-06-29,100,0.158,1854.43,OK,tablet,1.8,928
HOSP-KR-002,MED-018,BATCH-0222306,2,2026-06-20,2028-06-19,2026-06-29,6,0.417,4.8,OK,unit,180.0,721
HOSP-KR-002,MED-018,BATCH-0223708,6,2026-06-27,2028-06-26,2026-06-29,6,0.417,14.39,OK,unit,180.0,728
HOSP-KR-002,MED-019,BATCH-0222307,18,2026-06-22,2028-06-21,2026-06-29,10,0.559,32.2,OK,ampoule,30.0,723
HOSP-KR-002,MED-021,BATCH-0215077,141,2026-05-11,2029-05-10,2026-06-29,100,2.386,59.09,OK,tablet,1.0,1046
HOSP-KR-002,MED-022,BATCH-0212978,138,2026-04-25,2029-04-24,2026-06-29,100,1.781,77.48,OK,tablet,2.5,1030
HOSP-KR-002,MED-023,BATCH-0217270,60,2026-05-25,2029-05-24,2026-06-29,100,2.537,23.65,OK,tablet,1.5,1060
HOSP-KR-002,MED-023,BATCH-0223709,200,2026-06-29,2029-06-28,2026-06-29,100,2.537,78.83,OK,tablet,1.5,1095
HOSP-KR-002,MED-024,BATCH-0222308,1,2026-06-20,2028-06-19,2026-06-29,5,0.331,3.02,OK,vial,450.0,721
HOSP-KR-002,MED-024,BATCH-0223710,9,2026-06-29,2028-06-28,2026-06-29,5,0.331,27.19,OK,vial,450.0,730
HOSP-KR-002,MED-025,BATCH-0206529,43,2026-03-16,2029-03-15,2026-06-29,100,1.252,34.35,OK,tablet,3.0,990
HOSP-KR-002,MED-025,BATCH-0222309,200,2026-06-22,2029-06-21,2026-06-29,100,1.252,159.74,OK,tablet,3.0,1088
HOSP-KR-002,MED-025,BATCH-0223711,200,2026-06-29,2029-06-28,2026-06-29,100,1.252,159.74,OK,tablet,3.0,1095
HOSP-KR-002,MED-026,BATCH-0217271,271,2026-05-24,2029-05-23,2026-06-29,100,1.833,147.85,OK,tablet,0.8,1059
HOSP-KR-002,MED-026,BATCH-0218364,300,2026-05-30,2029-05-29,2026-06-29,100,1.833,163.67,OK,tablet,0.8,1065
HOSP-KR-002,MED-027,BATCH-0220992,163,2026-06-13,2029-06-12,2026-06-29,100,2.197,74.19,OK,capsule,2.0,1079
HOSP-KR-002,MED-028,BATCH-0224375,19,2026-04-29,2029-04-28,2026-06-29,10,0.851,22.33,OK,tablet,6.0,1034
HOSP-KR-002,MED-029,BATCH-0181943,177,2025-10-19,2028-10-18,2026-06-29,100,0.691,256.15,OK,tablet,1.5,842
HOSP-KR-002,MED-030,BATCH-0223712,7,2026-06-27,2029-06-26,2026-06-29,8,0.562,12.46,LOW_STOCK,bottle_100ml,85.0,1093
HOSP-KR-002,MED-031,BATCH-0220994,11,2026-06-14,2031-06-14,2026-06-29,50,2.915,3.77,OK,pair,25.0,1811
HOSP-KR-002,MED-031,BATCH-0222310,100,2026-06-21,2031-06-21,2026-06-29,50,2.915,34.31,OK,pair,25.0,1818
HOSP-KR-002,MED-032,BATCH-0216179,74,2026-05-17,2031-05-17,2026-06-29,100,4.53,16.34,LOW_STOCK,piece,5.0,1783
HOSP-KR-002,MED-033,BATCH-0215082,92,2026-05-09,2031-05-09,2026-06-29,50,1.461,62.97,OK,piece,35.0,1775
HOSP-KR-002,MED-034,BATCH-0216180,1,2026-05-17,2028-05-16,2026-06-29,10,0.264,3.79,OK,vial,25.0,687
HOSP-KR-002,MED-034,BATCH-0222311,20,2026-06-20,2028-06-19,2026-06-29,10,0.264,75.76,OK,vial,25.0,721
HOSP-KR-002,MED-034,BATCH-0223713,20,2026-06-27,2028-06-26,2026-06-29,10,0.264,75.76,OK,vial,25.0,728
HOSP-KR-002,MED-035,BATCH-0218365,1,2026-05-30,2028-05-29,2026-06-29,5,0.131,7.63,OK,vial,350.0,700
HOSP-KR-002,MED-035,BATCH-0219633,6,2026-06-08,2028-06-07,2026-06-29,5,0.131,45.8,OK,vial,350.0,709
HOSP-KR-002,MED-036,BATCH-0208721,180,2026-03-29,2028-03-28,2026-06-29,100,1.747,103.03,OK,tablet,0.5,638
HOSP-KR-002,MED-038,BATCH-0220996,1,2026-06-13,2028-06-12,2026-06-29,10,0.514,1.95,LOW_STOCK,ampoule,12.0,714
HOSP-KR-002,MED-039,BATCH-0222312,13,2026-06-22,2029-06-21,2026-06-29,10,0.388,33.51,OK,ampoule,10.0,1088
HOSP-KR-002,MED-039,BATCH-0223714,20,2026-06-28,2029-06-27,2026-06-29,10,0.388,51.55,OK,ampoule,10.0,1094
HOSP-KR-002,MED-040,BATCH-0217273,9,2026-05-23,2029-05-22,2026-06-29,10,0.323,27.86,LOW_STOCK,ampoule,28.0,1058
HOSP-KR-002,MED-041,BATCH-0207652,5,2026-03-23,2028-03-22,2026-06-29,5,0.054,92.59,OK,vial,180.0,632
HOSP-KR-002,MED-042,BATCH-0194826,6,2026-01-03,2028-01-03,2026-06-29,5,0.05,120.0,OK,vial,1200.0,553
HOSP-KR-002,MED-043,BATCH-0196036,5,2026-01-10,2028-01-10,2026-06-29,5,0.05,100.0,OK,vial,3500.0,560
HOSP-KR-002,MED-044,BATCH-0167225,1,2025-08-04,2027-08-04,2026-06-29,5,0.05,20.0,OK,vial,450.0,401
HOSP-KR-002,MED-044,BATCH-0168686,5,2025-08-11,2027-08-11,2026-06-29,5,0.05,100.0,OK,vial,450.0,408
HOSP-KR-002,MED-045,BATCH-0198499,32,2026-01-26,2028-01-26,2026-06-29,20,0.114,280.7,OK,tablet,15.0,576
HOSP-KR-002,MED-046,BATCH-0204333,5,2026-02-28,2027-08-29,2026-06-29,5,0.05,100.0,OK,prefilled,4500.0,426
HOSP-KR-002,MED-047,BATCH-0219634,50,2026-06-07,2029-06-06,2026-06-29,50,1.451,34.46,OK,sachet,6.0,1073
HOSP-KR-002,MED-048,BATCH-0223715,1,2026-06-29,2028-06-28,2026-06-29,7,0.479,2.09,LOW_STOCK,bottle,65.0,730
HOSP-KR-002,MED-049,BATCH-0202080,248,2026-02-16,2028-02-16,2026-06-29,100,0.621,399.36,OK,capsule,2.0,597
HOSP-KR-002,MED-049,BATCH-0203214,300,2026-02-21,2028-02-21,2026-06-29,100,0.621,483.09,OK,capsule,2.0,602
HOSP-KR-002,MED-050,BATCH-0222313,10,2026-06-20,2028-06-19,2026-06-29,10,0.376,26.6,OK,vial,120.0,721
HOSP-KR-002,MED-050,BATCH-0223716,10,2026-06-27,2028-06-26,2026-06-29,10,0.376,26.6,OK,vial,120.0,728
HOSP-KR-002,MED-051,BATCH-0219635,4,2026-06-06,2028-06-05,2026-06-29,10,0.356,11.24,LOW_STOCK,vial,80.0,707
HOSP-KR-002,MED-052,BATCH-0223717,10,2026-06-28,2028-06-27,2026-06-29,9,0.656,15.24,OK,kit,25.0,729
HOSP-KR-002,MED-053,BATCH-0223718,7,2026-06-29,2028-06-28,2026-06-29,10,0.659,10.62,LOW_STOCK,ampoule,35.0,730
HOSP-KR-002,MED-054,BATCH-0216186,3,2026-05-17,2028-05-16,2026-06-29,8,0.403,7.44,LOW_STOCK,tablet,20.0,687
HOSP-KR-002,MED-055,BATCH-0208727,2,2026-03-29,2029-03-28,2026-06-29,10,0.243,8.23,LOW_STOCK,ampoule,18.0,1003
HOSP-KR-002,MED-056,BATCH-0222315,5,2026-06-21,2029-06-20,2026-06-29,5,0.204,24.51,OK,ampoule,45.0,1087
HOSP-KR-002,MED-056,BATCH-0223719,15,2026-06-28,2029-06-27,2026-06-29,5,0.204,73.53,OK,ampoule,45.0,1094
HOSP-KR-002,MED-057,BATCH-0220999,5,2026-06-13,2028-06-12,2026-06-29,5,0.158,31.65,OK,bottle,55.0,714
HOSP-KR-002,MED-057,BATCH-0222316,7,2026-06-22,2028-06-21,2026-06-29,5,0.158,44.3,OK,bottle,55.0,723
HOSP-KR-002,MED-058,BATCH-0217274,3,2026-05-25,2028-05-24,2026-06-29,5,0.11,27.27,OK,bottle,90.0,695
HOSP-KR-002,MED-058,BATCH-0218369,6,2026-05-30,2028-05-29,2026-06-29,5,0.11,54.55,OK,bottle,90.0,700
HOSP-KR-002,MED-059,BATCH-0222317,3,2026-06-22,2028-06-21,2026-06-29,5,0.105,28.57,OK,bottle,70.0,723
HOSP-KR-002,MED-059,BATCH-0223720,7,2026-06-27,2028-06-26,2026-06-29,5,0.105,66.67,OK,bottle,70.0,728
HOSP-KR-002,MED-060,BATCH-0214004,3,2026-05-02,2028-05-01,2026-06-29,5,0.08,37.5,OK,vial,2500.0,672
HOSP-KR-002,MED-060,BATCH-0223721,5,2026-06-27,2028-06-26,2026-06-29,5,0.08,62.5,OK,vial,2500.0,728
HOSP-KR-002,MED-061,BATCH-0215089,14,2026-05-09,2028-05-08,2026-06-29,10,0.195,71.79,OK,ampoule,25.0,679
HOSP-KR-002,MED-062,BATCH-0208731,10,2026-03-28,2029-03-27,2026-06-29,10,0.122,81.97,OK,ampoule,12.0,1002
HOSP-KR-002,MED-063,BATCH-0214006,5,2026-05-03,2028-05-02,2026-06-29,5,0.101,49.5,OK,vial,850.0,673
HOSP-KR-002,MED-064,BATCH-0222318,13,2026-06-20,2031-06-20,2026-06-29,12,0.854,15.22,OK,roll,80.0,1817
HOSP-KR-002,MED-064,BATCH-0223722,24,2026-06-28,2031-06-28,2026-06-29,12,0.854,28.1,OK,roll,80.0,1825
HOSP-KR-002,MED-065,BATCH-0222319,5,2026-06-20,2026-07-20,2026-06-29,3,0.211,23.7,OK,unit,0.0,21
HOSP-KR-002,MED-067,BATCH-0222320,6,2026-06-22,2029-06-21,2026-06-29,6,0.404,14.85,OK,vial,40.0,1088
HOSP-KR-002,MED-067,BATCH-0223723,10,2026-06-29,2029-06-28,2026-06-29,6,0.404,24.75,OK,vial,40.0,1095
HOSP-KR-002,MED-068,BATCH-0217275,4,2026-05-23,2029-05-22,2026-06-29,5,0.157,25.48,OK,vial,180.0,1058
HOSP-KR-002,MED-068,BATCH-0218371,7,2026-05-30,2029-05-29,2026-06-29,5,0.157,44.59,OK,vial,180.0,1065
HOSP-KR-002,MED-069,BATCH-0221002,4,2026-06-13,2029-06-12,2026-06-29,5,0.188,21.28,LOW_STOCK,ampoule,95.0,1079
HOSP-KR-002,MED-070,BATCH-0161491,140,2025-07-07,2027-07-07,2026-06-29,150,0.336,416.67,OK,sachet,120.0,373
HOSP-KR-002,MED-070,BATCH-0223724,150,2026-06-28,2028-06-27,2026-06-29,150,0.336,446.43,OK,sachet,120.0,729
HOSP-KR-002,MED-071,BATCH-0222321,8,2026-06-20,2028-06-19,2026-06-29,10,0.14,57.14,OK,ampoule,150.0,721
HOSP-KR-002,MED-071,BATCH-0223725,10,2026-06-27,2028-06-26,2026-06-29,10,0.14,71.43,OK,ampoule,150.0,728
HOSP-KR-002,MED-072,BATCH-0223726,2,2026-06-29,2028-06-28,2026-06-29,5,0.239,8.37,LOW_STOCK,vial,650.0,730
HOSP-BG-010,MED-001,BATCH-0221676,279,2026-06-15,2029-06-14,2026-06-29,500,43.352,6.44,OK,tablet,1.5,1081
HOSP-BG-010,MED-001,BATCH-0224376,900,2026-06-29,2029-06-28,2026-06-29,500,43.352,20.76,OK,tablet,1.5,1095
HOSP-BG-010,MED-002,BATCH-0223022,75,2026-06-22,2028-06-21,2026-06-29,112,8.293,9.04,OK,bottle,45.0,723
HOSP-BG-010,MED-002,BATCH-0224377,126,2026-06-29,2028-06-28,2026-06-29,112,8.293,15.19,OK,bottle,45.0,730
HOSP-BG-010,MED-003,BATCH-0223023,1419,2026-06-22,2029-06-21,2026-06-29,900,81.67,17.37,OK,tablet,2.5,1088
HOSP-BG-010,MED-004,BATCH-0223024,352,2026-06-22,2028-06-21,2026-06-29,240,23.254,15.14,OK,ampoule,25.0,723
HOSP-BG-010,MED-005,BATCH-0223025,778,2026-06-22,2028-06-21,2026-06-29,600,59.117,13.16,OK,capsule,6.0,723
HOSP-BG-010,MED-006,BATCH-0223026,378,2026-06-22,2028-06-21,2026-06-29,420,30.736,12.3,OK,tablet,35.0,723
HOSP-BG-010,MED-006,BATCH-0224378,420,2026-06-29,2028-06-28,2026-06-29,420,30.736,13.66,OK,tablet,35.0,730
HOSP-BG-010,MED-007,BATCH-0223027,114,2026-06-22,2028-06-21,2026-06-29,330,24.266,4.7,OK,tablet,40.0,723
HOSP-BG-010,MED-007,BATCH-0224379,480,2026-06-29,2028-06-28,2026-06-29,330,24.266,19.78,OK,tablet,40.0,730
HOSP-BG-010,MED-008,BATCH-0224380,740,2026-06-29,2029-06-28,2026-06-29,320,31.071,23.82,OK,tablet,8.0,1095
HOSP-BG-010,MED-009,BATCH-0223028,164,2026-06-22,2028-06-21,2026-06-29,311,22.978,7.14,OK,vial,85.0,723
HOSP-BG-010,MED-009,BATCH-0224381,395,2026-06-29,2028-06-28,2026-06-29,311,22.978,17.19,OK,vial,85.0,730
HOSP-BG-010,MED-010,BATCH-0221679,157,2026-06-15,2029-06-14,2026-06-29,300,32.009,4.9,OK,tablet,2.0,1081
HOSP-BG-010,MED-010,BATCH-0224382,800,2026-06-29,2029-06-28,2026-06-29,300,32.009,24.99,OK,tablet,2.0,1095
HOSP-BG-010,MED-011,BATCH-0223029,175,2026-06-22,2029-06-21,2026-06-29,400,28.091,6.23,OK,sachet,8.0,1088
HOSP-BG-010,MED-011,BATCH-0224383,550,2026-06-29,2029-06-28,2026-06-29,400,28.091,19.58,OK,sachet,8.0,1095
HOSP-BG-010,MED-012,BATCH-0224384,600,2026-06-29,2029-06-28,2026-06-29,200,18.883,31.77,OK,tablet,1.2,1095
HOSP-BG-010,MED-013,BATCH-0223030,503,2026-06-22,2028-06-21,2026-06-29,611,45.19,11.13,OK,bag,55.0,723
HOSP-BG-010,MED-013,BATCH-0224385,611,2026-06-29,2028-06-28,2026-06-29,611,45.19,13.52,OK,bag,55.0,730
HOSP-BG-010,MED-014,BATCH-0221683,351,2026-06-15,2028-06-14,2026-06-29,890,65.924,5.32,OK,bag,45.0,716
HOSP-BG-010,MED-014,BATCH-0224386,1251,2026-06-29,2028-06-28,2026-06-29,890,65.924,18.98,OK,bag,45.0,730
HOSP-BG-010,MED-015,BATCH-0223031,607,2026-06-22,2028-06-21,2026-06-29,538,39.829,15.24,OK,bag,48.0,723
HOSP-BG-010,MED-016,BATCH-0221685,20,2026-06-15,2028-06-14,2026-06-29,48,2.6,7.69,OK,tablet,15.0,716
HOSP-BG-010,MED-016,BATCH-0224387,96,2026-06-29,2028-06-28,2026-06-29,48,2.6,36.92,OK,tablet,15.0,730
HOSP-BG-010,MED-017,BATCH-0214545,220,2026-05-04,2029-05-03,2026-06-29,100,1.201,183.18,OK,tablet,1.8,1039
HOSP-BG-010,MED-018,BATCH-0221686,41,2026-06-15,2028-06-14,2026-06-29,65,4.751,8.63,OK,unit,180.0,716
HOSP-BG-010,MED-018,BATCH-0224388,76,2026-06-29,2028-06-28,2026-06-29,65,4.751,16.0,OK,unit,180.0,730
HOSP-BG-010,MED-019,BATCH-0223032,100,2026-06-22,2028-06-21,2026-06-29,60,5.858,17.07,OK,ampoule,30.0,723
HOSP-BG-010,MED-020,BATCH-0221687,33,2026-06-15,2028-06-14,2026-06-29,64,4.679,7.05,OK,bottle,55.0,716
HOSP-BG-010,MED-020,BATCH-0224389,82,2026-06-29,2028-06-28,2026-06-29,64,4.679,17.53,OK,bottle,55.0,730
HOSP-BG-010,MED-021,BATCH-0223033,433,2026-06-22,2029-06-21,2026-06-29,200,23.016,18.81,OK,tablet,1.0,1088
HOSP-BG-010,MED-022,BATCH-0223034,362,2026-06-22,2029-06-21,2026-06-29,200,17.162,21.09,OK,tablet,2.5,1088
HOSP-BG-010,MED-023,BATCH-0221689,317,2026-06-15,2029-06-14,2026-06-29,300,25.233,12.56,OK,tablet,1.5,1081
HOSP-BG-010,MED-024,BATCH-0221690,28,2026-06-15,2028-06-14,2026-06-29,41,2.988,9.37,OK,vial,450.0,716
HOSP-BG-010,MED-024,BATCH-0224390,45,2026-06-29,2028-06-28,2026-06-29,41,2.988,15.06,OK,vial,450.0,730
HOSP-BG-010,MED-025,BATCH-0218949,107,2026-06-01,2029-05-31,2026-06-29,200,11.105,9.64,OK,tablet,3.0,1067
HOSP-BG-010,MED-025,BATCH-0224391,400,2026-06-29,2029-06-28,2026-06-29,200,11.105,36.02,OK,tablet,3.0,1095
HOSP-BG-010,MED-026,BATCH-0220358,36,2026-06-08,2029-06-07,2026-06-29,200,21.081,1.71,OK,tablet,0.8,1074
HOSP-BG-010,MED-026,BATCH-0224392,600,2026-06-29,2029-06-28,2026-06-29,200,21.081,28.46,OK,tablet,0.8,1095
HOSP-BG-010,MED-027,BATCH-0221691,479,2026-06-15,2029-06-14,2026-06-29,300,22.015,21.76,OK,capsule,2.0,1081
HOSP-BG-010,MED-028,BATCH-0223035,88,2026-06-22,2029-06-21,2026-06-29,100,9.128,9.64,OK,tablet,6.0,1088
HOSP-BG-010,MED-028,BATCH-0224393,150,2026-06-29,2029-06-28,2026-06-29,100,9.128,16.43,OK,tablet,6.0,1095
HOSP-BG-010,MED-029,BATCH-0223036,210,2026-06-22,2029-06-21,2026-06-29,100,5.514,38.08,OK,tablet,1.5,1088
HOSP-BG-010,MED-030,BATCH-0223037,87,2026-06-22,2029-06-21,2026-06-29,72,5.332,16.32,OK,bottle_100ml,85.0,1088
HOSP-BG-010,MED-031,BATCH-0223038,567,2026-06-22,2031-06-22,2026-06-29,450,31.214,18.16,OK,pair,25.0,1819
HOSP-BG-010,MED-032,BATCH-0220362,152,2026-06-08,2031-06-08,2026-06-29,600,40.449,3.76,OK,piece,5.0,1805
HOSP-BG-010,MED-032,BATCH-0223039,600,2026-06-22,2031-06-22,2026-06-29,600,40.449,14.83,OK,piece,5.0,1819
HOSP-BG-010,MED-033,BATCH-0221692,178,2026-06-15,2031-06-15,2026-06-29,200,12.859,13.84,OK,piece,35.0,1812
HOSP-BG-010,MED-033,BATCH-0224394,200,2026-06-29,2031-06-29,2026-06-29,200,12.859,15.55,OK,piece,35.0,1826
HOSP-BG-010,MED-034,BATCH-0224395,50,2026-06-29,2028-06-28,2026-06-29,20,1.945,25.71,OK,vial,25.0,730
HOSP-BG-010,MED-035,BATCH-0221694,4,2026-06-15,2028-06-14,2026-06-29,15,1.053,3.8,OK,vial,350.0,716
HOSP-BG-010,MED-035,BATCH-0223040,15,2026-06-22,2028-06-21,2026-06-29,15,1.053,14.25,OK,vial,350.0,723
HOSP-BG-010,MED-036,BATCH-0223041,190,2026-04-04,2028-04-03,2026-06-29,100,11.699,16.24,OK,tablet,0.5,644
HOSP-BG-010,MED-037,BATCH-0223042,65,2026-06-22,2029-06-21,2026-06-29,42,4.161,15.62,OK,tablet,8.0,1088
HOSP-BG-010,MED-038,BATCH-0223043,59,2026-06-22,2028-06-21,2026-06-29,50,4.974,11.86,OK,ampoule,12.0,723
HOSP-BG-010,MED-039,BATCH-0221695,14,2026-06-15,2029-06-14,2026-06-29,50,4.167,3.36,OK,ampoule,10.0,1081
HOSP-BG-010,MED-039,BATCH-0224396,100,2026-06-29,2029-06-28,2026-06-29,50,4.167,24.0,OK,ampoule,10.0,1095
HOSP-BG-010,MED-040,BATCH-0223044,105,2026-06-22,2029-06-21,2026-06-29,90,8.742,12.01,OK,ampoule,28.0,1088
HOSP-BG-010,MED-041,BATCH-0223045,411,2026-06-22,2028-06-21,2026-06-29,430,31.799,12.92,OK,vial,180.0,723
HOSP-BG-010,MED-041,BATCH-0224397,430,2026-06-29,2028-06-28,2026-06-29,430,31.799,13.52,OK,vial,180.0,730
HOSP-BG-010,MED-042,BATCH-0223046,292,2026-06-22,2028-06-21,2026-06-29,275,20.369,14.34,OK,vial,1200.0,723
HOSP-BG-010,MED-043,BATCH-0221696,103,2026-06-15,2028-06-14,2026-06-29,186,13.759,7.49,OK,vial,3500.0,716
HOSP-BG-010,MED-043,BATCH-0224398,231,2026-06-29,2028-06-28,2026-06-29,186,13.759,16.79,OK,vial,3500.0,730
HOSP-BG-010,MED-044,BATCH-0221697,112,2026-06-15,2028-06-14,2026-06-29,255,18.838,5.95,OK,vial,450.0,716
HOSP-BG-010,MED-044,BATCH-0224399,347,2026-06-29,2028-06-28,2026-06-29,255,18.838,18.42,OK,vial,450.0,730
HOSP-BG-010,MED-045,BATCH-0221698,184,2026-06-15,2028-06-14,2026-06-29,720,71.71,2.57,OK,tablet,15.0,716
HOSP-BG-010,MED-045,BATCH-0224400,1480,2026-06-29,2028-06-28,2026-06-29,720,71.71,20.64,OK,tablet,15.0,730
HOSP-BG-010,MED-046,BATCH-0221699,19,2026-06-15,2027-12-14,2026-06-29,135,9.962,1.91,OK,prefilled,4500.0,533
HOSP-BG-010,MED-046,BATCH-0224401,224,2026-06-29,2027-12-28,2026-06-29,135,9.962,22.49,OK,prefilled,4500.0,547
HOSP-BG-010,MED-047,BATCH-0220371,11,2026-06-08,2029-06-07,2026-06-29,150,11.196,0.98,OK,sachet,6.0,1074
HOSP-BG-010,MED-047,BATCH-0223047,250,2026-06-22,2029-06-21,2026-06-29,150,11.196,22.33,OK,sachet,6.0,1088
HOSP-BG-010,MED-048,BATCH-0223048,38,2026-06-22,2028-06-21,2026-06-29,53,3.908,9.72,OK,bottle,65.0,723
HOSP-BG-010,MED-048,BATCH-0224402,57,2026-06-29,2028-06-28,2026-06-29,53,3.908,14.59,OK,bottle,65.0,730
HOSP-BG-010,MED-049,BATCH-0221701,104,2026-06-15,2028-06-14,2026-06-29,100,4.57,22.76,OK,capsule,2.0,716
HOSP-BG-010,MED-050,BATCH-0223049,40,2026-06-22,2028-06-21,2026-06-29,40,2.806,14.26,OK,vial,120.0,723
HOSP-BG-010,MED-051,BATCH-0221702,39,2026-06-15,2028-06-14,2026-06-29,40,2.634,14.81,OK,vial,80.0,716
HOSP-BG-010,MED-051,BATCH-0224403,40,2026-06-29,2028-06-28,2026-06-29,40,2.634,15.19,OK,vial,80.0,730
HOSP-BG-010,MED-052,BATCH-0223050,112,2026-06-22,2028-06-21,2026-06-29,98,7.219,15.51,OK,kit,25.0,723
HOSP-BG-010,MED-053,BATCH-0223051,75,2026-06-22,2028-06-21,2026-06-29,50,3.169,23.67,OK,ampoule,35.0,723
HOSP-BG-010,MED-054,BATCH-0221703,27,2026-06-15,2028-06-14,2026-06-29,24,2.003,13.48,OK,tablet,20.0,716
HOSP-BG-010,MED-055,BATCH-0221704,28,2026-06-15,2029-06-14,2026-06-29,20,1.231,22.75,OK,ampoule,18.0,1081
HOSP-BG-010,MED-056,BATCH-0220375,3,2026-06-08,2029-06-07,2026-06-29,15,1.141,2.63,OK,ampoule,45.0,1074
HOSP-BG-010,MED-056,BATCH-0223052,30,2026-06-22,2029-06-21,2026-06-29,15,1.141,26.29,OK,ampoule,45.0,1088
HOSP-BG-010,MED-057,BATCH-0221705,15,2026-06-15,2028-06-14,2026-06-29,49,3.612,4.15,OK,bottle,55.0,716
HOSP-BG-010,MED-057,BATCH-0223053,49,2026-06-22,2028-06-21,2026-06-29,49,3.612,13.57,OK,bottle,55.0,723
HOSP-BG-010,MED-058,BATCH-0221706,28,2026-06-15,2028-06-14,2026-06-29,38,2.77,10.11,OK,bottle,90.0,716
HOSP-BG-010,MED-058,BATCH-0224404,40,2026-06-29,2028-06-28,2026-06-29,38,2.77,14.44,OK,bottle,90.0,730
HOSP-BG-010,MED-059,BATCH-0223054,23,2026-06-22,2028-06-21,2026-06-29,26,1.909,12.05,OK,bottle,70.0,723
HOSP-BG-010,MED-059,BATCH-0224405,26,2026-06-29,2028-06-28,2026-06-29,26,1.909,13.62,OK,bottle,70.0,730
HOSP-BG-010,MED-060,BATCH-0223055,8,2026-06-22,2028-06-21,2026-06-29,12,0.869,9.21,OK,vial,2500.0,723
HOSP-BG-010,MED-060,BATCH-0224406,13,2026-06-29,2028-06-28,2026-06-29,12,0.869,14.96,OK,vial,2500.0,730
HOSP-BG-010,MED-061,BATCH-0216773,12,2026-05-18,2028-05-17,2026-06-29,30,2.17,5.53,OK,ampoule,25.0,688
HOSP-BG-010,MED-061,BATCH-0224407,60,2026-06-29,2028-06-28,2026-06-29,30,2.17,27.65,OK,ampoule,25.0,730
HOSP-BG-010,MED-062,BATCH-0223056,36,2026-06-22,2029-06-21,2026-06-29,20,1.791,20.1,OK,ampoule,12.0,1088
HOSP-BG-010,MED-063,BATCH-0223057,25,2026-06-22,2028-06-21,2026-06-29,17,1.223,20.44,OK,vial,850.0,723
HOSP-BG-010,MED-064,BATCH-0221708,60,2026-06-15,2031-06-15,2026-06-29,108,7.518,7.98,OK,roll,80.0,1812
HOSP-BG-010,MED-064,BATCH-0224408,144,2026-06-29,2031-06-29,2026-06-29,108,7.518,19.15,OK,roll,80.0,1826
HOSP-BG-010,MED-065,BATCH-0223058,23,2026-06-22,2026-07-22,2026-06-29,69,9.142,2.52,OK,unit,0.0,23
HOSP-BG-010,MED-065,BATCH-0224409,184,2026-06-29,2026-07-29,2026-06-29,69,9.142,20.13,OK,unit,0.0,30
HOSP-BG-010,MED-066,BATCH-0223059,114,2026-06-22,2026-07-22,2026-06-29,59,7.801,14.61,OK,unit,0.0,23
HOSP-BG-010,MED-067,BATCH-0223060,36,2026-06-22,2029-06-21,2026-06-29,70,5.17,6.96,OK,vial,40.0,1088
HOSP-BG-010,MED-067,BATCH-0224410,90,2026-06-29,2029-06-28,2026-06-29,70,5.17,17.41,OK,vial,40.0,1095
HOSP-BG-010,MED-068,BATCH-0221711,17,2026-06-15,2029-06-14,2026-06-29,20,1.408,12.07,OK,vial,180.0,1081
HOSP-BG-010,MED-068,BATCH-0224411,20,2026-06-29,2029-06-28,2026-06-29,20,1.408,14.2,OK,vial,180.0,1095
HOSP-BG-010,MED-069,BATCH-0224412,65,2026-06-29,2029-06-28,2026-06-29,35,2.444,26.6,OK,ampoule,95.0,1095
HOSP-BG-010,MED-070,BATCH-0223062,448,2026-06-22,2028-06-21,2026-06-29,300,16.895,26.52,OK,sachet,120.0,723
HOSP-BG-010,MED-071,BATCH-0221712,18,2026-06-15,2028-06-14,2026-06-29,70,5.068,3.55,OK,ampoule,150.0,716
HOSP-BG-010,MED-071,BATCH-0224413,110,2026-06-29,2028-06-28,2026-06-29,70,5.068,21.7,OK,ampoule,150.0,730
HOSP-BG-010,MED-072,BATCH-0223063,17,2026-06-22,2028-06-21,2026-06-29,85,6.23,2.73,OK,vial,650.0,723
HOSP-BG-010,MED-072,BATCH-0224414,136,2026-06-29,2028-06-28,2026-06-29,85,6.23,21.83,OK,vial,650.0,730
HOSP-BG-011,MED-001,BATCH-0221003,245,2026-06-15,2029-06-14,2026-06-29,200,10.987,22.3,OK,tablet,1.5,1081
HOSP-BG-011,MED-002,BATCH-0223727,21,2026-06-29,2028-06-28,2026-06-29,24,1.729,12.15,LOW_STOCK,bottle,45.0,730
HOSP-BG-011,MED-003,BATCH-0223728,118,2026-06-29,2029-06-28,2026-06-29,100,8.843,13.34,OK,tablet,2.5,1095
HOSP-BG-011,MED-004,BATCH-0221005,10,2026-06-13,2028-06-12,2026-06-29,30,2.414,4.14,OK,ampoule,25.0,714
HOSP-BG-011,MED-004,BATCH-0223729,50,2026-06-27,2028-06-26,2026-06-29,30,2.414,20.71,OK,ampoule,25.0,728
HOSP-BG-011,MED-005,BATCH-0222322,66,2026-06-21,2028-06-20,2026-06-29,100,9.718,6.79,LOW_STOCK,capsule,6.0,722
HOSP-BG-011,MED-006,BATCH-0222323,58,2026-06-21,2028-06-20,2026-06-29,70,4.929,11.77,LOW_STOCK,tablet,35.0,722
HOSP-BG-011,MED-007,BATCH-0222324,46,2026-06-22,2028-06-21,2026-06-29,51,3.593,12.8,LOW_STOCK,tablet,40.0,723
HOSP-BG-011,MED-009,BATCH-0222326,13,2026-06-21,2028-06-20,2026-06-29,61,4.46,2.91,LOW_STOCK,vial,85.0,722
HOSP-BG-011,MED-010,BATCH-0223730,180,2026-06-27,2029-06-26,2026-06-29,100,6.138,29.33,OK,tablet,2.0,1093
HOSP-BG-011,MED-011,BATCH-0222327,8,2026-06-20,2029-06-19,2026-06-29,50,3.041,2.63,LOW_STOCK,sachet,8.0,1086
HOSP-BG-011,MED-012,BATCH-0219644,94,2026-06-06,2029-06-05,2026-06-29,100,1.748,53.78,LOW_STOCK,tablet,1.2,1072
HOSP-BG-011,MED-014,BATCH-0223731,60,2026-06-27,2028-06-26,2026-06-29,51,3.733,16.07,OK,bag,45.0,728
HOSP-BG-011,MED-015,BATCH-0223732,18,2026-06-29,2028-06-28,2026-06-29,29,2.117,8.5,LOW_STOCK,bag,48.0,730
HOSP-BG-011,MED-016,BATCH-0222329,39,2026-06-20,2028-06-19,2026-06-29,24,0.316,123.42,OK,tablet,15.0,721
HOSP-BG-011,MED-017,BATCH-0124572,278,2024-11-23,2027-11-23,2026-06-29,100,0.148,1878.38,OK,tablet,1.8,512
HOSP-BG-011,MED-018,BATCH-0222330,4,2026-06-22,2028-06-21,2026-06-29,15,1.063,3.76,LOW_STOCK,unit,180.0,723
HOSP-BG-011,MED-019,BATCH-0219648,6,2026-06-08,2028-06-07,2026-06-29,20,1.114,5.39,LOW_STOCK,ampoule,30.0,709
HOSP-BG-011,MED-020,BATCH-0223733,17,2026-06-28,2028-06-27,2026-06-29,16,1.152,14.76,OK,bottle,55.0,729
HOSP-BG-011,MED-021,BATCH-0222332,258,2026-06-22,2029-06-21,2026-06-29,100,5.106,50.53,OK,tablet,1.0,1088
HOSP-BG-011,MED-022,BATCH-0216199,95,2026-05-18,2029-05-17,2026-06-29,100,3.498,27.16,LOW_STOCK,tablet,2.5,1053
HOSP-BG-011,MED-023,BATCH-0223734,186,2026-06-28,2029-06-27,2026-06-29,100,4.395,42.32,OK,tablet,1.5,1094
HOSP-BG-011,MED-024,BATCH-0222333,10,2026-06-21,2028-06-20,2026-06-29,10,0.672,14.88,OK,vial,450.0,722
HOSP-BG-011,MED-025,BATCH-0221013,120,2026-06-13,2029-06-12,2026-06-29,100,2.776,43.23,OK,tablet,3.0,1079
HOSP-BG-011,MED-026,BATCH-0222334,253,2026-06-20,2029-06-19,2026-06-29,100,3.654,69.24,OK,tablet,0.8,1086
HOSP-BG-011,MED-027,BATCH-0219650,108,2026-06-07,2029-06-06,2026-06-29,100,3.699,29.2,OK,capsule,2.0,1073
HOSP-BG-011,MED-029,BATCH-0209837,133,2026-04-06,2029-04-05,2026-06-29,100,1.417,93.86,OK,tablet,1.5,1011
HOSP-BG-011,MED-030,BATCH-0222335,11,2026-06-21,2029-06-20,2026-06-29,14,1.023,10.75,LOW_STOCK,bottle_100ml,85.0,1087
HOSP-BG-011,MED-031,BATCH-0223735,225,2026-06-27,2031-06-27,2026-06-29,300,21.428,10.5,LOW_STOCK,pair,25.0,1824
HOSP-BG-011,MED-032,BATCH-0223736,591,2026-06-28,2031-06-28,2026-06-29,400,29.596,19.97,OK,piece,5.0,1825
HOSP-BG-011,MED-033,BATCH-0223737,243,2026-06-29,2031-06-29,2026-06-29,200,11.54,21.06,OK,piece,35.0,1826
HOSP-BG-011,MED-034,BATCH-0222336,15,2026-06-21,2028-06-20,2026-06-29,10,0.292,51.37,OK,vial,25.0,722
HOSP-BG-011,MED-035,BATCH-0215103,2,2026-05-09,2028-05-08,2026-06-29,5,0.152,13.16,OK,vial,350.0,679
HOSP-BG-011,MED-035,BATCH-0221017,5,2026-06-15,2028-06-14,2026-06-29,5,0.152,32.89,OK,vial,350.0,716
HOSP-BG-011,MED-036,BATCH-0215104,101,2026-05-09,2028-05-08,2026-06-29,100,1.027,98.34,OK,tablet,0.5,679
HOSP-BG-011,MED-037,BATCH-0223738,13,2026-06-27,2029-06-26,2026-06-29,9,0.853,15.24,OK,tablet,8.0,1093
HOSP-BG-011,MED-038,BATCH-0223739,21,2026-06-27,2028-06-26,2026-06-29,10,0.894,23.49,OK,ampoule,12.0,728
HOSP-BG-011,MED-039,BATCH-0222337,11,2026-06-22,2029-06-21,2026-06-29,10,0.863,12.75,OK,ampoule,10.0,1088
HOSP-BG-011,MED-040,BATCH-0223740,38,2026-06-28,2029-06-27,2026-06-29,20,1.325,28.68,OK,ampoule,28.0,1094
HOSP-BG-011,MED-041,BATCH-0219656,1,2026-06-06,2028-06-05,2026-06-29,5,0.149,6.71,OK,vial,180.0,707
HOSP-BG-011,MED-041,BATCH-0223741,5,2026-06-29,2028-06-28,2026-06-29,5,0.149,33.56,OK,vial,180.0,730
HOSP-BG-011,MED-042,BATCH-0218382,3,2026-05-31,2028-05-30,2026-06-29,5,0.093,32.26,OK,vial,1200.0,701
HOSP-BG-011,MED-042,BATCH-0223742,6,2026-06-27,2028-06-26,2026-06-29,5,0.093,64.52,OK,vial,1200.0,728
HOSP-BG-011,MED-043,BATCH-0221020,8,2026-06-15,2028-06-14,2026-06-29,5,0.063,126.98,OK,vial,3500.0,716
HOSP-BG-011,MED-044,BATCH-0213000,3,2026-04-26,2028-04-25,2026-06-29,5,0.086,34.88,OK,vial,450.0,666
HOSP-BG-011,MED-044,BATCH-0222338,5,2026-06-20,2028-06-19,2026-06-29,5,0.086,58.14,OK,vial,450.0,721
HOSP-BG-011,MED-045,BATCH-0221021,29,2026-06-15,2028-06-14,2026-06-29,20,0.271,107.01,OK,tablet,15.0,716
HOSP-BG-011,MED-046,BATCH-0219657,5,2026-06-08,2027-12-07,2026-06-29,5,0.05,100.0,OK,prefilled,4500.0,526
HOSP-BG-011,MED-047,BATCH-0223743,71,2026-06-28,2029-06-27,2026-06-29,50,2.788,25.47,OK,sachet,6.0,1094
HOSP-BG-011,MED-048,BATCH-0223744,15,2026-06-28,2028-06-27,2026-06-29,17,1.211,12.39,LOW_STOCK,bottle,65.0,729
HOSP-BG-011,MED-049,BATCH-0215108,147,2026-05-11,2028-05-10,2026-06-29,100,1.411,104.18,OK,capsule,2.0,681
HOSP-BG-011,MED-050,BATCH-0221023,4,2026-06-15,2028-06-14,2026-06-29,10,0.418,9.57,LOW_STOCK,vial,120.0,716
HOSP-BG-011,MED-051,BATCH-0221024,9,2026-06-13,2028-06-12,2026-06-29,10,0.388,23.2,LOW_STOCK,vial,80.0,714
HOSP-BG-011,MED-052,BATCH-0223745,11,2026-06-29,2028-06-28,2026-06-29,27,1.941,5.67,LOW_STOCK,kit,25.0,730
HOSP-BG-011,MED-053,BATCH-0217290,10,2026-05-25,2028-05-24,2026-06-29,10,0.314,31.85,OK,ampoule,35.0,695
HOSP-BG-011,MED-054,BATCH-0222340,6,2026-06-20,2028-06-19,2026-06-29,4,0.194,30.93,OK,tablet,20.0,721
HOSP-BG-011,MED-055,BATCH-0217292,12,2026-05-23,2029-05-22,2026-06-29,10,0.135,88.89,OK,ampoule,18.0,1058
HOSP-BG-011,MED-056,BATCH-0222341,10,2026-06-21,2029-06-20,2026-06-29,5,0.106,94.34,OK,ampoule,45.0,1087
HOSP-BG-011,MED-057,BATCH-0222342,136,2026-06-20,2028-06-19,2026-06-29,348,25.771,5.28,LOW_STOCK,bottle,55.0,721
HOSP-BG-011,MED-058,BATCH-0223746,235,2026-06-29,2028-06-28,2026-06-29,207,15.282,15.38,OK,bottle,90.0,730
HOSP-BG-011,MED-059,BATCH-0222343,161,2026-06-22,2028-06-21,2026-06-29,227,16.798,9.58,LOW_STOCK,bottle,70.0,723
HOSP-BG-011,MED-060,BATCH-0217293,3,2026-05-24,2028-05-23,2026-06-29,5,0.207,14.49,LOW_STOCK,vial,2500.0,694
HOSP-BG-011,MED-061,BATCH-0217294,6,2026-05-24,2028-05-23,2026-06-29,10,0.468,12.82,LOW_STOCK,ampoule,25.0,694
HOSP-BG-011,MED-062,BATCH-0221028,22,2026-06-14,2029-06-13,2026-06-29,10,0.355,61.97,OK,ampoule,12.0,1080
HOSP-BG-011,MED-063,BATCH-0222344,4,2026-06-22,2028-06-21,2026-06-29,5,0.176,22.73,LOW_STOCK,vial,850.0,723
HOSP-BG-011,MED-064,BATCH-0222345,28,2026-06-21,2031-06-21,2026-06-29,36,1.884,14.86,LOW_STOCK,roll,80.0,1818
HOSP-BG-011,MED-065,BATCH-0223747,7,2026-06-27,2026-07-27,2026-06-29,4,0.434,16.13,OK,unit,0.0,28
HOSP-BG-011,MED-066,BATCH-0223748,4,2026-06-28,2026-07-28,2026-06-29,3,0.346,11.56,OK,unit,0.0,29
HOSP-BG-011,MED-067,BATCH-0223749,51,2026-06-28,2029-06-27,2026-06-29,44,3.225,15.81,OK,vial,40.0,1094
HOSP-BG-011,MED-068,BATCH-0222346,9,2026-06-22,2029-06-21,2026-06-29,12,0.875,10.29,LOW_STOCK,vial,180.0,1088
HOSP-BG-011,MED-069,BATCH-0223750,27,2026-06-28,2029-06-27,2026-06-29,15,1.003,26.92,OK,ampoule,95.0,1094
HOSP-BG-011,MED-070,BATCH-0187041,33,2025-11-17,2027-11-17,2026-06-29,150,0.918,35.95,OK,sachet,120.0,506
HOSP-BG-011,MED-070,BATCH-0209853,150,2026-04-05,2028-04-04,2026-06-29,150,0.918,163.4,OK,sachet,120.0,645
HOSP-BG-011,MED-071,BATCH-0213007,3,2026-04-27,2028-04-26,2026-06-29,10,0.492,6.1,OK,ampoule,150.0,667
HOSP-BG-011,MED-071,BATCH-0218390,10,2026-06-01,2028-05-31,2026-06-29,10,0.492,20.33,OK,ampoule,150.0,702
HOSP-BG-011,MED-072,BATCH-0223751,14,2026-06-29,2028-06-28,2026-06-29,16,1.168,11.99,LOW_STOCK,vial,650.0,730
HOSP-BG-012,MED-001,BATCH-0223752,590,2026-06-27,2029-06-26,2026-06-29,400,32.09,18.39,OK,tablet,1.5,1093
HOSP-BG-012,MED-002,BATCH-0222348,25,2026-06-21,2028-06-20,2026-06-29,80,5.865,4.26,OK,bottle,45.0,722
HOSP-BG-012,MED-002,BATCH-0223753,83,2026-06-29,2028-06-28,2026-06-29,80,5.865,14.15,OK,bottle,45.0,730
HOSP-BG-012,MED-003,BATCH-0224415,83,2026-04-29,2029-04-28,2026-06-29,500,47.758,1.74,LOW_STOCK,tablet,2.5,1034
HOSP-BG-012,MED-004,BATCH-0222349,216,2026-06-20,2028-06-19,2026-06-29,240,23.219,9.3,LOW_STOCK,ampoule,25.0,721
HOSP-BG-012,MED-005,BATCH-0223754,666,2026-06-27,2028-06-26,2026-06-29,500,49.807,13.37,OK,capsule,6.0,728
HOSP-BG-012,MED-006,BATCH-0223755,327,2026-06-27,2028-06-26,2026-06-29,340,24.534,13.33,LOW_STOCK,tablet,35.0,728
HOSP-BG-012,MED-007,BATCH-0223756,249,2026-06-27,2028-06-26,2026-06-29,288,21.161,11.77,LOW_STOCK,tablet,40.0,728
HOSP-BG-012,MED-008,BATCH-0223757,270,2026-06-29,2029-06-28,2026-06-29,270,26.556,10.17,OK,tablet,8.0,1095
HOSP-BG-012,MED-009,BATCH-0222352,168,2026-06-22,2028-06-21,2026-06-29,220,16.29,10.31,LOW_STOCK,vial,85.0,723
HOSP-BG-012,MED-010,BATCH-0223758,560,2026-06-29,2029-06-28,2026-06-29,300,28.149,19.89,OK,tablet,2.0,1095
HOSP-BG-012,MED-011,BATCH-0222353,109,2026-06-22,2029-06-21,2026-06-29,250,16.685,6.53,LOW_STOCK,sachet,8.0,1088
HOSP-BG-012,MED-012,BATCH-0222354,11,2026-06-21,2029-06-20,2026-06-29,100,10.814,1.02,LOW_STOCK,tablet,1.2,1087
HOSP-BG-012,MED-014,BATCH-0223759,529,2026-06-28,2028-06-27,2026-06-29,591,43.706,12.1,LOW_STOCK,bag,45.0,729
HOSP-BG-012,MED-015,BATCH-0223760,354,2026-06-28,2028-06-27,2026-06-29,424,31.4,11.27,LOW_STOCK,bag,48.0,729
HOSP-BG-012,MED-016,BATCH-0221039,8,2026-06-13,2028-06-12,2026-06-29,24,2.255,3.55,LOW_STOCK,tablet,15.0,714
HOSP-BG-012,MED-017,BATCH-0199779,262,2026-02-01,2029-01-31,2026-06-29,100,1.172,223.55,OK,tablet,1.8,947
HOSP-BG-012,MED-018,BATCH-0222356,29,2026-06-20,2028-06-19,2026-06-29,41,3.003,9.66,LOW_STOCK,unit,180.0,721
HOSP-BG-012,MED-019,BATCH-0222357,35,2026-06-20,2028-06-19,2026-06-29,40,3.676,9.52,LOW_STOCK,ampoule,30.0,721
HOSP-BG-012,MED-020,BATCH-0223761,58,2026-06-28,2028-06-27,2026-06-29,72,5.274,11.0,LOW_STOCK,bottle,55.0,729
HOSP-BG-012,MED-021,BATCH-0223762,360,2026-06-27,2029-06-26,2026-06-29,200,14.361,25.07,OK,tablet,1.0,1093
HOSP-BG-012,MED-022,BATCH-0223763,360,2026-06-27,2029-06-26,2026-06-29,200,11.4,31.58,OK,tablet,2.5,1093
HOSP-BG-012,MED-023,BATCH-0222358,177,2026-06-20,2029-06-19,2026-06-29,200,13.888,12.74,LOW_STOCK,tablet,1.5,1086
HOSP-BG-012,MED-024,BATCH-0222359,7,2026-06-22,2028-06-21,2026-06-29,31,2.27,3.08,LOW_STOCK,vial,450.0,723
HOSP-BG-012,MED-025,BATCH-0219682,83,2026-06-08,2029-06-07,2026-06-29,200,10.789,7.69,OK,tablet,3.0,1074
HOSP-BG-012,MED-025,BATCH-0223764,300,2026-06-27,2029-06-26,2026-06-29,200,10.789,27.81,OK,tablet,3.0,1093
HOSP-BG-012,MED-026,BATCH-0223765,360,2026-06-28,2029-06-27,2026-06-29,200,16.368,21.99,OK,tablet,0.8,1094
HOSP-BG-012,MED-027,BATCH-0222360,165,2026-06-20,2029-06-19,2026-06-29,200,17.187,9.6,LOW_STOCK,capsule,2.0,1086
HOSP-BG-012,MED-028,BATCH-0223766,114,2026-06-29,2029-06-28,2026-06-29,70,6.501,17.54,OK,tablet,6.0,1095
HOSP-BG-012,MED-029,BATCH-0221042,126,2026-06-15,2029-06-14,2026-06-29,100,4.246,29.67,OK,tablet,1.5,1081
HOSP-BG-012,MED-030,BATCH-0222362,107,2026-06-21,2029-06-20,2026-06-29,214,15.791,6.78,LOW_STOCK,bottle_100ml,85.0,1087
HOSP-BG-012,MED-031,BATCH-0222363,81,2026-06-21,2031-06-21,2026-06-29,1700,123.503,0.66,OK,pair,25.0,1818
HOSP-BG-012,MED-031,BATCH-0223767,1700,2026-06-29,2031-06-29,2026-06-29,1700,123.503,13.76,OK,pair,25.0,1826
HOSP-BG-012,MED-032,BATCH-0222364,1044,2026-06-22,2031-06-22,2026-06-29,2300,164.459,6.35,LOW_STOCK,piece,5.0,1819
HOSP-BG-012,MED-033,BATCH-0222365,622,2026-06-20,2031-06-20,2026-06-29,850,60.291,10.32,LOW_STOCK,piece,35.0,1817
HOSP-BG-012,MED-034,BATCH-0221045,16,2026-06-14,2028-06-13,2026-06-29,20,1.915,8.36,LOW_STOCK,vial,25.0,715
HOSP-BG-012,MED-035,BATCH-0222366,10,2026-06-22,2028-06-21,2026-06-29,12,0.871,11.48,LOW_STOCK,vial,350.0,723
HOSP-BG-012,MED-036,BATCH-0223066,180,2026-05-08,2028-05-07,2026-06-29,100,11.495,15.66,OK,tablet,0.5,678
HOSP-BG-012,MED-037,BATCH-0221046,10,2026-06-14,2029-06-13,2026-06-29,28,2.707,3.69,LOW_STOCK,tablet,8.0,1080
HOSP-BG-012,MED-038,BATCH-0222367,13,2026-06-20,2028-06-19,2026-06-29,40,3.288,3.95,LOW_STOCK,ampoule,12.0,721
HOSP-BG-012,MED-039,BATCH-0223768,78,2026-06-28,2029-06-27,2026-06-29,40,3.262,23.91,OK,ampoule,10.0,1094
HOSP-BG-012,MED-040,BATCH-0222368,40,2026-06-20,2029-06-19,2026-06-29,110,10.278,3.89,LOW_STOCK,ampoule,28.0,1086
HOSP-BG-012,MED-041,BATCH-0223769,10,2026-06-28,2028-06-27,2026-06-29,8,0.539,18.55,OK,vial,180.0,729
HOSP-BG-012,MED-043,BATCH-0221050,5,2026-06-13,2028-06-12,2026-06-29,5,0.236,21.19,OK,vial,3500.0,714
HOSP-BG-012,MED-044,BATCH-0221051,1,2026-06-13,2028-06-12,2026-06-29,5,0.245,4.08,OK,vial,450.0,714
HOSP-BG-012,MED-044,BATCH-0223770,6,2026-06-28,2028-06-27,2026-06-29,5,0.245,24.49,OK,vial,450.0,729
HOSP-BG-012,MED-045,BATCH-0222370,21,2026-06-21,2028-06-20,2026-06-29,20,1.081,19.43,OK,tablet,15.0,722
HOSP-BG-012,MED-046,BATCH-0221052,3,2026-06-14,2027-12-13,2026-06-29,5,0.181,16.57,LOW_STOCK,prefilled,4500.0,532
HOSP-BG-012,MED-047,BATCH-0223771,205,2026-06-29,2029-06-28,2026-06-29,150,14.031,14.61,OK,sachet,6.0,1095
HOSP-BG-012,MED-048,BATCH-0222371,27,2026-06-21,2028-06-20,2026-06-29,63,4.61,5.86,LOW_STOCK,bottle,65.0,722
HOSP-BG-012,MED-049,BATCH-0223772,180,2026-06-28,2028-06-27,2026-06-29,100,7.016,25.66,OK,capsule,2.0,729
HOSP-BG-012,MED-050,BATCH-0222372,41,2026-06-21,2028-06-20,2026-06-29,40,2.476,16.56,OK,vial,120.0,722
HOSP-BG-012,MED-051,BATCH-0221054,14,2026-06-14,2028-06-13,2026-06-29,40,2.296,6.1,OK,vial,80.0,715
HOSP-BG-012,MED-051,BATCH-0223773,40,2026-06-28,2028-06-27,2026-06-29,40,2.296,17.42,OK,vial,80.0,729
HOSP-BG-012,MED-052,BATCH-0223774,93,2026-06-29,2028-06-28,2026-06-29,98,7.195,12.93,LOW_STOCK,kit,25.0,730
HOSP-BG-012,MED-053,BATCH-0222374,60,2026-06-21,2028-06-20,2026-06-29,60,3.806,15.76,OK,ampoule,35.0,722
HOSP-BG-012,MED-054,BATCH-0221056,12,2026-06-15,2028-06-14,2026-06-29,20,1.666,7.2,LOW_STOCK,tablet,20.0,716
HOSP-BG-012,MED-055,BATCH-0218414,3,2026-06-01,2029-05-31,2026-06-29,20,1.159,2.59,OK,ampoule,18.0,1067
HOSP-BG-012,MED-055,BATCH-0222375,40,2026-06-21,2029-06-20,2026-06-29,20,1.159,34.51,OK,ampoule,18.0,1087
HOSP-BG-012,MED-056,BATCH-0223775,19,2026-06-28,2029-06-27,2026-06-29,10,0.98,19.39,OK,ampoule,45.0,1094
HOSP-BG-012,MED-057,BATCH-0222376,19,2026-06-22,2028-06-21,2026-06-29,48,3.532,5.38,LOW_STOCK,bottle,55.0,723
HOSP-BG-012,MED-058,BATCH-0223776,46,2026-06-28,2028-06-27,2026-06-29,32,2.342,19.64,OK,bottle,90.0,729
HOSP-BG-012,MED-059,BATCH-0223777,34,2026-06-28,2028-06-27,2026-06-29,30,2.202,15.44,OK,bottle,70.0,729
HOSP-BG-012,MED-060,BATCH-0222378,22,2026-06-20,2028-06-19,2026-06-29,76,5.581,3.94,LOW_STOCK,vial,2500.0,721
HOSP-BG-012,MED-061,BATCH-0222379,65,2026-06-22,2028-06-21,2026-06-29,180,17.803,3.65,LOW_STOCK,ampoule,25.0,723
HOSP-BG-012,MED-063,BATCH-0223778,121,2026-06-27,2028-06-26,2026-06-29,105,7.729,15.66,OK,vial,850.0,728
HOSP-BG-012,MED-064,BATCH-0222380,43,2026-06-20,2031-06-20,2026-06-29,948,69.814,0.62,OK,roll,80.0,1817
HOSP-BG-012,MED-064,BATCH-0223779,948,2026-06-28,2031-06-28,2026-06-29,948,69.814,13.58,OK,roll,80.0,1825
HOSP-BG-012,MED-065,BATCH-0223780,114,2026-06-27,2026-07-27,2026-06-29,57,7.518,15.16,OK,unit,0.0,28
HOSP-BG-012,MED-066,BATCH-0223781,62,2026-06-29,2026-07-29,2026-06-29,37,4.92,12.6,OK,unit,0.0,30
HOSP-BG-012,MED-067,BATCH-0223782,279,2026-06-27,2029-06-26,2026-06-29,225,16.611,16.8,OK,vial,40.0,1093
HOSP-BG-012,MED-068,BATCH-0222381,13,2026-06-21,2029-06-20,2026-06-29,60,4.4,2.95,LOW_STOCK,vial,180.0,1087
HOSP-BG-012,MED-069,BATCH-0222382,30,2026-06-20,2029-06-19,2026-06-29,90,6.452,4.65,OK,ampoule,95.0,1086
HOSP-BG-012,MED-069,BATCH-0223783,90,2026-06-29,2029-06-28,2026-06-29,90,6.452,13.95,OK,ampoule,95.0,1095
HOSP-BG-012,MED-070,BATCH-0214053,5,2026-05-02,2028-05-01,2026-06-29,150,3.149,1.59,OK,sachet,120.0,672
HOSP-BG-012,MED-070,BATCH-0221065,150,2026-06-14,2028-06-13,2026-06-29,150,3.149,47.63,OK,sachet,120.0,715
HOSP-BG-012,MED-071,BATCH-0222383,47,2026-06-22,2028-06-21,2026-06-29,60,4.269,11.01,LOW_STOCK,ampoule,150.0,723
HOSP-BG-012,MED-072,BATCH-0222384,41,2026-06-21,2028-06-20,2026-06-29,87,6.396,6.41,LOW_STOCK,vial,650.0,722
HOSP-BG-013,MED-001,BATCH-0223784,2778,2026-06-29,2029-06-28,2026-06-29,2000,193.992,14.32,OK,tablet,1.5,1095
HOSP-BG-013,MED-002,BATCH-0223785,377,2026-06-29,2028-06-28,2026-06-29,403,29.794,12.65,LOW_STOCK,bottle,45.0,730
HOSP-BG-013,MED-003,BATCH-0222385,621,2026-06-22,2029-06-21,2026-06-29,800,73.191,8.48,LOW_STOCK,tablet,2.5,1088
HOSP-BG-013,MED-004,BATCH-0223786,259,2026-06-27,2028-06-26,2026-06-29,240,23.966,10.81,OK,ampoule,25.0,728
HOSP-BG-013,MED-005,BATCH-0223787,1017,2026-06-28,2028-06-27,2026-06-29,900,84.987,11.97,OK,capsule,6.0,729
HOSP-BG-013,MED-006,BATCH-0222386,260,2026-06-20,2028-06-19,2026-06-29,620,45.903,5.66,OK,tablet,35.0,721
HOSP-BG-013,MED-006,BATCH-0223788,620,2026-06-28,2028-06-27,2026-06-29,620,45.903,13.51,OK,tablet,35.0,729
HOSP-BG-013,MED-008,BATCH-0223789,376,2026-06-29,2029-06-28,2026-06-29,430,42.347,8.88,LOW_STOCK,tablet,8.0,1095
HOSP-BG-013,MED-009,BATCH-0223790,550,2026-06-28,2028-06-27,2026-06-29,572,42.348,12.99,LOW_STOCK,vial,85.0,729
HOSP-BG-013,MED-010,BATCH-0223791,1100,2026-06-27,2029-06-26,2026-06-29,500,60.896,18.06,OK,tablet,2.0,1093
HOSP-BG-013,MED-011,BATCH-0223792,702,2026-06-27,2029-06-26,2026-06-29,1550,113.893,6.16,LOW_STOCK,sachet,8.0,1093
HOSP-BG-013,MED-012,BATCH-0222389,568,2026-06-21,2029-06-20,2026-06-29,600,66.679,8.52,LOW_STOCK,tablet,1.2,1087
HOSP-BG-013,MED-013,BATCH-0223793,348,2026-06-27,2028-06-26,2026-06-29,758,56.119,6.2,LOW_STOCK,bag,55.0,728
HOSP-BG-013,MED-014,BATCH-0223794,866,2026-06-27,2028-06-26,2026-06-29,1073,79.479,10.9,LOW_STOCK,bag,45.0,728
HOSP-BG-013,MED-015,BATCH-0221076,454,2026-06-13,2028-06-12,2026-06-29,668,49.425,9.19,OK,bag,48.0,714
HOSP-BG-013,MED-015,BATCH-0223795,668,2026-06-28,2028-06-27,2026-06-29,668,49.425,13.52,OK,bag,48.0,729
HOSP-BG-013,MED-016,BATCH-0223796,238,2026-06-29,2028-06-28,2026-06-29,168,16.05,14.83,OK,tablet,15.0,730
HOSP-BG-013,MED-017,BATCH-0222391,281,2026-06-21,2029-06-20,2026-06-29,100,6.857,40.98,OK,tablet,1.8,1087
HOSP-BG-013,MED-018,BATCH-0223797,297,2026-06-27,2028-06-26,2026-06-29,248,18.316,16.22,OK,unit,180.0,728
HOSP-BG-013,MED-019,BATCH-0222392,48,2026-06-20,2028-06-19,2026-06-29,190,18.79,2.55,LOW_STOCK,ampoule,30.0,721
HOSP-BG-013,MED-020,BATCH-0223798,202,2026-06-28,2028-06-27,2026-06-29,287,21.199,9.53,LOW_STOCK,bottle,55.0,729
HOSP-BG-013,MED-022,BATCH-0223799,997,2026-06-27,2029-06-26,2026-06-29,800,71.841,13.88,OK,tablet,2.5,1093
HOSP-BG-013,MED-023,BATCH-0222393,902,2026-06-20,2029-06-19,2026-06-29,900,83.624,10.79,OK,tablet,1.5,1086
HOSP-BG-013,MED-024,BATCH-0223800,167,2026-06-27,2028-06-26,2026-06-29,208,15.353,10.88,LOW_STOCK,vial,450.0,728
HOSP-BG-013,MED-025,BATCH-0222394,374,2026-06-20,2029-06-19,2026-06-29,600,53.336,7.01,LOW_STOCK,tablet,3.0,1086
HOSP-BG-013,MED-026,BATCH-0223801,740,2026-06-27,2029-06-26,2026-06-29,600,69.587,10.63,OK,tablet,0.8,1093
HOSP-BG-013,MED-027,BATCH-0222395,196,2026-06-20,2029-06-19,2026-06-29,800,72.941,2.69,LOW_STOCK,capsule,2.0,1086
HOSP-BG-013,MED-028,BATCH-0223802,462,2026-06-28,2029-06-27,2026-06-29,350,34.2,13.51,OK,tablet,6.0,1094
HOSP-BG-013,MED-029,BATCH-0223803,345,2026-06-28,2029-06-27,2026-06-29,200,26.156,13.19,OK,tablet,1.5,1094
HOSP-BG-013,MED-030,BATCH-0222397,114,2026-06-20,2029-06-19,2026-06-29,276,20.414,5.58,OK,bottle_100ml,85.0,1086
HOSP-BG-013,MED-030,BATCH-0223804,276,2026-06-27,2029-06-26,2026-06-29,276,20.414,13.52,OK,bottle_100ml,85.0,1093
HOSP-BG-013,MED-031,BATCH-0222398,886,2026-06-21,2031-06-21,2026-06-29,1800,133.178,6.65,LOW_STOCK,pair,25.0,1818
HOSP-BG-013,MED-032,BATCH-0222399,938,2026-06-21,2031-06-21,2026-06-29,2300,164.669,5.7,LOW_STOCK,piece,5.0,1818
HOSP-BG-013,MED-033,BATCH-0221086,137,2026-06-13,2031-06-13,2026-06-29,950,69.621,1.97,OK,piece,35.0,1810
HOSP-BG-013,MED-033,BATCH-0223805,1000,2026-06-27,2031-06-27,2026-06-29,950,69.621,14.36,OK,piece,35.0,1824
HOSP-BG-013,MED-034,BATCH-0223806,149,2026-06-28,2028-06-27,2026-06-29,110,10.2,14.61,OK,vial,25.0,729
HOSP-BG-013,MED-035,BATCH-0223807,78,2026-06-28,2028-06-27,2026-06-29,71,5.258,14.83,OK,vial,350.0,729
HOSP-BG-013,MED-036,BATCH-0224416,82,2026-05-09,2028-05-08,2026-06-29,800,94.655,0.87,LOW_STOCK,tablet,0.5,679
HOSP-BG-013,MED-037,BATCH-0222401,112,2026-06-20,2029-06-19,2026-06-29,222,22.12,5.06,LOW_STOCK,tablet,8.0,1086
HOSP-BG-013,MED-038,BATCH-0222402,172,2026-06-20,2028-06-19,2026-06-29,180,17.8,9.66,LOW_STOCK,ampoule,12.0,721
HOSP-BG-013,MED-039,BATCH-0222403,105,2026-06-21,2029-06-20,2026-06-29,150,14.68,7.15,LOW_STOCK,ampoule,10.0,1087
HOSP-BG-013,MED-040,BATCH-0222404,68,2026-06-20,2029-06-19,2026-06-29,130,12.088,5.63,LOW_STOCK,ampoule,28.0,1086
HOSP-BG-013,MED-041,BATCH-0222405,5,2026-06-22,2028-06-21,2026-06-29,33,2.372,2.11,LOW_STOCK,vial,180.0,723
HOSP-BG-013,MED-042,BATCH-0221090,8,2026-06-14,2028-06-13,2026-06-29,16,1.168,6.85,LOW_STOCK,vial,1200.0,715
HOSP-BG-013,MED-043,BATCH-0221091,1,2026-06-15,2028-06-14,2026-06-29,12,0.837,1.19,OK,vial,3500.0,716
HOSP-BG-013,MED-043,BATCH-0223808,17,2026-06-27,2028-06-26,2026-06-29,12,0.837,20.31,OK,vial,3500.0,728
HOSP-BG-013,MED-044,BATCH-0223809,15,2026-06-27,2028-06-26,2026-06-29,15,1.096,13.69,OK,vial,450.0,728
HOSP-BG-013,MED-045,BATCH-0223810,76,2026-06-29,2028-06-28,2026-06-29,40,3.968,19.15,OK,tablet,15.0,730
HOSP-BG-013,MED-046,BATCH-0223811,8,2026-06-27,2027-12-26,2026-06-29,9,0.597,13.4,LOW_STOCK,prefilled,4500.0,545
HOSP-BG-013,MED-047,BATCH-0223812,737,2026-06-27,2029-06-26,2026-06-29,550,52.788,13.96,OK,sachet,6.0,1093
HOSP-BG-013,MED-048,BATCH-0223813,177,2026-06-29,2028-06-28,2026-06-29,198,14.594,12.13,LOW_STOCK,bottle,65.0,730
HOSP-BG-013,MED-049,BATCH-0223814,226,2026-06-28,2028-06-27,2026-06-29,200,21.072,10.73,OK,capsule,2.0,729
HOSP-BG-013,MED-050,BATCH-0222409,75,2026-06-22,2028-06-21,2026-06-29,200,14.76,5.08,LOW_STOCK,vial,120.0,723
HOSP-BG-013,MED-051,BATCH-0223815,210,2026-06-28,2028-06-27,2026-06-29,190,13.392,15.68,OK,vial,80.0,729
HOSP-BG-013,MED-052,BATCH-0222410,71,2026-06-20,2028-06-19,2026-06-29,408,30.219,2.35,LOW_STOCK,kit,25.0,721
HOSP-BG-013,MED-053,BATCH-0222411,210,2026-06-22,2028-06-21,2026-06-29,280,20.263,10.36,LOW_STOCK,ampoule,35.0,723
HOSP-BG-013,MED-054,BATCH-0222412,77,2026-06-22,2028-06-21,2026-06-29,148,14.682,5.24,LOW_STOCK,tablet,20.0,723
HOSP-BG-013,MED-055,BATCH-0223816,172,2026-06-28,2029-06-27,2026-06-29,100,9.975,17.24,OK,ampoule,18.0,1094
HOSP-BG-013,MED-056,BATCH-0223817,120,2026-06-29,2029-06-28,2026-06-29,85,8.126,14.77,OK,ampoule,45.0,1095
HOSP-BG-013,MED-057,BATCH-0222413,53,2026-06-20,2028-06-19,2026-06-29,89,6.546,8.1,LOW_STOCK,bottle,55.0,721
HOSP-BG-013,MED-058,BATCH-0222414,35,2026-06-22,2028-06-21,2026-06-29,55,4.008,8.73,LOW_STOCK,bottle,90.0,723
HOSP-BG-013,MED-059,BATCH-0222415,8,2026-06-21,2028-06-20,2026-06-29,56,4.092,1.96,OK,bottle,70.0,722
HOSP-BG-013,MED-059,BATCH-0223818,56,2026-06-27,2028-06-26,2026-06-29,56,4.092,13.69,OK,bottle,70.0,728
HOSP-BG-013,MED-060,BATCH-0222416,15,2026-06-21,2028-06-20,2026-06-29,39,2.818,5.32,OK,vial,2500.0,722
HOSP-BG-013,MED-060,BATCH-0223819,39,2026-06-29,2028-06-28,2026-06-29,39,2.818,13.84,OK,vial,2500.0,730
HOSP-BG-013,MED-061,BATCH-0223820,104,2026-06-27,2028-06-26,2026-06-29,70,6.604,15.75,OK,ampoule,25.0,728
HOSP-BG-013,MED-062,BATCH-0223821,59,2026-06-29,2029-06-28,2026-06-29,40,5.159,11.44,OK,ampoule,12.0,1095
HOSP-BG-013,MED-063,BATCH-0223822,56,2026-06-29,2028-06-28,2026-06-29,58,4.28,13.08,LOW_STOCK,vial,850.0,730
HOSP-BG-013,MED-064,BATCH-0222418,153,2026-06-22,2031-06-22,2026-06-29,420,30.57,5.0,LOW_STOCK,roll,80.0,1819
HOSP-BG-013,MED-065,BATCH-0222419,42,2026-06-22,2026-07-22,2026-06-29,63,8.345,5.03,LOW_STOCK,unit,0.0,23
HOSP-BG-013,MED-066,BATCH-0223823,72,2026-06-27,2026-07-27,2026-06-29,41,5.34,13.48,OK,unit,0.0,28
HOSP-BG-013,MED-067,BATCH-0222420,154,2026-06-22,2029-06-21,2026-06-29,277,20.449,7.53,LOW_STOCK,vial,40.0,1088
HOSP-BG-013,MED-068,BATCH-0221104,9,2026-06-14,2029-06-13,2026-06-29,72,5.271,1.71,OK,vial,180.0,1080
HOSP-BG-013,MED-068,BATCH-0223824,87,2026-06-28,2029-06-27,2026-06-29,72,5.271,16.51,OK,vial,180.0,1094
HOSP-BG-013,MED-069,BATCH-0222421,61,2026-06-22,2029-06-21,2026-06-29,100,7.36,8.29,LOW_STOCK,ampoule,95.0,1088
HOSP-BG-013,MED-070,BATCH-0222422,184,2026-06-21,2028-06-20,2026-06-29,300,21.97,8.38,LOW_STOCK,sachet,120.0,722
HOSP-BG-013,MED-071,BATCH-0223825,119,2026-06-28,2028-06-27,2026-06-29,80,5.683,20.94,OK,ampoule,150.0,729
HOSP-BG-013,MED-072,BATCH-0222423,114,2026-06-22,2028-06-21,2026-06-29,142,10.446,10.91,LOW_STOCK,vial,650.0,723
HOSP-BG-014,MED-001,BATCH-0223826,853,2026-06-29,2029-06-28,2026-06-29,1100,102.622,8.31,LOW_STOCK,tablet,1.5,1095
HOSP-BG-014,MED-002,BATCH-0223827,148,2026-06-27,2028-06-26,2026-06-29,257,19.0,7.79,LOW_STOCK,bottle,45.0,728
HOSP-BG-014,MED-003,BATCH-0222424,350,2026-06-21,2029-06-20,2026-06-29,500,46.411,7.54,LOW_STOCK,tablet,2.5,1087
HOSP-BG-014,MED-004,BATCH-0222425,60,2026-06-20,2028-06-19,2026-06-29,140,13.125,4.57,LOW_STOCK,ampoule,25.0,721
HOSP-BG-014,MED-005,BATCH-0222426,208,2026-06-22,2028-06-21,2026-06-29,500,41.789,4.98,LOW_STOCK,capsule,6.0,723
HOSP-BG-014,MED-006,BATCH-0223828,256,2026-06-28,2028-06-27,2026-06-29,310,22.357,11.45,LOW_STOCK,tablet,35.0,729
HOSP-BG-014,MED-007,BATCH-0222427,140,2026-06-21,2028-06-20,2026-06-29,249,18.428,7.6,LOW_STOCK,tablet,40.0,722
HOSP-BG-014,MED-008,BATCH-0222428,113,2026-06-22,2029-06-21,2026-06-29,280,27.902,4.05,LOW_STOCK,tablet,8.0,1088
HOSP-BG-014,MED-009,BATCH-0223829,336,2026-06-29,2028-06-28,2026-06-29,317,23.426,14.34,OK,vial,85.0,730
HOSP-BG-014,MED-010,BATCH-0223830,455,2026-06-27,2029-06-26,2026-06-29,300,33.22,13.7,OK,tablet,2.0,1093
HOSP-BG-014,MED-011,BATCH-0223831,435,2026-06-28,2029-06-27,2026-06-29,850,62.174,7.0,LOW_STOCK,sachet,8.0,1094
HOSP-BG-014,MED-012,BATCH-0222430,87,2026-06-21,2029-06-20,2026-06-29,300,30.701,2.83,LOW_STOCK,tablet,1.2,1087
HOSP-BG-014,MED-013,BATCH-0222431,63,2026-06-20,2028-06-19,2026-06-29,405,29.995,2.1,OK,bag,55.0,721
HOSP-BG-014,MED-013,BATCH-0223832,414,2026-06-29,2028-06-28,2026-06-29,405,29.995,13.8,OK,bag,55.0,730
HOSP-BG-014,MED-015,BATCH-0223833,286,2026-06-29,2028-06-28,2026-06-29,335,24.778,11.54,LOW_STOCK,bag,48.0,730
HOSP-BG-014,MED-016,BATCH-0224417,27,2026-05-02,2028-05-01,2026-06-29,96,8.254,3.27,LOW_STOCK,tablet,15.0,672
HOSP-BG-014,MED-017,BATCH-0202183,1,2026-02-15,2029-02-14,2026-06-29,100,3.503,0.29,OK,tablet,1.8,961
HOSP-BG-014,MED-017,BATCH-0219751,300,2026-06-08,2029-06-07,2026-06-29,100,3.503,85.64,OK,tablet,1.8,1074
HOSP-BG-014,MED-018,BATCH-0222434,96,2026-06-21,2028-06-20,2026-06-29,147,10.844,8.85,LOW_STOCK,unit,180.0,722
HOSP-BG-014,MED-019,BATCH-0222435,91,2026-06-21,2028-06-20,2026-06-29,110,10.434,8.72,LOW_STOCK,ampoule,30.0,722
HOSP-BG-014,MED-020,BATCH-0222436,98,2026-06-22,2028-06-21,2026-06-29,151,11.145,8.79,LOW_STOCK,bottle,55.0,723
HOSP-BG-014,MED-021,BATCH-0223834,508,2026-06-27,2029-06-26,2026-06-29,400,48.117,10.56,OK,tablet,1.0,1093
HOSP-BG-014,MED-022,BATCH-0221117,111,2026-06-13,2029-06-12,2026-06-29,400,39.538,2.81,LOW_STOCK,tablet,2.5,1079
HOSP-BG-014,MED-023,BATCH-0223835,858,2026-06-28,2029-06-27,2026-06-29,500,48.387,17.73,OK,tablet,1.5,1094
HOSP-BG-014,MED-024,BATCH-0223836,93,2026-06-27,2028-06-26,2026-06-29,97,7.112,13.08,LOW_STOCK,vial,450.0,728
HOSP-BG-014,MED-025,BATCH-0221119,57,2026-06-13,2029-06-12,2026-06-29,300,26.833,2.12,LOW_STOCK,tablet,3.0,1079
HOSP-BG-014,MED-026,BATCH-0222437,534,2026-06-20,2029-06-19,2026-06-29,400,41.899,12.74,OK,tablet,0.8,1086
HOSP-BG-014,MED-027,BATCH-0222438,163,2026-06-20,2029-06-19,2026-06-29,500,45.392,3.59,LOW_STOCK,capsule,2.0,1086
HOSP-BG-014,MED-028,BATCH-0223837,196,2026-06-27,2029-06-26,2026-06-29,170,16.299,12.03,OK,tablet,6.0,1093
HOSP-BG-014,MED-029,BATCH-0222439,123,2026-06-21,2029-06-20,2026-06-29,200,13.771,8.93,LOW_STOCK,tablet,1.5,1087
HOSP-BG-014,MED-030,BATCH-0222440,6,2026-06-20,2029-06-19,2026-06-29,169,12.509,0.48,OK,bottle_100ml,85.0,1086
HOSP-BG-014,MED-030,BATCH-0223838,169,2026-06-29,2029-06-28,2026-06-29,169,12.509,13.51,OK,bottle_100ml,85.0,1095
HOSP-BG-014,MED-031,BATCH-0222441,575,2026-06-22,2031-06-22,2026-06-29,850,62.328,9.23,LOW_STOCK,pair,25.0,1819
HOSP-BG-014,MED-032,BATCH-0222442,1049,2026-06-22,2031-06-22,2026-06-29,1300,89.782,11.68,LOW_STOCK,piece,5.0,1819
HOSP-BG-014,MED-033,BATCH-0222443,135,2026-06-22,2031-06-22,2026-06-29,500,36.793,3.67,OK,piece,35.0,1819
HOSP-BG-014,MED-033,BATCH-0223839,500,2026-06-28,2031-06-28,2026-06-29,500,36.793,13.59,OK,piece,35.0,1825
HOSP-BG-014,MED-034,BATCH-0221121,1,2026-06-13,2028-06-12,2026-06-29,60,5.135,0.19,OK,vial,25.0,714
HOSP-BG-014,MED-034,BATCH-0223840,90,2026-06-28,2028-06-27,2026-06-29,60,5.135,17.53,OK,vial,25.0,729
HOSP-BG-014,MED-035,BATCH-0223841,37,2026-06-27,2028-06-26,2026-06-29,38,2.81,13.17,LOW_STOCK,vial,350.0,728
HOSP-BG-014,MED-036,BATCH-0222444,613,2026-06-22,2028-06-21,2026-06-29,400,40.301,15.21,OK,tablet,0.5,723
HOSP-BG-014,MED-038,BATCH-0223842,145,2026-06-27,2028-06-26,2026-06-29,130,12.744,11.38,OK,ampoule,12.0,728
HOSP-BG-014,MED-039,BATCH-0222445,63,2026-06-20,2029-06-19,2026-06-29,100,9.678,6.51,LOW_STOCK,ampoule,10.0,1086
HOSP-BG-014,MED-040,BATCH-0222446,26,2026-06-20,2029-06-19,2026-06-29,70,6.749,3.85,LOW_STOCK,ampoule,28.0,1086
HOSP-BG-014,MED-042,BATCH-0223843,10,2026-06-28,2028-06-27,2026-06-29,10,0.698,14.33,OK,vial,1200.0,729
HOSP-BG-014,MED-043,BATCH-0221124,2,2026-06-14,2028-06-13,2026-06-29,7,0.465,4.3,LOW_STOCK,vial,3500.0,715
HOSP-BG-014,MED-044,BATCH-0221125,1,2026-06-14,2028-06-13,2026-06-29,9,0.664,1.51,OK,vial,450.0,715
HOSP-BG-014,MED-044,BATCH-0223844,9,2026-06-27,2028-06-26,2026-06-29,9,0.664,13.55,OK,vial,450.0,728
HOSP-BG-014,MED-045,BATCH-0222448,13,2026-06-20,2028-06-19,2026-06-29,20,1.997,6.51,LOW_STOCK,tablet,15.0,721
HOSP-BG-014,MED-046,BATCH-0222449,5,2026-06-21,2027-12-20,2026-06-29,6,0.381,13.12,LOW_STOCK,prefilled,4500.0,539
HOSP-BG-014,MED-047,BATCH-0222450,82,2026-06-20,2029-06-19,2026-06-29,300,28.838,2.84,LOW_STOCK,sachet,6.0,1086
HOSP-BG-014,MED-048,BATCH-0223845,116,2026-06-28,2028-06-27,2026-06-29,149,11.021,10.53,LOW_STOCK,bottle,65.0,729
HOSP-BG-014,MED-050,BATCH-0221127,25,2026-06-15,2028-06-14,2026-06-29,110,7.508,3.33,OK,vial,120.0,716
HOSP-BG-014,MED-050,BATCH-0223846,120,2026-06-27,2028-06-26,2026-06-29,110,7.508,15.98,OK,vial,120.0,728
HOSP-BG-014,MED-051,BATCH-0222453,53,2026-06-20,2028-06-19,2026-06-29,100,7.091,7.47,LOW_STOCK,vial,80.0,721
HOSP-BG-014,MED-052,BATCH-0222454,111,2026-06-22,2028-06-21,2026-06-29,234,17.285,6.42,OK,kit,25.0,723
HOSP-BG-014,MED-052,BATCH-0223847,234,2026-06-28,2028-06-27,2026-06-29,234,17.285,13.54,OK,kit,25.0,729
HOSP-BG-014,MED-053,BATCH-0223848,163,2026-06-28,2028-06-27,2026-06-29,180,12.926,12.61,LOW_STOCK,ampoule,35.0,729
HOSP-BG-014,MED-054,BATCH-0223849,143,2026-06-28,2028-06-27,2026-06-29,88,8.443,16.94,OK,tablet,20.0,729
HOSP-BG-014,MED-055,BATCH-0222455,34,2026-06-22,2029-06-21,2026-06-29,50,4.578,7.43,LOW_STOCK,ampoule,18.0,1088
HOSP-BG-014,MED-056,BATCH-0221129,4,2026-06-15,2029-06-14,2026-06-29,35,3.166,1.26,OK,ampoule,45.0,1081
HOSP-BG-014,MED-056,BATCH-0223850,55,2026-06-29,2029-06-28,2026-06-29,35,3.166,17.37,OK,ampoule,45.0,1095
HOSP-BG-014,MED-057,BATCH-0222456,32,2026-06-20,2028-06-19,2026-06-29,51,3.761,8.51,LOW_STOCK,bottle,55.0,721
HOSP-BG-014,MED-058,BATCH-0222457,24,2026-06-22,2028-06-21,2026-06-29,34,2.461,9.75,LOW_STOCK,bottle,90.0,723
HOSP-BG-014,MED-059,BATCH-0223851,10,2026-06-29,2028-06-28,2026-06-29,28,2.042,4.9,LOW_STOCK,bottle,70.0,730
HOSP-BG-014,MED-060,BATCH-0221132,14,2026-06-14,2028-06-13,2026-06-29,22,1.575,8.89,LOW_STOCK,vial,2500.0,715
HOSP-BG-014,MED-061,BATCH-0222458,60,2026-06-21,2028-06-20,2026-06-29,50,4.315,13.9,OK,ampoule,25.0,722
HOSP-BG-014,MED-062,BATCH-0223852,44,2026-06-28,2029-06-27,2026-06-29,30,2.798,15.73,OK,ampoule,12.0,1094
HOSP-BG-014,MED-063,BATCH-0222459,7,2026-06-22,2028-06-21,2026-06-29,25,1.817,3.85,LOW_STOCK,vial,850.0,723
HOSP-BG-014,MED-064,BATCH-0223853,279,2026-06-29,2031-06-29,2026-06-29,216,15.345,18.18,OK,roll,80.0,1826
HOSP-BG-014,MED-065,BATCH-0223854,65,2026-06-28,2026-07-28,2026-06-29,33,4.375,14.86,OK,unit,0.0,29
HOSP-BG-014,MED-066,BATCH-0223855,23,2026-06-29,2026-07-29,2026-06-29,19,2.526,9.11,OK,unit,0.0,30
HOSP-BG-014,MED-067,BATCH-0222460,111,2026-06-21,2029-06-20,2026-06-29,148,10.94,10.15,LOW_STOCK,vial,40.0,1087
HOSP-BG-014,MED-068,BATCH-0222461,1,2026-06-21,2029-06-20,2026-06-29,38,2.745,0.36,OK,vial,180.0,1087
HOSP-BG-014,MED-068,BATCH-0223856,38,2026-06-29,2029-06-28,2026-06-29,38,2.745,13.84,OK,vial,180.0,1095
HOSP-BG-014,MED-069,BATCH-0221138,28,2026-06-13,2029-06-12,2026-06-29,50,3.48,8.05,LOW_STOCK,ampoule,95.0,1079
HOSP-BG-014,MED-070,BATCH-0223857,268,2026-06-28,2028-06-27,2026-06-29,150,10.359,25.87,OK,sachet,120.0,729
HOSP-BG-014,MED-071,BATCH-0224418,6,2026-05-18,2028-05-17,2026-06-29,40,2.733,2.2,LOW_STOCK,ampoule,150.0,688
HOSP-BG-014,MED-072,BATCH-0222462,54,2026-06-21,2028-06-20,2026-06-29,68,5.002,10.8,LOW_STOCK,vial,650.0,722
HOSP-BG-015,MED-001,BATCH-0222463,276,2026-06-20,2029-06-19,2026-06-29,1100,103.719,2.66,LOW_STOCK,tablet,1.5,1086
HOSP-BG-015,MED-002,BATCH-0224419,4,2026-05-16,2028-05-15,2026-06-29,283,20.906,0.19,LOW_STOCK,bottle,45.0,686
HOSP-BG-015,MED-003,BATCH-0222465,91,2026-06-22,2029-06-21,2026-06-29,500,48.161,1.89,LOW_STOCK,tablet,2.5,1088
HOSP-BG-015,MED-004,BATCH-0222466,118,2026-06-20,2028-06-19,2026-06-29,140,13.731,8.59,LOW_STOCK,ampoule,25.0,721
HOSP-BG-015,MED-005,BATCH-0222467,565,2026-06-20,2028-06-19,2026-06-29,600,54.731,10.32,LOW_STOCK,capsule,6.0,721
HOSP-BG-015,MED-006,BATCH-0223858,373,2026-06-27,2028-06-26,2026-06-29,350,25.613,14.56,OK,tablet,35.0,728
HOSP-BG-015,MED-007,BATCH-0222468,161,2026-06-21,2028-06-20,2026-06-29,243,17.892,9.0,LOW_STOCK,tablet,40.0,722
HOSP-BG-015,MED-008,BATCH-0223859,330,2026-06-27,2029-06-26,2026-06-29,300,29.706,11.11,OK,tablet,8.0,1093
HOSP-BG-015,MED-009,BATCH-0223860,225,2026-06-27,2028-06-26,2026-06-29,290,21.447,10.49,LOW_STOCK,vial,85.0,728
HOSP-BG-015,MED-010,BATCH-0223861,540,2026-06-28,2029-06-27,2026-06-29,300,31.675,17.05,OK,tablet,2.0,1094
HOSP-BG-015,MED-011,BATCH-0223862,879,2026-06-27,2029-06-26,2026-06-29,800,56.824,15.47,OK,sachet,8.0,1093
HOSP-BG-015,MED-013,BATCH-0223863,296,2026-06-29,2028-06-28,2026-06-29,389,28.773,10.29,LOW_STOCK,bag,55.0,730
HOSP-BG-015,MED-014,BATCH-0223864,464,2026-06-28,2028-06-27,2026-06-29,549,40.598,11.43,LOW_STOCK,bag,45.0,729
HOSP-BG-015,MED-016,BATCH-0223865,130,2026-06-27,2028-06-26,2026-06-29,96,9.299,13.98,OK,tablet,15.0,728
HOSP-BG-015,MED-017,BATCH-0210979,24,2026-04-12,2029-04-11,2026-06-29,100,3.663,6.55,OK,tablet,1.8,1017
HOSP-BG-015,MED-017,BATCH-0223866,300,2026-06-27,2029-06-26,2026-06-29,100,3.663,81.9,OK,tablet,1.8,1093
HOSP-BG-015,MED-018,BATCH-0223867,121,2026-06-28,2028-06-27,2026-06-29,141,10.409,11.62,LOW_STOCK,unit,180.0,729
HOSP-BG-015,MED-019,BATCH-0223868,232,2026-06-29,2028-06-28,2026-06-29,140,13.39,17.33,OK,ampoule,30.0,730
HOSP-BG-015,MED-020,BATCH-0222472,101,2026-06-22,2028-06-21,2026-06-29,168,12.404,8.14,LOW_STOCK,bottle,55.0,723
HOSP-BG-015,MED-021,BATCH-0223869,891,2026-06-28,2029-06-27,2026-06-29,500,58.67,15.19,OK,tablet,1.0,1094
HOSP-BG-015,MED-022,BATCH-0221155,163,2026-06-14,2029-06-13,2026-06-29,400,35.093,4.64,LOW_STOCK,tablet,2.5,1080
HOSP-BG-015,MED-023,BATCH-0224420,51,2026-05-18,2029-05-17,2026-06-29,600,56.845,0.9,LOW_STOCK,tablet,1.5,1053
HOSP-BG-015,MED-024,BATCH-0223871,99,2026-06-29,2028-06-28,2026-06-29,94,6.944,14.26,OK,vial,450.0,730
HOSP-BG-015,MED-025,BATCH-0223872,565,2026-06-27,2029-06-26,2026-06-29,400,34.011,16.61,OK,tablet,3.0,1093
HOSP-BG-015,MED-026,BATCH-0217403,244,2026-05-25,2029-05-24,2026-06-29,400,50.348,4.85,LOW_STOCK,tablet,0.8,1060
HOSP-BG-015,MED-027,BATCH-0223873,430,2026-06-27,2029-06-26,2026-06-29,400,38.469,11.18,OK,capsule,2.0,1093
HOSP-BG-015,MED-028,BATCH-0223874,162,2026-06-27,2029-06-26,2026-06-29,180,17.272,9.38,LOW_STOCK,tablet,6.0,1093
HOSP-BG-015,MED-029,BATCH-0221160,20,2026-06-15,2029-06-14,2026-06-29,200,15.297,1.31,OK,tablet,1.5,1081
HOSP-BG-015,MED-029,BATCH-0223875,500,2026-06-28,2029-06-27,2026-06-29,200,15.297,32.69,OK,tablet,1.5,1094
HOSP-BG-015,MED-030,BATCH-0223876,194,2026-06-27,2029-06-26,2026-06-29,175,12.897,15.04,OK,bottle_100ml,85.0,1093
HOSP-BG-015,MED-031,BATCH-0222474,801,2026-06-20,2031-06-20,2026-06-29,1050,77.001,10.4,LOW_STOCK,pair,25.0,1817
HOSP-BG-015,MED-032,BATCH-0222475,665,2026-06-20,2031-06-20,2026-06-29,1300,94.947,7.0,LOW_STOCK,piece,5.0,1817
HOSP-BG-015,MED-033,BATCH-0222476,297,2026-06-21,2031-06-21,2026-06-29,550,37.491,7.92,LOW_STOCK,piece,35.0,1818
HOSP-BG-015,MED-034,BATCH-0223877,101,2026-06-27,2028-06-26,2026-06-29,70,6.367,15.86,OK,vial,25.0,728
HOSP-BG-015,MED-035,BATCH-0222477,18,2026-06-20,2028-06-19,2026-06-29,39,2.846,6.32,LOW_STOCK,vial,350.0,721
HOSP-BG-015,MED-036,BATCH-0221165,26,2026-06-14,2028-06-13,2026-06-29,400,51.67,0.5,OK,tablet,0.5,715
HOSP-BG-015,MED-036,BATCH-0223878,900,2026-06-28,2028-06-27,2026-06-29,400,51.67,17.42,OK,tablet,0.5,729
HOSP-BG-015,MED-037,BATCH-0222478,9,2026-06-20,2029-06-19,2026-06-29,75,7.402,1.22,LOW_STOCK,tablet,8.0,1086
HOSP-BG-015,MED-038,BATCH-0222479,56,2026-06-21,2028-06-20,2026-06-29,120,11.44,4.9,LOW_STOCK,ampoule,12.0,722
HOSP-BG-015,MED-039,BATCH-0222480,32,2026-06-20,2029-06-19,2026-06-29,80,7.502,4.27,LOW_STOCK,ampoule,10.0,1086
HOSP-BG-015,MED-040,BATCH-0223879,125,2026-06-29,2029-06-28,2026-06-29,80,7.859,15.91,OK,ampoule,28.0,1095
HOSP-BG-015,MED-041,BATCH-0222481,13,2026-06-22,2028-06-21,2026-06-29,16,1.168,11.13,OK,vial,180.0,723
HOSP-BG-015,MED-041,BATCH-0223880,16,2026-06-29,2028-06-28,2026-06-29,16,1.168,13.7,OK,vial,180.0,730
HOSP-BG-015,MED-042,BATCH-0222482,2,2026-06-21,2028-06-20,2026-06-29,9,0.653,3.06,OK,vial,1200.0,722
HOSP-BG-015,MED-042,BATCH-0223881,9,2026-06-27,2028-06-26,2026-06-29,9,0.653,13.78,OK,vial,1200.0,728
HOSP-BG-015,MED-043,BATCH-0222483,7,2026-06-21,2028-06-20,2026-06-29,7,0.496,14.11,OK,vial,3500.0,722
HOSP-BG-015,MED-044,BATCH-0222484,4,2026-06-21,2028-06-20,2026-06-29,8,0.543,7.37,LOW_STOCK,vial,450.0,722
HOSP-BG-015,MED-045,BATCH-0222485,57,2026-06-22,2028-06-21,2026-06-29,40,2.172,26.24,OK,tablet,15.0,723
HOSP-BG-015,MED-046,BATCH-0223882,9,2026-06-28,2027-12-27,2026-06-29,5,0.302,29.8,OK,prefilled,4500.0,546
HOSP-BG-015,MED-047,BATCH-0223883,488,2026-06-28,2029-06-27,2026-06-29,350,30.041,16.24,OK,sachet,6.0,1094
HOSP-BG-015,MED-048,BATCH-0222486,67,2026-06-22,2028-06-21,2026-06-29,143,10.539,6.36,LOW_STOCK,bottle,65.0,723
HOSP-BG-015,MED-049,BATCH-0223884,360,2026-06-28,2028-06-27,2026-06-29,200,14.757,24.4,OK,capsule,2.0,729
HOSP-BG-015,MED-050,BATCH-0223885,171,2026-06-28,2028-06-27,2026-06-29,120,8.249,20.73,OK,vial,120.0,729
HOSP-BG-015,MED-051,BATCH-0223886,144,2026-06-29,2028-06-28,2026-06-29,110,7.923,18.17,OK,vial,80.0,730
HOSP-BG-015,MED-052,BATCH-0223887,236,2026-06-28,2028-06-27,2026-06-29,227,16.764,14.08,OK,kit,25.0,729
HOSP-BG-015,MED-053,BATCH-0222487,120,2026-06-21,2028-06-20,2026-06-29,180,13.263,9.05,LOW_STOCK,ampoule,35.0,722
HOSP-BG-015,MED-054,BATCH-0223888,152,2026-06-29,2028-06-28,2026-06-29,92,8.847,17.18,OK,tablet,20.0,730
HOSP-BG-015,MED-055,BATCH-0222488,55,2026-06-21,2029-06-20,2026-06-29,60,5.552,9.91,LOW_STOCK,ampoule,18.0,1087
HOSP-BG-015,MED-056,BATCH-0223889,68,2026-06-28,2029-06-27,2026-06-29,45,4.041,16.83,OK,ampoule,45.0,1094
HOSP-BG-015,MED-057,BATCH-0221179,15,2026-06-13,2028-06-12,2026-06-29,48,3.499,4.29,OK,bottle,55.0,714
HOSP-BG-015,MED-057,BATCH-0223890,48,2026-06-29,2028-06-28,2026-06-29,48,3.499,13.72,OK,bottle,55.0,730
HOSP-BG-015,MED-058,BATCH-0221180,3,2026-06-14,2028-06-13,2026-06-29,32,2.352,1.28,OK,bottle,90.0,715
HOSP-BG-015,MED-058,BATCH-0223891,38,2026-06-29,2028-06-28,2026-06-29,32,2.352,16.16,OK,bottle,90.0,730
HOSP-BG-015,MED-059,BATCH-0222489,19,2026-06-22,2028-06-21,2026-06-29,29,2.109,9.01,LOW_STOCK,bottle,70.0,723
HOSP-BG-015,MED-060,BATCH-0221182,2,2026-06-13,2028-06-12,2026-06-29,20,1.479,1.35,OK,vial,2500.0,714
HOSP-BG-015,MED-060,BATCH-0223892,22,2026-06-28,2028-06-27,2026-06-29,20,1.479,14.87,OK,vial,2500.0,729
HOSP-BG-015,MED-061,BATCH-0222490,34,2026-06-21,2028-06-20,2026-06-29,50,4.482,7.59,LOW_STOCK,ampoule,25.0,722
HOSP-BG-015,MED-062,BATCH-0224421,11,2026-06-03,2029-06-02,2026-06-29,30,2.926,3.76,LOW_STOCK,ampoule,12.0,1069
HOSP-BG-015,MED-063,BATCH-0222492,9,2026-06-21,2028-06-20,2026-06-29,29,2.126,4.23,LOW_STOCK,vial,850.0,722
HOSP-BG-015,MED-064,BATCH-0223893,203,2026-06-27,2031-06-27,2026-06-29,204,14.914,13.61,LOW_STOCK,roll,80.0,1824
HOSP-BG-015,MED-065,BATCH-0222493,44,2026-06-20,2026-07-20,2026-06-29,32,4.21,10.45,OK,unit,0.0,21
HOSP-BG-015,MED-066,BATCH-0223894,40,2026-06-27,2026-07-27,2026-06-29,24,3.167,12.63,OK,unit,0.0,28
HOSP-BG-015,MED-067,BATCH-0223895,114,2026-06-28,2029-06-27,2026-06-29,132,9.733,11.71,LOW_STOCK,vial,40.0,1094
HOSP-BG-015,MED-068,BATCH-0222494,13,2026-06-21,2029-06-20,2026-06-29,50,3.664,3.55,OK,vial,180.0,1087
HOSP-BG-015,MED-068,BATCH-0223896,50,2026-06-27,2029-06-26,2026-06-29,50,3.664,13.65,OK,vial,180.0,1093
HOSP-BG-015,MED-069,BATCH-0222495,56,2026-06-22,2029-06-21,2026-06-29,60,4.215,13.29,LOW_STOCK,ampoule,95.0,1088
HOSP-BG-015,MED-070,BATCH-0216336,56,2026-05-18,2028-05-17,2026-06-29,300,11.262,4.97,OK,sachet,120.0,688
HOSP-BG-015,MED-070,BATCH-0222496,300,2026-06-22,2028-06-21,2026-06-29,300,11.262,26.64,OK,sachet,120.0,723
HOSP-BG-015,MED-071,BATCH-0222497,49,2026-06-22,2028-06-21,2026-06-29,50,3.144,15.59,LOW_STOCK,ampoule,150.0,723
HOSP-BG-015,MED-072,BATCH-0223897,97,2026-06-29,2028-06-28,2026-06-29,76,5.581,17.38,OK,vial,650.0,730
HOSP-BG-016,MED-001,BATCH-0222498,21,2026-06-22,2029-06-21,2026-06-29,300,29.214,0.72,LOW_STOCK,tablet,1.5,1088
HOSP-BG-016,MED-002,BATCH-0223898,84,2026-06-27,2028-06-26,2026-06-29,77,5.635,14.91,OK,bottle,45.0,728
HOSP-BG-016,MED-003,BATCH-0221191,236,2026-06-14,2029-06-13,2026-06-29,200,12.224,19.31,OK,tablet,2.5,1080
HOSP-BG-016,MED-004,BATCH-0219818,47,2026-06-08,2028-06-07,2026-06-29,50,4.07,11.55,LOW_STOCK,ampoule,25.0,709
HOSP-BG-016,MED-005,BATCH-0223899,318,2026-06-29,2028-06-28,2026-06-29,200,14.425,22.05,OK,capsule,6.0,730
HOSP-BG-016,MED-006,BATCH-0222499,6,2026-06-22,2028-06-21,2026-06-29,80,5.529,1.09,LOW_STOCK,tablet,35.0,723
HOSP-BG-016,MED-007,BATCH-0223900,80,2026-06-27,2028-06-26,2026-06-29,72,5.278,15.16,OK,tablet,40.0,728
HOSP-BG-016,MED-008,BATCH-0223901,98,2026-06-28,2029-06-27,2026-06-29,70,6.303,15.55,OK,tablet,8.0,1094
HOSP-BG-016,MED-009,BATCH-0223902,52,2026-06-27,2028-06-26,2026-06-29,86,6.301,8.25,LOW_STOCK,vial,85.0,728
HOSP-BG-016,MED-010,BATCH-0222501,69,2026-06-21,2029-06-20,2026-06-29,100,8.764,7.87,LOW_STOCK,tablet,2.0,1087
HOSP-BG-016,MED-011,BATCH-0222502,56,2026-06-22,2029-06-21,2026-06-29,250,15.668,3.57,OK,sachet,8.0,1088
HOSP-BG-016,MED-011,BATCH-0223903,250,2026-06-27,2029-06-26,2026-06-29,250,15.668,15.96,OK,sachet,8.0,1093
HOSP-BG-016,MED-012,BATCH-0222503,82,2026-06-21,2029-06-20,2026-06-29,100,9.903,8.28,LOW_STOCK,tablet,1.2,1087
HOSP-BG-016,MED-013,BATCH-0223904,147,2026-06-29,2028-06-28,2026-06-29,113,8.321,17.67,OK,bag,55.0,730
HOSP-BG-016,MED-014,BATCH-0223905,134,2026-06-27,2028-06-26,2026-06-29,141,10.41,12.87,LOW_STOCK,bag,45.0,728
HOSP-BG-016,MED-015,BATCH-0222505,24,2026-06-21,2028-06-20,2026-06-29,76,5.57,4.31,OK,bag,48.0,722
HOSP-BG-016,MED-015,BATCH-0223906,91,2026-06-28,2028-06-27,2026-06-29,76,5.57,16.34,OK,bag,48.0,729
HOSP-BG-016,MED-016,BATCH-0222506,2,2026-06-21,2028-06-20,2026-06-29,24,2.111,0.95,LOW_STOCK,tablet,15.0,722
HOSP-BG-016,MED-017,BATCH-0164572,82,2025-07-19,2028-07-18,2026-06-29,100,0.806,101.74,OK,tablet,1.8,750
HOSP-BG-016,MED-017,BATCH-0221196,300,2026-06-15,2029-06-14,2026-06-29,100,0.806,372.21,OK,tablet,1.8,1081
HOSP-BG-016,MED-018,BATCH-0223907,39,2026-06-29,2028-06-28,2026-06-29,33,2.439,15.99,OK,unit,180.0,730
HOSP-BG-016,MED-019,BATCH-0223908,65,2026-06-28,2028-06-27,2026-06-29,40,3.912,16.62,OK,ampoule,30.0,729
HOSP-BG-016,MED-021,BATCH-0216345,57,2026-05-18,2029-05-17,2026-06-29,200,14.379,3.96,OK,tablet,1.0,1053
HOSP-BG-016,MED-021,BATCH-0221200,500,2026-06-13,2029-06-12,2026-06-29,200,14.379,34.77,OK,tablet,1.0,1079
HOSP-BG-016,MED-022,BATCH-0222507,111,2026-06-22,2029-06-21,2026-06-29,100,9.319,11.91,OK,tablet,2.5,1088
HOSP-BG-016,MED-023,BATCH-0222508,207,2026-06-20,2029-06-19,2026-06-29,200,15.294,13.53,OK,tablet,1.5,1086
HOSP-BG-016,MED-024,BATCH-0219832,14,2026-06-08,2028-06-07,2026-06-29,27,1.96,7.14,LOW_STOCK,vial,450.0,709
HOSP-BG-016,MED-025,BATCH-0222509,131,2026-06-20,2029-06-19,2026-06-29,100,8.052,16.27,OK,tablet,3.0,1086
HOSP-BG-016,MED-027,BATCH-0223910,339,2026-06-29,2029-06-28,2026-06-29,200,15.871,21.36,OK,capsule,2.0,1095
HOSP-BG-016,MED-028,BATCH-0222510,27,2026-06-22,2029-06-21,2026-06-29,60,5.505,4.9,LOW_STOCK,tablet,6.0,1088
HOSP-BG-016,MED-029,BATCH-0219834,75,2026-06-07,2029-06-06,2026-06-29,100,4.1,18.29,LOW_STOCK,tablet,1.5,1073
HOSP-BG-016,MED-030,BATCH-0222511,20,2026-06-21,2029-06-20,2026-06-29,42,3.046,6.57,LOW_STOCK,bottle_100ml,85.0,1087
HOSP-BG-016,MED-031,BATCH-0222512,227,2026-06-22,2031-06-22,2026-06-29,300,21.431,10.59,LOW_STOCK,pair,25.0,1819
HOSP-BG-016,MED-032,BATCH-0223911,469,2026-06-27,2031-06-27,2026-06-29,400,26.336,17.81,OK,piece,5.0,1824
HOSP-BG-016,MED-033,BATCH-0222513,49,2026-06-20,2031-06-20,2026-06-29,150,10.967,4.47,OK,piece,35.0,1817
HOSP-BG-016,MED-033,BATCH-0223912,150,2026-06-27,2031-06-27,2026-06-29,150,10.967,13.68,OK,piece,35.0,1824
HOSP-BG-016,MED-034,BATCH-0222514,20,2026-06-21,2028-06-20,2026-06-29,20,1.68,11.9,OK,vial,25.0,722
HOSP-BG-016,MED-035,BATCH-0221203,6,2026-06-14,2028-06-13,2026-06-29,13,0.951,6.31,OK,vial,350.0,715
HOSP-BG-016,MED-035,BATCH-0223913,13,2026-06-28,2028-06-27,2026-06-29,13,0.951,13.67,OK,vial,350.0,729
HOSP-BG-016,MED-036,BATCH-0221204,3,2026-06-13,2028-06-12,2026-06-29,100,10.607,0.28,LOW_STOCK,tablet,0.5,714
HOSP-BG-016,MED-037,BATCH-0222515,13,2026-06-20,2029-06-19,2026-06-29,27,2.62,4.96,LOW_STOCK,tablet,8.0,1086
HOSP-BG-016,MED-038,BATCH-0221205,27,2026-06-13,2028-06-12,2026-06-29,40,3.305,8.17,LOW_STOCK,ampoule,12.0,714
HOSP-BG-016,MED-039,BATCH-0221206,9,2026-06-15,2029-06-14,2026-06-29,30,2.28,3.95,LOW_STOCK,ampoule,10.0,1081
HOSP-BG-016,MED-040,BATCH-0223914,34,2026-06-27,2029-06-26,2026-06-29,20,1.865,18.23,OK,ampoule,28.0,1093
HOSP-BG-016,MED-041,BATCH-0223915,4,2026-06-29,2028-06-28,2026-06-29,5,0.329,12.16,LOW_STOCK,vial,180.0,730
HOSP-BG-016,MED-042,BATCH-0218541,5,2026-05-31,2028-05-30,2026-06-29,5,0.175,28.57,OK,vial,1200.0,701
HOSP-BG-016,MED-043,BATCH-0214153,1,2026-05-03,2028-05-02,2026-06-29,5,0.137,7.3,OK,vial,3500.0,673
HOSP-BG-016,MED-043,BATCH-0219838,5,2026-06-07,2028-06-06,2026-06-29,5,0.137,36.5,OK,vial,3500.0,708
HOSP-BG-016,MED-044,BATCH-0222518,1,2026-06-20,2028-06-19,2026-06-29,5,0.21,4.76,LOW_STOCK,vial,450.0,721
HOSP-BG-016,MED-045,BATCH-0222519,36,2026-06-21,2028-06-20,2026-06-29,20,0.752,47.87,OK,tablet,15.0,722
HOSP-BG-016,MED-046,BATCH-0217440,4,2026-05-23,2027-11-21,2026-06-29,5,0.09,44.44,LOW_STOCK,prefilled,4500.0,510
HOSP-BG-016,MED-047,BATCH-0222520,69,2026-06-20,2029-06-19,2026-06-29,100,7.762,8.89,LOW_STOCK,sachet,6.0,1086
HOSP-BG-016,MED-048,BATCH-0223916,30,2026-06-28,2028-06-27,2026-06-29,37,2.72,11.03,LOW_STOCK,bottle,65.0,729
HOSP-BG-016,MED-049,BATCH-0216357,19,2026-05-16,2028-05-15,2026-06-29,100,4.16,4.57,OK,capsule,2.0,686
HOSP-BG-016,MED-049,BATCH-0223917,300,2026-06-27,2028-06-26,2026-06-29,100,4.16,72.12,OK,capsule,2.0,728
HOSP-BG-016,MED-050,BATCH-0222521,12,2026-06-21,2028-06-20,2026-06-29,30,2.168,5.54,LOW_STOCK,vial,120.0,722
HOSP-BG-016,MED-051,BATCH-0221211,6,2026-06-14,2028-06-13,2026-06-29,30,1.885,3.18,OK,vial,80.0,715
HOSP-BG-016,MED-051,BATCH-0223918,30,2026-06-27,2028-06-26,2026-06-29,30,1.885,15.92,OK,vial,80.0,728
HOSP-BG-016,MED-052,BATCH-0223919,65,2026-06-28,2028-06-27,2026-06-29,70,5.143,12.64,LOW_STOCK,kit,25.0,729
HOSP-BG-016,MED-053,BATCH-0222523,1,2026-06-20,2028-06-19,2026-06-29,60,4.107,0.24,LOW_STOCK,ampoule,35.0,721
HOSP-BG-016,MED-054,BATCH-0218546,8,2026-05-30,2028-05-29,2026-06-29,24,2.274,3.52,OK,tablet,20.0,700
HOSP-BG-016,MED-054,BATCH-0221213,36,2026-06-14,2028-06-13,2026-06-29,24,2.274,15.83,OK,tablet,20.0,715
HOSP-BG-016,MED-055,BATCH-0224422,5,2026-06-14,2029-06-13,2026-06-29,20,1.259,3.97,LOW_STOCK,ampoule,18.0,1080
HOSP-BG-016,MED-056,BATCH-0221215,1,2026-06-15,2029-06-14,2026-06-29,10,0.998,1.0,LOW_STOCK,ampoule,45.0,1081
HOSP-BG-016,MED-057,BATCH-0222524,11,2026-06-21,2028-06-20,2026-06-29,13,0.942,11.68,LOW_STOCK,bottle,55.0,722
HOSP-BG-016,MED-058,BATCH-0223920,8,2026-06-29,2028-06-28,2026-06-29,8,0.524,15.27,OK,bottle,90.0,730
HOSP-BG-016,MED-059,BATCH-0223921,4,2026-06-27,2028-06-26,2026-06-29,9,0.635,6.3,LOW_STOCK,bottle,70.0,728
HOSP-BG-016,MED-060,BATCH-0222525,1,2026-06-21,2028-06-20,2026-06-29,6,0.43,2.33,OK,vial,2500.0,722
HOSP-BG-016,MED-060,BATCH-0223922,6,2026-06-27,2028-06-26,2026-06-29,6,0.43,13.95,OK,vial,2500.0,728
HOSP-BG-016,MED-061,BATCH-0222526,26,2026-06-20,2028-06-19,2026-06-29,20,1.203,21.61,OK,ampoule,25.0,721
HOSP-BG-016,MED-062,BATCH-0222527,9,2026-06-22,2029-06-21,2026-06-29,10,1.021,8.81,LOW_STOCK,ampoule,12.0,1088
HOSP-BG-016,MED-063,BATCH-0223923,6,2026-06-29,2028-06-28,2026-06-29,9,0.641,9.36,LOW_STOCK,vial,850.0,730
HOSP-BG-016,MED-064,BATCH-0222528,52,2026-06-20,2031-06-20,2026-06-29,60,4.062,12.8,LOW_STOCK,roll,80.0,1817
HOSP-BG-016,MED-065,BATCH-0222529,18,2026-06-21,2026-07-21,2026-06-29,10,1.247,14.43,OK,unit,0.0,22
HOSP-BG-016,MED-066,BATCH-0223924,13,2026-06-29,2026-07-29,2026-06-29,8,0.96,13.54,OK,unit,0.0,30
HOSP-BG-016,MED-067,BATCH-0221220,3,2026-06-15,2029-06-14,2026-06-29,36,2.655,1.13,OK,vial,40.0,1081
HOSP-BG-016,MED-067,BATCH-0223925,36,2026-06-27,2029-06-26,2026-06-29,36,2.655,13.56,OK,vial,40.0,1093
HOSP-BG-016,MED-068,BATCH-0222530,7,2026-06-22,2029-06-21,2026-06-29,11,0.779,8.99,LOW_STOCK,vial,180.0,1088
HOSP-BG-016,MED-069,BATCH-0219848,8,2026-06-08,2029-06-07,2026-06-29,20,1.135,7.05,OK,ampoule,95.0,1074
HOSP-BG-016,MED-069,BATCH-0223926,25,2026-06-28,2029-06-27,2026-06-29,20,1.135,22.03,OK,ampoule,95.0,1094
HOSP-BG-016,MED-070,BATCH-0219849,282,2026-06-06,2028-06-05,2026-06-29,150,2.268,124.34,OK,sachet,120.0,707
HOSP-BG-016,MED-071,BATCH-0221221,17,2026-06-15,2028-06-14,2026-06-29,20,0.929,18.3,LOW_STOCK,ampoule,150.0,716
HOSP-BG-016,MED-072,BATCH-0222531,9,2026-06-20,2028-06-19,2026-06-29,18,1.282,7.02,LOW_STOCK,vial,650.0,721
HOSP-BG-017,MED-001,BATCH-0223927,180,2026-06-28,2029-06-27,2026-06-29,100,4.502,39.98,OK,tablet,1.5,1094
HOSP-BG-017,MED-003,BATCH-0219852,113,2026-06-07,2029-06-06,2026-06-29,100,1.979,57.1,OK,tablet,2.5,1073
HOSP-BG-017,MED-004,BATCH-0221224,6,2026-06-13,2028-06-12,2026-06-29,10,0.686,8.75,LOW_STOCK,ampoule,25.0,714
HOSP-BG-017,MED-005,BATCH-0222533,138,2026-06-21,2028-06-20,2026-06-29,100,2.542,54.29,OK,capsule,6.0,722
HOSP-BG-017,MED-006,BATCH-0222534,22,2026-06-20,2028-06-19,2026-06-29,20,1.101,19.98,OK,tablet,35.0,721
HOSP-BG-017,MED-007,BATCH-0222535,1,2026-06-22,2028-06-21,2026-06-29,15,1.002,1.0,LOW_STOCK,tablet,40.0,723
HOSP-BG-017,MED-008,BATCH-0222536,28,2026-06-21,2029-06-20,2026-06-29,20,1.061,26.39,OK,tablet,8.0,1087
HOSP-BG-017,MED-009,BATCH-0222537,10,2026-06-22,2028-06-21,2026-06-29,14,1.012,9.88,LOW_STOCK,vial,85.0,723
HOSP-BG-017,MED-010,BATCH-0219857,111,2026-06-07,2029-06-06,2026-06-29,100,1.462,75.92,OK,tablet,2.0,1073
HOSP-BG-017,MED-011,BATCH-0222538,29,2026-06-21,2029-06-20,2026-06-29,50,2.85,10.18,LOW_STOCK,sachet,8.0,1087
HOSP-BG-017,MED-012,BATCH-0222539,159,2026-06-20,2029-06-19,2026-06-29,100,1.725,92.17,OK,tablet,1.2,1086
HOSP-BG-017,MED-013,BATCH-0221225,12,2026-06-15,2028-06-14,2026-06-29,17,1.227,9.78,LOW_STOCK,bag,55.0,716
HOSP-BG-017,MED-014,BATCH-0223928,16,2026-06-27,2028-06-26,2026-06-29,26,1.895,8.44,LOW_STOCK,bag,45.0,728
HOSP-BG-017,MED-015,BATCH-0219860,2,2026-06-08,2028-06-07,2026-06-29,17,1.214,1.65,OK,bag,48.0,709
HOSP-BG-017,MED-015,BATCH-0222541,17,2026-06-21,2028-06-20,2026-06-29,17,1.214,14.0,OK,bag,48.0,722
HOSP-BG-017,MED-016,BATCH-0222542,43,2026-06-20,2028-06-19,2026-06-29,24,0.407,105.65,OK,tablet,15.0,721
HOSP-BG-017,MED-017,BATCH-0170277,147,2025-08-18,2028-08-17,2026-06-29,100,0.157,936.31,OK,tablet,1.8,780
HOSP-BG-017,MED-020,BATCH-0222544,2,2026-06-21,2028-06-20,2026-06-29,7,0.471,4.25,OK,bottle,55.0,722
HOSP-BG-017,MED-020,BATCH-0223929,7,2026-06-28,2028-06-27,2026-06-29,7,0.471,14.86,OK,bottle,55.0,729
HOSP-BG-017,MED-021,BATCH-0212116,85,2026-04-19,2029-04-18,2026-06-29,100,2.318,36.67,LOW_STOCK,tablet,1.0,1024
HOSP-BG-017,MED-022,BATCH-0211037,61,2026-04-13,2029-04-12,2026-06-29,100,2.252,27.09,OK,tablet,2.5,1018
HOSP-BG-017,MED-022,BATCH-0223930,200,2026-06-28,2029-06-27,2026-06-29,100,2.252,88.81,OK,tablet,2.5,1094
HOSP-BG-017,MED-023,BATCH-0221229,129,2026-06-13,2029-06-12,2026-06-29,100,2.669,48.33,OK,tablet,1.5,1079
HOSP-BG-017,MED-025,BATCH-0221231,171,2026-06-15,2029-06-14,2026-06-29,100,1.322,129.35,OK,tablet,3.0,1081
HOSP-BG-017,MED-026,BATCH-0217461,108,2026-05-25,2029-05-24,2026-06-29,100,1.915,56.4,OK,tablet,0.8,1060
HOSP-BG-017,MED-027,BATCH-0219863,125,2026-06-07,2029-06-06,2026-06-29,100,2.202,56.77,OK,capsule,2.0,1073
HOSP-BG-017,MED-029,BATCH-0219865,150,2026-06-06,2029-06-05,2026-06-29,100,0.725,206.9,OK,tablet,1.5,1072
HOSP-BG-017,MED-030,BATCH-0222545,5,2026-06-21,2029-06-20,2026-06-29,8,0.54,9.26,LOW_STOCK,bottle_100ml,85.0,1087
HOSP-BG-017,MED-031,BATCH-0221233,4,2026-06-14,2031-06-14,2026-06-29,50,3.226,1.24,LOW_STOCK,pair,25.0,1811
HOSP-BG-017,MED-032,BATCH-0221234,74,2026-06-13,2031-06-13,2026-06-29,100,3.959,18.69,OK,piece,5.0,1810
HOSP-BG-017,MED-032,BATCH-0223932,100,2026-06-27,2031-06-27,2026-06-29,100,3.959,25.26,OK,piece,5.0,1824
HOSP-BG-017,MED-033,BATCH-0222546,79,2026-06-21,2031-06-21,2026-06-29,50,1.679,47.05,OK,piece,35.0,1818
HOSP-BG-017,MED-034,BATCH-0217463,9,2026-05-25,2028-05-24,2026-06-29,10,0.256,35.16,LOW_STOCK,vial,25.0,695
HOSP-BG-017,MED-035,BATCH-0219866,4,2026-06-06,2028-06-05,2026-06-29,5,0.133,30.08,LOW_STOCK,vial,350.0,707
HOSP-BG-017,MED-036,BATCH-0219867,180,2026-06-06,2028-06-05,2026-06-29,100,2.435,73.92,OK,tablet,0.5,707
HOSP-BG-017,MED-037,BATCH-0222547,5,2026-06-22,2029-06-21,2026-06-29,5,0.466,10.73,OK,tablet,8.0,1088
HOSP-BG-017,MED-038,BATCH-0223933,18,2026-06-27,2028-06-26,2026-06-29,10,0.532,33.83,OK,ampoule,12.0,728
HOSP-BG-017,MED-039,BATCH-0219869,6,2026-06-07,2029-06-06,2026-06-29,10,0.408,14.71,LOW_STOCK,ampoule,10.0,1073
HOSP-BG-017,MED-040,BATCH-0223934,18,2026-06-29,2029-06-28,2026-06-29,10,0.339,53.1,OK,ampoule,28.0,1095
HOSP-BG-017,MED-041,BATCH-0204540,4,2026-02-28,2028-02-28,2026-06-29,5,0.056,71.43,LOW_STOCK,vial,180.0,609
HOSP-BG-017,MED-042,BATCH-0206750,5,2026-03-16,2028-03-15,2026-06-29,5,0.05,100.0,OK,vial,1200.0,625
HOSP-BG-017,MED-043,BATCH-0197490,3,2026-01-17,2028-01-17,2026-06-29,5,0.05,60.0,OK,vial,3500.0,567
HOSP-BG-017,MED-043,BATCH-0222548,6,2026-06-20,2028-06-19,2026-06-29,5,0.05,120.0,OK,vial,3500.0,721
HOSP-BG-017,MED-044,BATCH-0189338,5,2025-11-29,2027-11-29,2026-06-29,5,0.05,100.0,OK,vial,450.0,518
HOSP-BG-017,MED-045,BATCH-0221236,30,2026-06-13,2028-06-12,2026-06-29,20,0.128,234.38,OK,tablet,15.0,714
HOSP-BG-017,MED-046,BATCH-0208933,5,2026-03-29,2027-09-27,2026-06-29,5,0.05,100.0,OK,prefilled,4500.0,455
HOSP-BG-017,MED-047,BATCH-0223935,90,2026-06-29,2029-06-28,2026-06-29,50,1.311,68.65,OK,sachet,6.0,1095
HOSP-BG-017,MED-048,BATCH-0223936,8,2026-06-27,2028-06-26,2026-06-29,7,0.449,17.82,OK,bottle,65.0,728
HOSP-BG-017,MED-049,BATCH-0212120,149,2026-04-20,2028-04-19,2026-06-29,100,0.587,253.83,OK,capsule,2.0,660
HOSP-BG-017,MED-050,BATCH-0223937,16,2026-06-28,2028-06-27,2026-06-29,10,0.4,40.0,OK,vial,120.0,729
HOSP-BG-017,MED-051,BATCH-0222549,14,2026-06-22,2028-06-21,2026-06-29,10,0.313,44.73,OK,vial,80.0,723
HOSP-BG-017,MED-052,BATCH-0221237,10,2026-06-15,2028-06-14,2026-06-29,12,0.877,11.4,LOW_STOCK,kit,25.0,716
HOSP-BG-017,MED-053,BATCH-0219872,4,2026-06-08,2028-06-07,2026-06-29,10,0.581,6.88,OK,ampoule,35.0,709
HOSP-BG-017,MED-053,BATCH-0223938,10,2026-06-27,2028-06-26,2026-06-29,10,0.581,17.21,OK,ampoule,35.0,728
HOSP-BG-017,MED-054,BATCH-0223939,5,2026-06-27,2028-06-26,2026-06-29,4,0.304,16.45,OK,tablet,20.0,728
HOSP-BG-017,MED-055,BATCH-0214174,9,2026-05-04,2029-05-03,2026-06-29,10,0.219,41.1,LOW_STOCK,ampoule,18.0,1039
HOSP-BG-017,MED-056,BATCH-0223940,6,2026-06-27,2029-06-26,2026-06-29,5,0.157,38.22,OK,ampoule,45.0,1093
HOSP-BG-017,MED-057,BATCH-0217470,1,2026-05-24,2028-05-23,2026-06-29,5,0.168,5.95,OK,bottle,55.0,694
HOSP-BG-017,MED-057,BATCH-0221238,6,2026-06-15,2028-06-14,2026-06-29,5,0.168,35.71,OK,bottle,55.0,716
HOSP-BG-017,MED-058,BATCH-0218563,2,2026-06-01,2028-05-31,2026-06-29,5,0.124,16.13,OK,bottle,90.0,702
HOSP-BG-017,MED-058,BATCH-0223941,5,2026-06-29,2028-06-28,2026-06-29,5,0.124,40.32,OK,bottle,90.0,730
HOSP-BG-017,MED-059,BATCH-0215289,5,2026-05-09,2028-05-08,2026-06-29,5,0.105,47.62,OK,bottle,70.0,679
HOSP-BG-017,MED-060,BATCH-0213168,1,2026-04-25,2028-04-24,2026-06-29,5,0.066,15.15,OK,vial,2500.0,665
HOSP-BG-017,MED-060,BATCH-0217471,5,2026-05-25,2028-05-24,2026-06-29,5,0.066,75.76,OK,vial,2500.0,695
HOSP-BG-017,MED-061,BATCH-0219873,11,2026-06-07,2028-06-06,2026-06-29,10,0.177,62.15,OK,ampoule,25.0,708
HOSP-BG-017,MED-062,BATCH-0217472,13,2026-05-23,2029-05-22,2026-06-29,10,0.169,76.92,OK,ampoule,12.0,1058
HOSP-BG-017,MED-063,BATCH-0219874,2,2026-06-08,2028-06-07,2026-06-29,5,0.099,20.2,LOW_STOCK,vial,850.0,709
HOSP-BG-017,MED-064,BATCH-0222550,9,2026-06-21,2031-06-21,2026-06-29,12,0.765,11.76,LOW_STOCK,roll,80.0,1818
HOSP-BG-017,MED-065,BATCH-0223942,5,2026-06-27,2026-07-27,2026-06-29,3,0.211,23.7,OK,unit,0.0,28
HOSP-BG-017,MED-066,BATCH-0222551,3,2026-06-21,2026-07-21,2026-06-29,3,0.179,16.76,OK,unit,0.0,22
HOSP-BG-017,MED-067,BATCH-0221239,2,2026-06-15,2029-06-14,2026-06-29,8,0.54,3.7,OK,vial,40.0,1081
HOSP-BG-017,MED-067,BATCH-0223943,8,2026-06-27,2029-06-26,2026-06-29,8,0.54,14.81,OK,vial,40.0,1093
HOSP-BG-017,MED-068,BATCH-0219877,5,2026-06-07,2029-06-06,2026-06-29,5,0.145,34.48,OK,vial,180.0,1073
HOSP-BG-017,MED-069,BATCH-0222552,8,2026-06-21,2029-06-20,2026-06-29,5,0.198,40.4,OK,ampoule,95.0,1087
HOSP-BG-017,MED-070,BATCH-0164625,97,2025-07-19,2027-07-19,2026-06-29,150,0.478,202.93,OK,sachet,120.0,385
HOSP-BG-017,MED-070,BATCH-0212127,150,2026-04-19,2028-04-18,2026-06-29,150,0.478,313.81,OK,sachet,120.0,659
HOSP-BG-017,MED-071,BATCH-0211046,7,2026-04-11,2028-04-10,2026-06-29,10,0.127,55.12,OK,ampoule,150.0,651
HOSP-BG-017,MED-071,BATCH-0222553,10,2026-06-20,2028-06-19,2026-06-29,10,0.127,78.74,OK,ampoule,150.0,721
HOSP-BG-017,MED-072,BATCH-0221240,6,2026-06-13,2028-06-12,2026-06-29,5,0.251,23.9,OK,vial,650.0,714
HOSP-BG-018,MED-001,BATCH-0223944,215,2026-06-29,2029-06-28,2026-06-29,100,7.153,30.06,OK,tablet,1.5,1095
HOSP-BG-018,MED-002,BATCH-0223945,15,2026-06-27,2028-06-26,2026-06-29,16,1.145,13.1,LOW_STOCK,bottle,45.0,728
HOSP-BG-018,MED-003,BATCH-0218566,94,2026-05-30,2029-05-29,2026-06-29,100,2.829,33.23,LOW_STOCK,tablet,2.5,1065
HOSP-BG-018,MED-004,BATCH-0224423,8,2026-05-18,2028-05-17,2026-06-29,10,0.958,8.35,LOW_STOCK,ampoule,25.0,688
HOSP-BG-018,MED-005,BATCH-0219881,3,2026-06-07,2028-06-06,2026-06-29,100,4.293,0.7,OK,capsule,6.0,708
HOSP-BG-018,MED-005,BATCH-0223946,200,2026-06-27,2028-06-26,2026-06-29,100,4.293,46.59,OK,capsule,6.0,728
HOSP-BG-018,MED-006,BATCH-0221242,7,2026-06-15,2028-06-14,2026-06-29,20,1.447,4.84,LOW_STOCK,tablet,35.0,716
HOSP-BG-018,MED-007,BATCH-0222555,7,2026-06-20,2028-06-19,2026-06-29,18,1.25,5.6,LOW_STOCK,tablet,40.0,721
HOSP-BG-018,MED-008,BATCH-0222556,20,2026-06-20,2029-06-19,2026-06-29,20,1.866,10.72,OK,tablet,8.0,1086
HOSP-BG-018,MED-009,BATCH-0222557,15,2026-06-22,2028-06-21,2026-06-29,21,1.485,10.1,LOW_STOCK,vial,85.0,723
HOSP-BG-018,MED-010,BATCH-0221245,160,2026-06-14,2029-06-13,2026-06-29,100,2.445,65.44,OK,tablet,2.0,1080
HOSP-BG-018,MED-011,BATCH-0222558,14,2026-06-22,2029-06-21,2026-06-29,50,3.417,4.1,LOW_STOCK,sachet,8.0,1088
HOSP-BG-018,MED-012,BATCH-0223947,180,2026-06-28,2029-06-27,2026-06-29,100,1.979,90.96,OK,tablet,1.2,1094
HOSP-BG-018,MED-013,BATCH-0223948,23,2026-06-29,2028-06-28,2026-06-29,22,1.586,14.5,OK,bag,55.0,730
HOSP-BG-018,MED-014,BATCH-0223949,12,2026-06-29,2028-06-28,2026-06-29,35,2.583,4.65,LOW_STOCK,bag,45.0,730
HOSP-BG-018,MED-015,BATCH-0222561,18,2026-06-20,2028-06-19,2026-06-29,23,1.666,10.8,LOW_STOCK,bag,48.0,721
HOSP-BG-018,MED-016,BATCH-0221246,38,2026-06-14,2028-06-13,2026-06-29,24,0.556,68.35,OK,tablet,15.0,715
HOSP-BG-018,MED-017,BATCH-0157730,101,2025-06-14,2028-06-13,2026-06-29,100,0.213,474.18,OK,tablet,1.8,715
HOSP-BG-018,MED-018,BATCH-0219889,1,2026-06-08,2028-06-07,2026-06-29,9,0.609,1.64,OK,unit,180.0,709
HOSP-BG-018,MED-018,BATCH-0222562,9,2026-06-20,2028-06-19,2026-06-29,9,0.609,14.78,OK,unit,180.0,721
HOSP-BG-018,MED-019,BATCH-0223950,18,2026-06-27,2028-06-26,2026-06-29,10,0.793,22.7,OK,ampoule,30.0,728
HOSP-BG-018,MED-020,BATCH-0223951,4,2026-06-28,2028-06-27,2026-06-29,16,1.163,3.44,LOW_STOCK,bottle,55.0,729
HOSP-BG-018,MED-021,BATCH-0222563,161,2026-06-22,2029-06-21,2026-06-29,100,3.786,42.53,OK,tablet,1.0,1088
HOSP-BG-018,MED-022,BATCH-0212138,32,2026-04-20,2029-04-19,2026-06-29,100,3.139,10.19,OK,tablet,2.5,1025
HOSP-BG-018,MED-022,BATCH-0222564,200,2026-06-22,2029-06-21,2026-06-29,100,3.139,63.71,OK,tablet,2.5,1088
HOSP-BG-018,MED-023,BATCH-0223952,180,2026-06-27,2029-06-26,2026-06-29,100,3.105,57.97,OK,tablet,1.5,1093
HOSP-BG-018,MED-024,BATCH-0222565,2,2026-06-22,2028-06-21,2026-06-29,7,0.458,4.37,OK,vial,450.0,723
HOSP-BG-018,MED-024,BATCH-0223953,7,2026-06-28,2028-06-27,2026-06-29,7,0.458,15.28,OK,vial,450.0,729
HOSP-BG-018,MED-025,BATCH-0222566,180,2026-06-20,2029-06-19,2026-06-29,100,2.405,74.84,OK,tablet,3.0,1086
HOSP-BG-018,MED-026,BATCH-0216390,122,2026-05-18,2029-05-17,2026-06-29,100,2.426,50.29,OK,tablet,0.8,1053
HOSP-BG-018,MED-027,BATCH-0219890,65,2026-06-08,2029-06-07,2026-06-29,100,3.056,21.27,LOW_STOCK,capsule,2.0,1074
HOSP-BG-018,MED-029,BATCH-0223954,180,2026-06-28,2029-06-27,2026-06-29,100,0.913,197.15,OK,tablet,1.5,1094
HOSP-BG-018,MED-030,BATCH-0223955,12,2026-06-29,2029-06-28,2026-06-29,10,0.727,16.51,OK,bottle_100ml,85.0,1095
HOSP-BG-018,MED-031,BATCH-0222567,38,2026-06-21,2031-06-21,2026-06-29,50,2.572,14.77,LOW_STOCK,pair,25.0,1818
HOSP-BG-018,MED-032,BATCH-0217481,9,2026-05-24,2031-05-24,2026-06-29,100,3.448,2.61,OK,piece,5.0,1790
HOSP-BG-018,MED-032,BATCH-0222568,100,2026-06-20,2031-06-20,2026-06-29,100,3.448,29.0,OK,piece,5.0,1817
HOSP-BG-018,MED-033,BATCH-0218574,50,2026-05-30,2031-05-30,2026-06-29,50,1.283,38.97,OK,piece,35.0,1796
HOSP-BG-018,MED-034,BATCH-0217482,10,2026-05-25,2028-05-24,2026-06-29,10,0.234,42.74,OK,vial,25.0,695
HOSP-BG-018,MED-035,BATCH-0221252,1,2026-06-15,2028-06-14,2026-06-29,5,0.136,7.35,OK,vial,350.0,716
HOSP-BG-018,MED-035,BATCH-0222569,5,2026-06-21,2028-06-20,2026-06-29,5,0.136,36.76,OK,vial,350.0,722
HOSP-BG-018,MED-036,BATCH-0211056,100,2026-04-12,2028-04-11,2026-06-29,100,0.736,135.87,OK,tablet,0.5,652
HOSP-BG-018,MED-037,BATCH-0223956,10,2026-06-28,2029-06-27,2026-06-29,6,0.598,16.72,OK,tablet,8.0,1094
HOSP-BG-018,MED-038,BATCH-0222571,1,2026-06-21,2028-06-20,2026-06-29,10,0.728,1.37,LOW_STOCK,ampoule,12.0,722
HOSP-BG-018,MED-039,BATCH-0222572,16,2026-06-21,2029-06-20,2026-06-29,10,0.589,27.16,OK,ampoule,10.0,1087
HOSP-BG-018,MED-040,BATCH-0221253,12,2026-06-14,2029-06-13,2026-06-29,10,0.517,23.21,OK,ampoule,28.0,1080
HOSP-BG-018,MED-041,BATCH-0216396,4,2026-05-17,2028-05-16,2026-06-29,5,0.055,72.73,LOW_STOCK,vial,180.0,687
HOSP-BG-018,MED-042,BATCH-0199968,3,2026-02-02,2028-02-02,2026-06-29,5,0.05,60.0,OK,vial,1200.0,583
HOSP-BG-018,MED-042,BATCH-0215300,5,2026-05-09,2028-05-08,2026-06-29,5,0.05,100.0,OK,vial,1200.0,679
HOSP-BG-018,MED-043,BATCH-0204556,5,2026-03-02,2028-03-01,2026-06-29,5,0.05,100.0,OK,vial,3500.0,611
HOSP-BG-018,MED-044,BATCH-0187214,3,2025-11-16,2027-11-16,2026-06-29,5,0.05,60.0,OK,vial,450.0,505
HOSP-BG-018,MED-044,BATCH-0221254,5,2026-06-15,2028-06-14,2026-06-29,5,0.05,100.0,OK,vial,450.0,716
HOSP-BG-018,MED-045,BATCH-0221255,32,2026-06-15,2028-06-14,2026-06-29,20,0.131,244.27,OK,tablet,15.0,716
HOSP-BG-018,MED-046,BATCH-0204557,6,2026-03-02,2027-08-31,2026-06-29,5,0.05,120.0,OK,prefilled,4500.0,428
HOSP-BG-018,MED-047,BATCH-0222573,61,2026-06-20,2029-06-19,2026-06-29,50,2.797,21.81,OK,sachet,6.0,1086
HOSP-BG-018,MED-048,BATCH-0223957,3,2026-06-27,2028-06-26,2026-06-29,14,1.027,2.92,LOW_STOCK,bottle,65.0,728
HOSP-BG-018,MED-049,BATCH-0205635,78,2026-03-08,2028-03-07,2026-06-29,100,1.092,71.43,OK,capsule,2.0,617
HOSP-BG-018,MED-049,BATCH-0223958,300,2026-06-27,2028-06-26,2026-06-29,100,1.092,274.73,OK,capsule,2.0,728
HOSP-BG-018,MED-050,BATCH-0219897,6,2026-06-06,2028-06-05,2026-06-29,10,0.411,14.6,LOW_STOCK,vial,120.0,707
HOSP-BG-018,MED-051,BATCH-0223959,18,2026-06-28,2028-06-27,2026-06-29,10,0.327,55.05,OK,vial,80.0,729
HOSP-BG-018,MED-052,BATCH-0223960,20,2026-06-27,2028-06-26,2026-06-29,21,1.523,13.13,LOW_STOCK,kit,25.0,728
HOSP-BG-018,MED-053,BATCH-0217484,9,2026-05-25,2028-05-24,2026-06-29,10,0.19,47.37,LOW_STOCK,ampoule,35.0,695
HOSP-BG-018,MED-054,BATCH-0223961,8,2026-06-27,2028-06-26,2026-06-29,4,0.131,61.07,OK,tablet,20.0,728
HOSP-BG-018,MED-055,BATCH-0212144,11,2026-04-18,2029-04-17,2026-06-29,10,0.086,127.91,OK,ampoule,18.0,1023
HOSP-BG-018,MED-056,BATCH-0221258,9,2026-06-15,2029-06-14,2026-06-29,5,0.078,115.38,OK,ampoule,45.0,1081
HOSP-BG-018,MED-057,BATCH-0221259,6,2026-06-13,2028-06-12,2026-06-29,15,1.043,5.75,OK,bottle,55.0,714
HOSP-BG-018,MED-057,BATCH-0223962,15,2026-06-29,2028-06-28,2026-06-29,15,1.043,14.38,OK,bottle,55.0,730
HOSP-BG-018,MED-058,BATCH-0223963,8,2026-06-29,2028-06-28,2026-06-29,9,0.627,12.76,LOW_STOCK,bottle,90.0,730
HOSP-BG-018,MED-059,BATCH-0223964,9,2026-06-27,2028-06-26,2026-06-29,8,0.543,16.57,OK,bottle,70.0,728
HOSP-BG-018,MED-060,BATCH-0208956,4,2026-03-28,2028-03-27,2026-06-29,5,0.05,80.0,LOW_STOCK,vial,2500.0,637
HOSP-BG-018,MED-061,BATCH-0222576,16,2026-06-20,2028-06-19,2026-06-29,10,0.12,133.33,OK,ampoule,25.0,721
HOSP-BG-018,MED-062,BATCH-0208957,5,2026-03-29,2029-03-28,2026-06-29,10,0.084,59.52,OK,ampoule,12.0,1003
HOSP-BG-018,MED-062,BATCH-0223965,30,2026-06-28,2029-06-27,2026-06-29,10,0.084,357.14,OK,ampoule,12.0,1094
HOSP-BG-018,MED-063,BATCH-0216400,4,2026-05-16,2028-05-15,2026-06-29,5,0.061,65.57,LOW_STOCK,vial,850.0,686
HOSP-BG-018,MED-064,BATCH-0222577,5,2026-06-21,2031-06-21,2026-06-29,12,0.541,9.24,LOW_STOCK,roll,80.0,1818
HOSP-BG-018,MED-065,BATCH-0219901,2,2026-06-06,2026-07-06,2026-06-29,3,0.315,6.35,LOW_STOCK,unit,0.0,7
HOSP-BG-018,MED-066,BATCH-0222578,2,2026-06-21,2026-07-21,2026-06-29,3,0.202,9.9,LOW_STOCK,unit,0.0,22
HOSP-BG-018,MED-067,BATCH-0222579,6,2026-06-22,2029-06-21,2026-06-29,10,0.723,8.3,LOW_STOCK,vial,40.0,1088
HOSP-BG-018,MED-068,BATCH-0222580,4,2026-06-20,2029-06-19,2026-06-29,5,0.203,19.7,LOW_STOCK,vial,180.0,1086
HOSP-BG-018,MED-069,BATCH-0218580,2,2026-06-01,2029-05-31,2026-06-29,5,0.278,7.19,OK,ampoule,95.0,1067
HOSP-BG-018,MED-069,BATCH-0221261,5,2026-06-13,2029-06-12,2026-06-29,5,0.278,17.99,OK,ampoule,95.0,1079
HOSP-BG-018,MED-070,BATCH-0191619,121,2025-12-14,2027-12-14,2026-06-29,150,0.715,169.23,OK,sachet,120.0,533
HOSP-BG-018,MED-070,BATCH-0222581,150,2026-06-22,2028-06-21,2026-06-29,150,0.715,209.79,OK,sachet,120.0,723
HOSP-BG-018,MED-071,BATCH-0216405,8,2026-05-16,2028-05-15,2026-06-29,10,0.194,41.24,OK,ampoule,150.0,686
HOSP-BG-018,MED-071,BATCH-0223966,10,2026-06-29,2028-06-28,2026-06-29,10,0.194,51.55,OK,ampoule,150.0,730
HOSP-BG-018,MED-072,BATCH-0221262,1,2026-06-14,2028-06-13,2026-06-29,5,0.335,2.99,LOW_STOCK,vial,650.0,715
HOSP-BG-019,MED-002,BATCH-0222583,96,2026-06-22,2028-06-21,2026-06-29,280,20.719,4.63,LOW_STOCK,bottle,45.0,723
HOSP-BG-019,MED-003,BATCH-0221264,135,2026-06-13,2029-06-12,2026-06-29,400,39.91,3.38,LOW_STOCK,tablet,2.5,1079
HOSP-BG-019,MED-004,BATCH-0223967,171,2026-06-27,2028-06-26,2026-06-29,130,12.867,13.29,OK,ampoule,25.0,728
HOSP-BG-019,MED-005,BATCH-0222584,139,2026-06-22,2028-06-21,2026-06-29,500,48.893,2.84,LOW_STOCK,capsule,6.0,723
HOSP-BG-019,MED-006,BATCH-0222585,132,2026-06-20,2028-06-19,2026-06-29,320,23.655,5.58,LOW_STOCK,tablet,35.0,721
HOSP-BG-019,MED-007,BATCH-0222586,173,2026-06-20,2028-06-19,2026-06-29,267,19.578,8.84,LOW_STOCK,tablet,40.0,721
HOSP-BG-019,MED-008,BATCH-0222587,169,2026-06-20,2029-06-19,2026-06-29,310,30.863,5.48,LOW_STOCK,tablet,8.0,1086
HOSP-BG-019,MED-009,BATCH-0222588,75,2026-06-22,2028-06-21,2026-06-29,314,23.21,3.23,OK,vial,85.0,723
HOSP-BG-019,MED-009,BATCH-0223968,314,2026-06-28,2028-06-27,2026-06-29,314,23.21,13.53,OK,vial,85.0,729
HOSP-BG-019,MED-013,BATCH-0221269,73,2026-06-14,2028-06-13,2026-06-29,316,23.375,3.12,OK,bag,55.0,715
HOSP-BG-019,MED-013,BATCH-0223969,316,2026-06-28,2028-06-27,2026-06-29,316,23.375,13.52,OK,bag,55.0,729
HOSP-BG-019,MED-014,BATCH-0223970,280,2026-06-28,2028-06-27,2026-06-29,552,40.858,6.85,LOW_STOCK,bag,45.0,729
HOSP-BG-019,MED-015,BATCH-0222591,127,2026-06-21,2028-06-20,2026-06-29,321,23.722,5.35,LOW_STOCK,bag,48.0,722
HOSP-BG-019,MED-016,BATCH-0221272,46,2026-06-14,2028-06-13,2026-06-29,96,7.742,5.94,LOW_STOCK,tablet,15.0,715
HOSP-BG-019,MED-017,BATCH-0214203,196,2026-05-04,2029-05-03,2026-06-29,100,3.764,52.07,OK,tablet,1.8,1039
HOSP-BG-019,MED-018,BATCH-0223971,107,2026-06-27,2028-06-26,2026-06-29,120,8.869,12.06,LOW_STOCK,unit,180.0,728
HOSP-BG-019,MED-019,BATCH-0222592,61,2026-06-21,2028-06-20,2026-06-29,110,10.435,5.85,LOW_STOCK,ampoule,30.0,722
HOSP-BG-019,MED-020,BATCH-0222593,61,2026-06-21,2028-06-20,2026-06-29,175,12.898,4.73,LOW_STOCK,bottle,55.0,722
HOSP-BG-019,MED-021,BATCH-0222594,450,2026-06-20,2029-06-19,2026-06-29,400,49.064,9.17,OK,tablet,1.0,1086
HOSP-BG-019,MED-022,BATCH-0222595,181,2026-06-22,2029-06-21,2026-06-29,400,37.607,4.81,LOW_STOCK,tablet,2.5,1088
HOSP-BG-019,MED-023,BATCH-0221274,100,2026-06-13,2029-06-12,2026-06-29,600,55.289,1.81,OK,tablet,1.5,1079
HOSP-BG-019,MED-023,BATCH-0223972,1000,2026-06-27,2029-06-26,2026-06-29,600,55.289,18.09,OK,tablet,1.5,1093
HOSP-BG-019,MED-024,BATCH-0222596,11,2026-06-22,2028-06-21,2026-06-29,104,7.633,1.44,LOW_STOCK,vial,450.0,723
HOSP-BG-019,MED-025,BATCH-0221275,240,2026-06-13,2029-06-12,2026-06-29,300,28.541,8.41,LOW_STOCK,tablet,3.0,1079
HOSP-BG-019,MED-026,BATCH-0222597,346,2026-06-20,2029-06-19,2026-06-29,300,31.225,11.08,OK,tablet,0.8,1086
HOSP-BG-019,MED-027,BATCH-0222598,218,2026-06-20,2029-06-19,2026-06-29,500,42.892,5.08,LOW_STOCK,capsule,2.0,1086
HOSP-BG-019,MED-028,BATCH-0223973,288,2026-06-29,2029-06-28,2026-06-29,180,17.56,16.4,OK,tablet,6.0,1095
HOSP-BG-019,MED-029,BATCH-0223974,56,2026-06-27,2029-06-26,2026-06-29,100,12.442,4.5,LOW_STOCK,tablet,1.5,1093
HOSP-BG-019,MED-030,BATCH-0222599,67,2026-06-21,2029-06-20,2026-06-29,159,11.728,5.71,LOW_STOCK,bottle_100ml,85.0,1087
HOSP-BG-019,MED-031,BATCH-0223975,1186,2026-06-29,2031-06-29,2026-06-29,1050,77.226,15.36,OK,pair,25.0,1826
HOSP-BG-019,MED-032,BATCH-0221279,22,2026-06-15,2031-06-15,2026-06-29,1200,87.539,0.25,OK,piece,5.0,1812
HOSP-BG-019,MED-032,BATCH-0223976,1200,2026-06-27,2031-06-27,2026-06-29,1200,87.539,13.71,OK,piece,5.0,1824
HOSP-BG-019,MED-033,BATCH-0222600,310,2026-06-22,2031-06-22,2026-06-29,450,30.585,10.14,LOW_STOCK,piece,35.0,1819
HOSP-BG-019,MED-034,BATCH-0222601,54,2026-06-20,2028-06-19,2026-06-29,70,6.916,7.81,LOW_STOCK,vial,25.0,721
HOSP-BG-019,MED-035,BATCH-0222602,18,2026-06-20,2028-06-19,2026-06-29,36,2.635,6.83,OK,vial,350.0,721
HOSP-BG-019,MED-035,BATCH-0223977,36,2026-06-27,2028-06-26,2026-06-29,36,2.635,13.66,OK,vial,350.0,728
HOSP-BG-019,MED-036,BATCH-0222603,249,2026-06-22,2028-06-21,2026-06-29,300,39.522,6.3,LOW_STOCK,tablet,0.5,723
HOSP-BG-019,MED-037,BATCH-0222604,119,2026-06-22,2029-06-21,2026-06-29,95,9.419,12.63,OK,tablet,8.0,1088
HOSP-BG-019,MED-038,BATCH-0222605,44,2026-06-20,2028-06-19,2026-06-29,110,10.791,4.08,LOW_STOCK,ampoule,12.0,721
HOSP-BG-019,MED-039,BATCH-0223978,90,2026-06-27,2029-06-26,2026-06-29,80,7.482,12.03,OK,ampoule,10.0,1093
HOSP-BG-019,MED-040,BATCH-0223979,55,2026-06-27,2029-06-26,2026-06-29,80,7.445,7.39,LOW_STOCK,ampoule,28.0,1093
HOSP-BG-019,MED-041,BATCH-0222606,8,2026-06-21,2028-06-20,2026-06-29,15,1.094,7.31,LOW_STOCK,vial,180.0,722
HOSP-BG-019,MED-043,BATCH-0222608,6,2026-06-20,2028-06-19,2026-06-29,7,0.468,12.82,LOW_STOCK,vial,3500.0,721
HOSP-BG-019,MED-044,BATCH-0221283,4,2026-06-14,2028-06-13,2026-06-29,9,0.619,6.46,OK,vial,450.0,715
HOSP-BG-019,MED-044,BATCH-0223980,9,2026-06-27,2028-06-26,2026-06-29,9,0.619,14.54,OK,vial,450.0,728
HOSP-BG-019,MED-045,BATCH-0223981,80,2026-06-27,2028-06-26,2026-06-29,40,2.154,37.14,OK,tablet,15.0,728
HOSP-BG-019,MED-046,BATCH-0217506,1,2026-05-24,2027-11-22,2026-06-29,5,0.356,2.81,OK,prefilled,4500.0,511
HOSP-BG-019,MED-046,BATCH-0222609,6,2026-06-20,2027-12-19,2026-06-29,5,0.356,16.85,OK,prefilled,4500.0,538
HOSP-BG-019,MED-047,BATCH-0223982,285,2026-06-27,2029-06-26,2026-06-29,300,28.709,9.93,LOW_STOCK,sachet,6.0,1093
HOSP-BG-019,MED-048,BATCH-0222610,62,2026-06-21,2028-06-20,2026-06-29,168,12.388,5.0,LOW_STOCK,bottle,65.0,722
HOSP-BG-019,MED-049,BATCH-0222611,12,2026-06-20,2028-06-19,2026-06-29,100,11.967,1.0,LOW_STOCK,capsule,2.0,721
HOSP-BG-019,MED-050,BATCH-0222612,102,2026-06-22,2028-06-21,2026-06-29,130,9.164,11.13,LOW_STOCK,vial,120.0,723
HOSP-BG-019,MED-051,BATCH-0222613,54,2026-06-21,2028-06-20,2026-06-29,100,6.864,7.87,LOW_STOCK,vial,80.0,722
HOSP-BG-019,MED-052,BATCH-0222614,73,2026-06-21,2028-06-20,2026-06-29,215,15.896,4.59,OK,kit,25.0,722
HOSP-BG-019,MED-052,BATCH-0223983,215,2026-06-28,2028-06-27,2026-06-29,215,15.896,13.53,OK,kit,25.0,729
HOSP-BG-019,MED-053,BATCH-0223984,218,2026-06-28,2028-06-27,2026-06-29,190,13.81,15.79,OK,ampoule,35.0,729
HOSP-BG-019,MED-054,BATCH-0222615,41,2026-06-21,2028-06-20,2026-06-29,88,8.77,4.68,LOW_STOCK,tablet,20.0,722
HOSP-BG-019,MED-055,BATCH-0223985,58,2026-06-28,2029-06-27,2026-06-29,60,5.442,10.66,LOW_STOCK,ampoule,18.0,1094
HOSP-BG-019,MED-056,BATCH-0221289,20,2026-06-14,2029-06-13,2026-06-29,45,4.157,4.81,LOW_STOCK,ampoule,45.0,1080
HOSP-BG-019,MED-057,BATCH-0222616,6,2026-06-20,2028-06-19,2026-06-29,44,3.243,1.85,OK,bottle,55.0,721
HOSP-BG-019,MED-057,BATCH-0223986,51,2026-06-29,2028-06-28,2026-06-29,44,3.243,15.73,OK,bottle,55.0,730
HOSP-BG-019,MED-058,BATCH-0222617,24,2026-06-20,2028-06-19,2026-06-29,30,2.176,11.03,LOW_STOCK,bottle,90.0,721
HOSP-BG-019,MED-059,BATCH-0222618,9,2026-06-21,2028-06-20,2026-06-29,29,2.115,4.26,LOW_STOCK,bottle,70.0,722
HOSP-BG-019,MED-060,BATCH-0222619,16,2026-06-21,2028-06-20,2026-06-29,23,1.655,9.67,LOW_STOCK,vial,2500.0,722
HOSP-BG-019,MED-061,BATCH-0223987,66,2026-06-28,2028-06-27,2026-06-29,50,4.457,14.81,OK,ampoule,25.0,729
HOSP-BG-019,MED-062,BATCH-0222620,22,2026-06-21,2029-06-20,2026-06-29,30,3.055,7.2,LOW_STOCK,ampoule,12.0,1087
HOSP-BG-019,MED-063,BATCH-0223988,19,2026-06-29,2028-06-28,2026-06-29,30,2.162,8.79,LOW_STOCK,vial,850.0,730
HOSP-BG-019,MED-064,BATCH-0222621,115,2026-06-22,2031-06-22,2026-06-29,252,18.012,6.38,LOW_STOCK,roll,80.0,1819
HOSP-BG-019,MED-065,BATCH-0221292,7,2026-06-13,2026-07-13,2026-06-29,30,3.974,1.76,LOW_STOCK,unit,0.0,14
HOSP-BG-019,MED-066,BATCH-0222622,15,2026-06-20,2026-07-20,2026-06-29,19,2.497,6.01,LOW_STOCK,unit,0.0,21
HOSP-BG-019,MED-067,BATCH-0222623,71,2026-06-20,2029-06-19,2026-06-29,117,8.622,8.23,OK,vial,40.0,1086
HOSP-BG-019,MED-067,BATCH-0223989,117,2026-06-28,2029-06-27,2026-06-29,117,8.622,13.57,OK,vial,40.0,1094
HOSP-BG-019,MED-068,BATCH-0223990,45,2026-06-27,2029-06-26,2026-06-29,34,2.511,17.92,OK,vial,180.0,1093
HOSP-BG-019,MED-069,BATCH-0223991,79,2026-06-29,2029-06-28,2026-06-29,65,4.532,17.43,OK,ampoule,95.0,1095
HOSP-BG-019,MED-070,BATCH-0219942,67,2026-06-07,2028-06-06,2026-06-29,150,8.42,7.96,OK,sachet,120.0,708
HOSP-BG-019,MED-070,BATCH-0223992,150,2026-06-27,2028-06-26,2026-06-29,150,8.42,17.81,OK,sachet,120.0,728
HOSP-BG-019,MED-071,BATCH-0222624,28,2026-06-22,2028-06-21,2026-06-29,50,3.1,9.03,LOW_STOCK,ampoule,150.0,723
HOSP-BG-019,MED-072,BATCH-0222625,39,2026-06-20,2028-06-19,2026-06-29,83,6.087,6.41,OK,vial,650.0,721
HOSP-BG-019,MED-072,BATCH-0223993,83,2026-06-28,2028-06-27,2026-06-29,83,6.087,13.64,OK,vial,650.0,729
HOSP-KP-001,MED-001,BATCH-0223994,3666,2026-06-28,2029-06-27,2026-06-29,3200,313.676,11.69,OK,tablet,1.5,1094
HOSP-KP-001,MED-002,BATCH-0223995,952,2026-06-27,2028-06-26,2026-06-29,708,52.375,18.18,OK,bottle,45.0,728
HOSP-KP-001,MED-003,BATCH-0223996,1788,2026-06-29,2029-06-28,2026-06-29,1100,106.004,16.87,OK,tablet,2.5,1095
HOSP-KP-001,MED-004,BATCH-0223997,497,2026-06-29,2028-06-28,2026-06-29,350,34.986,14.21,OK,ampoule,25.0,730
HOSP-KP-001,MED-005,BATCH-0223998,1785,2026-06-28,2028-06-27,2026-06-29,1400,132.015,13.52,OK,capsule,6.0,729
HOSP-KP-001,MED-006,BATCH-0223999,485,2026-06-27,2028-06-26,2026-06-29,820,60.543,8.01,LOW_STOCK,tablet,35.0,728
HOSP-KP-001,MED-007,BATCH-0224000,717,2026-06-28,2028-06-27,2026-06-29,609,45.074,15.91,OK,tablet,40.0,729
HOSP-KP-001,MED-008,BATCH-0222626,129,2026-06-20,2029-06-19,2026-06-29,720,71.167,1.81,LOW_STOCK,tablet,8.0,1086
HOSP-KP-001,MED-009,BATCH-0224001,708,2026-06-28,2028-06-27,2026-06-29,840,62.168,11.39,LOW_STOCK,vial,85.0,729
HOSP-KP-001,MED-010,BATCH-0224002,705,2026-06-27,2029-06-26,2026-06-29,600,69.121,10.2,OK,tablet,2.0,1093
HOSP-KP-001,MED-011,BATCH-0224003,1928,2026-06-28,2029-06-27,2026-06-29,2100,152.595,12.63,LOW_STOCK,sachet,8.0,1094
HOSP-KP-001,MED-012,BATCH-0224424,60,2026-04-13,2029-04-12,2026-06-29,700,81.155,0.74,LOW_STOCK,tablet,1.2,1018
HOSP-KP-001,MED-013,BATCH-0222629,12,2026-06-22,2028-06-21,2026-06-29,982,72.735,0.16,OK,bag,55.0,723
HOSP-KP-001,MED-013,BATCH-0224004,982,2026-06-29,2028-06-28,2026-06-29,982,72.735,13.5,OK,bag,55.0,730
HOSP-KP-001,MED-014,BATCH-0224005,1836,2026-06-28,2028-06-27,2026-06-29,1568,116.095,15.81,OK,bag,45.0,729
HOSP-KP-001,MED-015,BATCH-0222630,200,2026-06-21,2028-06-20,2026-06-29,799,59.157,3.38,LOW_STOCK,bag,48.0,722
HOSP-KP-001,MED-016,BATCH-0221307,15,2026-06-14,2028-06-13,2026-06-29,240,22.435,0.67,OK,tablet,15.0,715
HOSP-KP-001,MED-016,BATCH-0224006,360,2026-06-29,2028-06-28,2026-06-29,240,22.435,16.05,OK,tablet,15.0,730
HOSP-KP-001,MED-017,BATCH-0224007,299,2026-06-29,2029-06-28,2026-06-29,100,7.506,39.83,OK,tablet,1.8,1095
HOSP-KP-001,MED-018,BATCH-0224008,459,2026-06-29,2028-06-28,2026-06-29,357,26.435,17.36,OK,unit,180.0,730
HOSP-KP-001,MED-019,BATCH-0224009,365,2026-06-28,2028-06-27,2026-06-29,280,27.956,13.06,OK,ampoule,30.0,729
HOSP-KP-001,MED-020,BATCH-0222632,41,2026-06-21,2028-06-20,2026-06-29,419,30.97,1.32,OK,bottle,55.0,722
HOSP-KP-001,MED-020,BATCH-0224010,419,2026-06-29,2028-06-28,2026-06-29,419,30.97,13.53,OK,bottle,55.0,730
HOSP-KP-001,MED-021,BATCH-0221310,403,2026-06-15,2029-06-14,2026-06-29,1000,121.171,3.33,LOW_STOCK,tablet,1.0,1081
HOSP-KP-001,MED-022,BATCH-0222633,821,2026-06-22,2029-06-21,2026-06-29,800,70.585,11.63,OK,tablet,2.5,1088
HOSP-KP-001,MED-023,BATCH-0222634,924,2026-06-22,2029-06-21,2026-06-29,1300,121.003,7.64,LOW_STOCK,tablet,1.5,1088
HOSP-KP-001,MED-024,BATCH-0222635,44,2026-06-21,2028-06-20,2026-06-29,247,18.244,2.41,LOW_STOCK,vial,450.0,722
HOSP-KP-001,MED-025,BATCH-0222636,470,2026-06-22,2029-06-21,2026-06-29,900,82.495,5.7,LOW_STOCK,tablet,3.0,1088
HOSP-KP-001,MED-026,BATCH-0222637,716,2026-06-22,2029-06-21,2026-06-29,900,110.177,6.5,LOW_STOCK,tablet,0.8,1088
HOSP-KP-001,MED-027,BATCH-0224425,80,2026-05-09,2029-05-08,2026-06-29,1300,122.067,0.66,LOW_STOCK,capsule,2.0,1044
HOSP-KP-001,MED-028,BATCH-0222639,38,2026-06-22,2029-06-21,2026-06-29,410,40.876,0.93,LOW_STOCK,tablet,6.0,1088
HOSP-KP-001,MED-030,BATCH-0224011,617,2026-06-28,2029-06-27,2026-06-29,475,35.126,17.57,OK,bottle_100ml,85.0,1094
HOSP-KP-001,MED-031,BATCH-0221314,458,2026-06-15,2031-06-15,2026-06-29,2450,179.01,2.56,OK,pair,25.0,1812
HOSP-KP-001,MED-031,BATCH-0224012,2650,2026-06-28,2031-06-28,2026-06-29,2450,179.01,14.8,OK,pair,25.0,1825
HOSP-KP-001,MED-032,BATCH-0222640,816,2026-06-21,2031-06-21,2026-06-29,3200,232.77,3.51,LOW_STOCK,piece,5.0,1818
HOSP-KP-001,MED-033,BATCH-0222641,433,2026-06-22,2031-06-22,2026-06-29,1050,74.8,5.79,LOW_STOCK,piece,35.0,1819
HOSP-KP-001,MED-034,BATCH-0222642,166,2026-06-20,2028-06-19,2026-06-29,170,16.189,10.25,LOW_STOCK,vial,25.0,721
HOSP-KP-001,MED-035,BATCH-0222643,67,2026-06-22,2028-06-21,2026-06-29,123,9.069,7.39,LOW_STOCK,vial,350.0,723
HOSP-KP-001,MED-036,BATCH-0224013,1674,2026-06-27,2028-06-26,2026-06-29,1000,124.983,13.39,OK,tablet,0.5,728
HOSP-KP-001,MED-037,BATCH-0221317,85,2026-06-14,2029-06-13,2026-06-29,269,26.808,3.17,OK,tablet,8.0,1080
HOSP-KP-001,MED-037,BATCH-0224014,401,2026-06-29,2029-06-28,2026-06-29,269,26.808,14.96,OK,tablet,8.0,1095
HOSP-KP-001,MED-038,BATCH-0222644,239,2026-06-22,2028-06-21,2026-06-29,290,28.226,8.47,LOW_STOCK,ampoule,12.0,723
HOSP-KP-001,MED-039,BATCH-0224426,20,2026-06-07,2029-06-06,2026-06-29,190,18.774,1.07,LOW_STOCK,ampoule,10.0,1073
HOSP-KP-001,MED-040,BATCH-0224015,181,2026-06-28,2029-06-27,2026-06-29,210,20.236,8.94,LOW_STOCK,ampoule,28.0,1094
HOSP-KP-001,MED-041,BATCH-0222645,4,2026-06-22,2028-06-21,2026-06-29,36,2.608,1.53,LOW_STOCK,vial,180.0,723
HOSP-KP-001,MED-042,BATCH-0224016,29,2026-06-29,2028-06-28,2026-06-29,24,1.747,16.6,OK,vial,1200.0,730
HOSP-KP-001,MED-043,BATCH-0222646,10,2026-06-20,2028-06-19,2026-06-29,17,1.223,8.18,OK,vial,3500.0,721
HOSP-KP-001,MED-043,BATCH-0224017,17,2026-06-27,2028-06-26,2026-06-29,17,1.223,13.9,OK,vial,3500.0,728
HOSP-KP-001,MED-044,BATCH-0224018,15,2026-06-28,2028-06-27,2026-06-29,22,1.619,9.26,LOW_STOCK,vial,450.0,729
HOSP-KP-001,MED-045,BATCH-0224019,129,2026-06-27,2028-06-26,2026-06-29,80,6.198,20.81,OK,tablet,15.0,728
HOSP-KP-001,MED-046,BATCH-0221322,10,2026-06-14,2027-12-13,2026-06-29,13,0.927,10.79,OK,prefilled,4500.0,532
HOSP-KP-001,MED-046,BATCH-0224020,13,2026-06-27,2027-12-26,2026-06-29,13,0.927,14.02,OK,prefilled,4500.0,545
HOSP-KP-001,MED-048,BATCH-0224021,248,2026-06-28,2028-06-27,2026-06-29,294,21.768,11.39,LOW_STOCK,bottle,65.0,729
HOSP-KP-001,MED-049,BATCH-0224022,562,2026-06-27,2028-06-26,2026-06-29,300,33.525,16.76,OK,capsule,2.0,728
HOSP-KP-001,MED-051,BATCH-0222649,93,2026-06-20,2028-06-19,2026-06-29,210,15.516,5.99,LOW_STOCK,vial,80.0,721
HOSP-KP-001,MED-052,BATCH-0222650,144,2026-06-21,2028-06-20,2026-06-29,492,36.377,3.96,LOW_STOCK,kit,25.0,722
HOSP-KP-001,MED-053,BATCH-0222651,77,2026-06-22,2028-06-21,2026-06-29,430,31.687,2.43,LOW_STOCK,ampoule,35.0,723
HOSP-KP-001,MED-054,BATCH-0224023,195,2026-06-29,2028-06-28,2026-06-29,172,16.967,11.49,OK,tablet,20.0,730
HOSP-KP-001,MED-055,BATCH-0224024,139,2026-06-29,2029-06-28,2026-06-29,110,10.811,12.86,OK,ampoule,18.0,1095
HOSP-KP-001,MED-056,BATCH-0222652,58,2026-06-21,2029-06-20,2026-06-29,90,8.71,6.66,LOW_STOCK,ampoule,45.0,1087
HOSP-KP-001,MED-057,BATCH-0224025,108,2026-06-29,2028-06-28,2026-06-29,123,9.088,11.88,LOW_STOCK,bottle,55.0,730
HOSP-KP-001,MED-058,BATCH-0222653,40,2026-06-22,2028-06-21,2026-06-29,84,6.193,6.46,LOW_STOCK,bottle,90.0,723
HOSP-KP-001,MED-059,BATCH-0222654,31,2026-06-22,2028-06-21,2026-06-29,85,6.251,4.96,LOW_STOCK,bottle,70.0,723
HOSP-KP-001,MED-060,BATCH-0224026,26,2026-06-28,2028-06-27,2026-06-29,47,3.44,7.56,LOW_STOCK,vial,2500.0,729
HOSP-KP-001,MED-061,BATCH-0224027,97,2026-06-27,2028-06-26,2026-06-29,100,9.428,10.29,LOW_STOCK,ampoule,25.0,728
HOSP-KP-001,MED-062,BATCH-0224427,6,2026-06-14,2029-06-13,2026-06-29,70,8.279,0.72,LOW_STOCK,ampoule,12.0,1080
HOSP-KP-001,MED-063,BATCH-0222656,30,2026-06-22,2028-06-21,2026-06-29,67,4.948,6.06,LOW_STOCK,vial,850.0,723
HOSP-KP-001,MED-064,BATCH-0224028,612,2026-06-28,2031-06-28,2026-06-29,540,39.137,15.64,OK,roll,80.0,1825
HOSP-KP-001,MED-065,BATCH-0222657,103,2026-06-20,2026-07-20,2026-06-29,89,11.844,8.7,OK,unit,0.0,21
HOSP-KP-001,MED-066,BATCH-0224029,114,2026-06-27,2026-07-27,2026-06-29,55,7.33,15.55,OK,unit,0.0,28
HOSP-KP-001,MED-067,BATCH-0221335,7,2026-06-15,2029-06-14,2026-06-29,302,22.364,0.31,OK,vial,40.0,1081
HOSP-KP-001,MED-067,BATCH-0224030,385,2026-06-28,2029-06-27,2026-06-29,302,22.364,17.22,OK,vial,40.0,1094
HOSP-KP-001,MED-068,BATCH-0222658,61,2026-06-21,2029-06-20,2026-06-29,89,6.587,9.26,LOW_STOCK,vial,180.0,1087
HOSP-KP-001,MED-070,BATCH-0222660,346,2026-06-21,2028-06-20,2026-06-29,450,24.526,14.11,LOW_STOCK,sachet,120.0,722
HOSP-KP-001,MED-071,BATCH-0224031,94,2026-06-29,2028-06-28,2026-06-29,90,6.161,15.26,OK,ampoule,150.0,730
HOSP-KP-001,MED-072,BATCH-0222661,74,2026-06-20,2028-06-19,2026-06-29,182,13.409,5.52,OK,vial,650.0,721
HOSP-KP-001,MED-072,BATCH-0224032,182,2026-06-29,2028-06-28,2026-06-29,182,13.409,13.57,OK,vial,650.0,730
HOSP-KP-003,MED-001,BATCH-0223076,335,2026-06-22,2029-06-21,2026-06-29,300,28.799,11.63,OK,tablet,1.5,1088
HOSP-KP-003,MED-002,BATCH-0223077,57,2026-06-22,2028-06-21,2026-06-29,70,5.141,11.09,OK,bottle,45.0,723
HOSP-KP-003,MED-002,BATCH-0224428,70,2026-06-29,2028-06-28,2026-06-29,70,5.141,13.62,OK,bottle,45.0,730
HOSP-KP-003,MED-003,BATCH-0223078,360,2026-06-22,2029-06-21,2026-06-29,200,10.232,35.18,OK,tablet,2.5,1088
HOSP-KP-003,MED-004,BATCH-0223079,63,2026-06-22,2028-06-21,2026-06-29,40,3.872,16.27,OK,ampoule,25.0,723
HOSP-KP-003,MED-005,BATCH-0221728,189,2026-06-15,2028-06-14,2026-06-29,200,14.129,13.38,OK,capsule,6.0,716
HOSP-KP-003,MED-005,BATCH-0224429,300,2026-06-29,2028-06-28,2026-06-29,200,14.129,21.23,OK,capsule,6.0,730
HOSP-KP-003,MED-006,BATCH-0223080,50,2026-06-22,2028-06-21,2026-06-29,70,4.992,10.02,OK,tablet,35.0,723
HOSP-KP-003,MED-006,BATCH-0224430,80,2026-06-29,2028-06-28,2026-06-29,70,4.992,16.03,OK,tablet,35.0,730
HOSP-KP-003,MED-007,BATCH-0220394,36,2026-06-08,2028-06-07,2026-06-29,66,4.708,7.65,OK,tablet,40.0,709
HOSP-KP-003,MED-007,BATCH-0223081,66,2026-06-22,2028-06-21,2026-06-29,66,4.708,14.02,OK,tablet,40.0,723
HOSP-KP-003,MED-008,BATCH-0223082,113,2026-06-22,2029-06-21,2026-06-29,80,7.593,14.88,OK,tablet,8.0,1088
HOSP-KP-003,MED-009,BATCH-0224431,126,2026-06-29,2028-06-28,2026-06-29,70,5.154,24.45,OK,vial,85.0,730
HOSP-KP-003,MED-010,BATCH-0221731,113,2026-06-15,2029-06-14,2026-06-29,100,6.686,16.9,OK,tablet,2.0,1081
HOSP-KP-003,MED-011,BATCH-0224432,400,2026-06-29,2029-06-28,2026-06-29,200,14.758,27.1,OK,sachet,8.0,1095
HOSP-KP-003,MED-012,BATCH-0223083,180,2026-06-22,2029-06-21,2026-06-29,100,9.798,18.37,OK,tablet,1.2,1088
HOSP-KP-003,MED-013,BATCH-0223084,85,2026-06-22,2028-06-21,2026-06-29,114,8.442,10.07,OK,bag,55.0,723
HOSP-KP-003,MED-013,BATCH-0224433,120,2026-06-29,2028-06-28,2026-06-29,114,8.442,14.21,OK,bag,55.0,730
HOSP-KP-003,MED-014,BATCH-0224434,208,2026-06-29,2028-06-28,2026-06-29,116,8.539,24.36,OK,bag,45.0,730
HOSP-KP-003,MED-015,BATCH-0223085,110,2026-06-22,2028-06-21,2026-06-29,104,7.663,14.35,OK,bag,48.0,723
HOSP-KP-003,MED-016,BATCH-0224435,72,2026-06-29,2028-06-28,2026-06-29,24,1.887,38.16,OK,tablet,15.0,730
HOSP-KP-003,MED-017,BATCH-0197960,70,2026-01-19,2029-01-18,2026-06-29,100,0.998,70.14,OK,tablet,1.8,934
HOSP-KP-003,MED-017,BATCH-0221737,300,2026-06-15,2029-06-14,2026-06-29,100,0.998,300.6,OK,tablet,1.8,1081
HOSP-KP-003,MED-018,BATCH-0221738,9,2026-06-15,2028-06-14,2026-06-29,37,2.73,3.3,OK,unit,180.0,716
HOSP-KP-003,MED-018,BATCH-0223086,38,2026-06-22,2028-06-21,2026-06-29,37,2.73,13.92,OK,unit,180.0,723
HOSP-KP-003,MED-019,BATCH-0223087,73,2026-06-22,2028-06-21,2026-06-29,40,3.336,21.88,OK,ampoule,30.0,723
HOSP-KP-003,MED-020,BATCH-0223088,46,2026-06-22,2028-06-21,2026-06-29,41,3.021,15.23,OK,bottle,55.0,723
HOSP-KP-003,MED-021,BATCH-0223089,190,2026-06-22,2029-06-21,2026-06-29,100,10.739,17.69,OK,tablet,1.0,1088
HOSP-KP-003,MED-022,BATCH-0218996,90,2026-06-01,2029-05-31,2026-06-29,200,10.329,8.71,OK,tablet,2.5,1067
HOSP-KP-003,MED-022,BATCH-0223090,300,2026-06-22,2029-06-21,2026-06-29,200,10.329,29.04,OK,tablet,2.5,1088
HOSP-KP-003,MED-023,BATCH-0220404,142,2026-06-08,2029-06-07,2026-06-29,200,12.409,11.44,OK,tablet,1.5,1074
HOSP-KP-003,MED-023,BATCH-0224436,400,2026-06-29,2029-06-28,2026-06-29,200,12.409,32.23,OK,tablet,1.5,1095
HOSP-KP-003,MED-024,BATCH-0221740,4,2026-06-15,2028-06-14,2026-06-29,19,1.363,2.93,OK,vial,450.0,716
HOSP-KP-003,MED-024,BATCH-0223091,21,2026-06-22,2028-06-21,2026-06-29,19,1.363,15.41,OK,vial,450.0,723
HOSP-KP-003,MED-025,BATCH-0223092,151,2026-06-22,2029-06-21,2026-06-29,100,9.352,16.15,OK,tablet,3.0,1088
HOSP-KP-003,MED-026,BATCH-0223093,180,2026-06-22,2029-06-21,2026-06-29,100,11.709,15.37,OK,tablet,0.8,1088
HOSP-KP-003,MED-027,BATCH-0221741,156,2026-06-15,2029-06-14,2026-06-29,200,14.359,10.86,OK,capsule,2.0,1081
HOSP-KP-003,MED-027,BATCH-0224437,400,2026-06-29,2029-06-28,2026-06-29,200,14.359,27.86,OK,capsule,2.0,1095
HOSP-KP-003,MED-028,BATCH-0221742,15,2026-06-15,2029-06-14,2026-06-29,50,4.417,3.4,OK,tablet,6.0,1081
HOSP-KP-003,MED-028,BATCH-0224438,100,2026-06-29,2029-06-28,2026-06-29,50,4.417,22.64,OK,tablet,6.0,1095
HOSP-KP-003,MED-029,BATCH-0223094,180,2026-06-22,2029-06-21,2026-06-29,100,4.18,43.06,OK,tablet,1.5,1088
HOSP-KP-003,MED-030,BATCH-0221743,10,2026-06-15,2029-06-14,2026-06-29,48,3.52,2.84,OK,bottle_100ml,85.0,1081
HOSP-KP-003,MED-030,BATCH-0224439,76,2026-06-29,2029-06-28,2026-06-29,48,3.52,21.59,OK,bottle_100ml,85.0,1095
HOSP-KP-003,MED-031,BATCH-0223095,375,2026-06-22,2031-06-22,2026-06-29,300,21.058,17.81,OK,pair,25.0,1819
HOSP-KP-003,MED-032,BATCH-0221744,154,2026-06-15,2031-06-15,2026-06-29,400,24.248,6.35,OK,piece,5.0,1812
HOSP-KP-003,MED-032,BATCH-0224440,600,2026-06-29,2031-06-29,2026-06-29,400,24.248,24.74,OK,piece,5.0,1826
HOSP-KP-003,MED-033,BATCH-0219002,67,2026-06-01,2031-06-01,2026-06-29,150,8.017,8.36,OK,piece,35.0,1798
HOSP-KP-003,MED-033,BATCH-0223096,150,2026-06-22,2031-06-22,2026-06-29,150,8.017,18.71,OK,piece,35.0,1819
HOSP-KP-003,MED-034,BATCH-0223097,1,2026-05-01,2028-04-30,2026-06-29,20,1.492,0.67,OK,vial,25.0,671
HOSP-KP-003,MED-034,BATCH-0224441,50,2026-06-29,2028-06-28,2026-06-29,20,1.492,33.51,OK,vial,25.0,730
HOSP-KP-003,MED-035,BATCH-0223098,10,2026-06-22,2028-06-21,2026-06-29,8,0.568,17.61,OK,vial,350.0,723
HOSP-KP-003,MED-036,BATCH-0224442,133,2026-04-28,2028-04-27,2026-06-29,100,9.88,13.46,OK,tablet,0.5,668
HOSP-KP-003,MED-037,BATCH-0221746,16,2026-06-15,2029-06-14,2026-06-29,25,2.452,6.53,OK,tablet,8.0,1081
HOSP-KP-003,MED-037,BATCH-0224443,41,2026-06-29,2029-06-28,2026-06-29,25,2.452,16.72,OK,tablet,8.0,1095
HOSP-KP-003,MED-038,BATCH-0223099,58,2026-06-22,2028-06-21,2026-06-29,30,2.463,23.55,OK,ampoule,12.0,723
HOSP-KP-003,MED-039,BATCH-0220413,12,2026-06-08,2029-06-07,2026-06-29,30,2.091,5.74,OK,ampoule,10.0,1074
HOSP-KP-003,MED-039,BATCH-0223100,50,2026-06-22,2029-06-21,2026-06-29,30,2.091,23.91,OK,ampoule,10.0,1088
HOSP-KP-003,MED-040,BATCH-0223101,25,2026-06-22,2029-06-21,2026-06-29,20,1.803,13.87,OK,ampoule,28.0,1088
HOSP-KP-003,MED-041,BATCH-0223102,6,2026-06-22,2028-06-21,2026-06-29,5,0.362,16.57,OK,vial,180.0,723
HOSP-KP-003,MED-042,BATCH-0216806,3,2026-05-18,2028-05-17,2026-06-29,5,0.206,14.56,OK,vial,1200.0,688
HOSP-KP-003,MED-042,BATCH-0224444,6,2026-06-29,2028-06-28,2026-06-29,5,0.206,29.13,OK,vial,1200.0,730
HOSP-KP-003,MED-043,BATCH-0208241,1,2026-03-23,2028-03-22,2026-06-29,5,0.121,8.26,OK,vial,3500.0,632
HOSP-KP-003,MED-043,BATCH-0220415,5,2026-06-08,2028-06-07,2026-06-29,5,0.121,41.32,OK,vial,3500.0,709
HOSP-KP-003,MED-044,BATCH-0219006,6,2026-06-01,2028-05-31,2026-06-29,5,0.17,35.29,OK,vial,450.0,702
HOSP-KP-003,MED-045,BATCH-0216807,13,2026-05-18,2028-05-17,2026-06-29,20,0.56,23.21,OK,tablet,15.0,688
HOSP-KP-003,MED-045,BATCH-0223103,40,2026-06-22,2028-06-21,2026-06-29,20,0.56,71.43,OK,tablet,15.0,723
HOSP-KP-003,MED-046,BATCH-0212548,1,2026-04-20,2027-10-19,2026-06-29,5,0.088,11.36,OK,prefilled,4500.0,477
HOSP-KP-003,MED-046,BATCH-0214595,5,2026-05-04,2027-11-02,2026-06-29,5,0.088,56.82,OK,prefilled,4500.0,491
HOSP-KP-003,MED-047,BATCH-0221747,46,2026-06-15,2029-06-14,2026-06-29,100,8.351,5.51,OK,sachet,6.0,1081
HOSP-KP-003,MED-047,BATCH-0224445,200,2026-06-29,2029-06-28,2026-06-29,100,8.351,23.95,OK,sachet,6.0,1095
HOSP-KP-003,MED-048,BATCH-0221748,6,2026-06-15,2028-06-14,2026-06-29,31,2.235,2.68,OK,bottle,65.0,716
HOSP-KP-003,MED-048,BATCH-0224446,49,2026-06-29,2028-06-28,2026-06-29,31,2.235,21.92,OK,bottle,65.0,730
HOSP-KP-003,MED-049,BATCH-0213544,85,2026-04-27,2028-04-26,2026-06-29,100,3.307,25.7,OK,capsule,2.0,667
HOSP-KP-003,MED-049,BATCH-0224447,300,2026-06-29,2028-06-28,2026-06-29,100,3.307,90.72,OK,capsule,2.0,730
HOSP-KP-003,MED-050,BATCH-0223104,25,2026-06-22,2028-06-21,2026-06-29,30,1.845,13.55,OK,vial,120.0,723
HOSP-KP-003,MED-050,BATCH-0224448,30,2026-06-29,2028-06-28,2026-06-29,30,1.845,16.26,OK,vial,120.0,730
HOSP-KP-003,MED-051,BATCH-0219009,5,2026-06-01,2028-05-31,2026-06-29,30,1.844,2.71,OK,vial,80.0,702
HOSP-KP-003,MED-051,BATCH-0223105,40,2026-06-22,2028-06-21,2026-06-29,30,1.844,21.69,OK,vial,80.0,723
HOSP-KP-003,MED-052,BATCH-0223106,48,2026-06-22,2028-06-21,2026-06-29,67,4.947,9.7,OK,kit,25.0,723
HOSP-KP-003,MED-052,BATCH-0224449,72,2026-06-29,2028-06-28,2026-06-29,67,4.947,14.55,OK,kit,25.0,730
HOSP-KP-003,MED-053,BATCH-0223107,50,2026-06-22,2028-06-21,2026-06-29,50,3.146,15.89,OK,ampoule,35.0,723
HOSP-KP-003,MED-054,BATCH-0221749,13,2026-06-15,2028-06-14,2026-06-29,24,2.174,5.98,OK,tablet,20.0,716
HOSP-KP-003,MED-054,BATCH-0224450,44,2026-06-29,2028-06-28,2026-06-29,24,2.174,20.24,OK,tablet,20.0,730
HOSP-KP-003,MED-055,BATCH-0223108,34,2026-06-22,2029-06-21,2026-06-29,20,1.161,29.29,OK,ampoule,18.0,1088
HOSP-KP-003,MED-056,BATCH-0220419,2,2026-06-08,2029-06-07,2026-06-29,10,0.941,2.13,OK,ampoule,45.0,1074
HOSP-KP-003,MED-056,BATCH-0223109,20,2026-06-22,2029-06-21,2026-06-29,10,0.941,21.25,OK,ampoule,45.0,1088
HOSP-KP-003,MED-057,BATCH-0223110,6,2026-06-22,2028-06-21,2026-06-29,11,0.799,7.51,OK,bottle,55.0,723
HOSP-KP-003,MED-057,BATCH-0224451,13,2026-06-29,2028-06-28,2026-06-29,11,0.799,16.27,OK,bottle,55.0,730
HOSP-KP-003,MED-058,BATCH-0220420,2,2026-06-08,2028-06-07,2026-06-29,10,0.696,2.87,OK,bottle,90.0,709
HOSP-KP-003,MED-058,BATCH-0223111,12,2026-06-22,2028-06-21,2026-06-29,10,0.696,17.24,OK,bottle,90.0,723
HOSP-KP-003,MED-059,BATCH-0223112,3,2026-06-22,2028-06-21,2026-06-29,9,0.657,4.57,OK,bottle,70.0,723
HOSP-KP-003,MED-059,BATCH-0224452,13,2026-06-29,2028-06-28,2026-06-29,9,0.657,19.79,OK,bottle,70.0,730
HOSP-KP-003,MED-060,BATCH-0220421,4,2026-06-08,2028-06-07,2026-06-29,6,0.433,9.24,OK,vial,2500.0,709
HOSP-KP-003,MED-060,BATCH-0223113,6,2026-06-22,2028-06-21,2026-06-29,6,0.433,13.86,OK,vial,2500.0,723
HOSP-KP-003,MED-061,BATCH-0223114,16,2026-06-22,2028-06-21,2026-06-29,10,0.959,16.68,OK,ampoule,25.0,723
HOSP-KP-003,MED-062,BATCH-0219016,4,2026-06-01,2029-05-31,2026-06-29,10,0.829,4.83,OK,ampoule,12.0,1067
HOSP-KP-003,MED-062,BATCH-0224453,30,2026-06-29,2029-06-28,2026-06-29,10,0.829,36.19,OK,ampoule,12.0,1095
HOSP-KP-003,MED-063,BATCH-0221752,7,2026-06-15,2028-06-14,2026-06-29,7,0.499,14.03,OK,vial,850.0,716
HOSP-KP-003,MED-064,BATCH-0223115,79,2026-06-22,2031-06-22,2026-06-29,72,4.462,17.71,OK,roll,80.0,1819
HOSP-KP-003,MED-065,BATCH-0223116,16,2026-06-22,2026-07-22,2026-06-29,8,1.063,15.05,OK,unit,0.0,23
HOSP-KP-003,MED-066,BATCH-0224454,18,2026-06-29,2026-07-29,2026-06-29,6,0.796,22.61,OK,unit,0.0,30
HOSP-KP-003,MED-067,BATCH-0221754,18,2026-06-15,2029-06-14,2026-06-29,37,2.739,6.57,OK,vial,40.0,1081
HOSP-KP-003,MED-067,BATCH-0224455,48,2026-06-29,2029-06-28,2026-06-29,37,2.739,17.52,OK,vial,40.0,1095
HOSP-KP-003,MED-068,BATCH-0220428,1,2026-06-08,2029-06-07,2026-06-29,10,0.73,1.37,OK,vial,180.0,1074
HOSP-KP-003,MED-068,BATCH-0223117,15,2026-06-22,2029-06-21,2026-06-29,10,0.73,20.55,OK,vial,180.0,1088
HOSP-KP-003,MED-069,BATCH-0221755,12,2026-06-15,2029-06-14,2026-06-29,15,0.991,12.11,OK,ampoule,95.0,1081
HOSP-KP-003,MED-069,BATCH-0224456,15,2026-06-29,2029-06-28,2026-06-29,15,0.991,15.14,OK,ampoule,95.0,1095
HOSP-KP-003,MED-070,BATCH-0212559,99,2026-04-20,2028-04-19,2026-06-29,150,2.012,49.2,OK,sachet,120.0,660
HOSP-KP-003,MED-070,BATCH-0223118,150,2026-06-22,2028-06-21,2026-06-29,150,2.012,74.55,OK,sachet,120.0,723
HOSP-KP-003,MED-071,BATCH-0223119,2,2026-06-22,2028-06-21,2026-06-29,10,0.697,2.87,OK,ampoule,150.0,723
HOSP-KP-003,MED-071,BATCH-0224457,20,2026-06-29,2028-06-28,2026-06-29,10,0.697,28.69,OK,ampoule,150.0,730
HOSP-KP-003,MED-072,BATCH-0223120,14,2026-06-22,2028-06-21,2026-06-29,18,1.303,10.74,OK,vial,650.0,723
HOSP-KP-003,MED-072,BATCH-0224458,18,2026-06-29,2028-06-28,2026-06-29,18,1.303,13.81,OK,vial,650.0,730
HOSP-KP-004,MED-001,BATCH-0219986,66,2026-06-07,2029-06-06,2026-06-29,100,3.659,18.04,LOW_STOCK,tablet,1.5,1073
HOSP-KP-004,MED-002,BATCH-0222662,1,2026-06-21,2028-06-20,2026-06-29,9,0.597,1.68,OK,bottle,45.0,722
HOSP-KP-004,MED-002,BATCH-0224033,9,2026-06-28,2028-06-27,2026-06-29,9,0.597,15.08,OK,bottle,45.0,729
HOSP-KP-004,MED-003,BATCH-0210092,78,2026-04-06,2029-04-05,2026-06-29,100,1.5,52.0,OK,tablet,2.5,1011
HOSP-KP-004,MED-003,BATCH-0224034,200,2026-06-29,2029-06-28,2026-06-29,100,1.5,133.33,OK,tablet,2.5,1095
HOSP-KP-004,MED-004,BATCH-0224035,18,2026-06-29,2028-06-28,2026-06-29,10,0.517,34.82,OK,ampoule,25.0,730
HOSP-KP-004,MED-005,BATCH-0203487,49,2026-02-23,2028-02-23,2026-06-29,100,1.557,31.47,OK,capsule,6.0,604
HOSP-KP-004,MED-005,BATCH-0222663,200,2026-06-21,2028-06-20,2026-06-29,100,1.557,128.45,OK,capsule,6.0,722
HOSP-KP-004,MED-006,BATCH-0217550,23,2026-05-24,2028-05-23,2026-06-29,20,0.758,30.34,OK,tablet,35.0,694
HOSP-KP-004,MED-007,BATCH-0221340,7,2026-06-14,2028-06-13,2026-06-29,9,0.598,11.71,LOW_STOCK,tablet,40.0,715
HOSP-KP-004,MED-008,BATCH-0219988,11,2026-06-08,2029-06-07,2026-06-29,20,1.064,10.34,LOW_STOCK,tablet,8.0,1074
HOSP-KP-004,MED-010,BATCH-0207915,111,2026-03-21,2029-03-20,2026-06-29,100,1.253,88.59,OK,tablet,2.0,995
HOSP-KP-004,MED-011,BATCH-0222665,46,2026-06-20,2029-06-19,2026-06-29,50,1.99,23.12,LOW_STOCK,sachet,8.0,1086
HOSP-KP-004,MED-012,BATCH-0222666,166,2026-06-21,2029-06-20,2026-06-29,100,1.419,116.98,OK,tablet,1.2,1087
HOSP-KP-004,MED-013,BATCH-0222667,4,2026-06-20,2028-06-19,2026-06-29,12,0.84,4.76,OK,bag,55.0,721
HOSP-KP-004,MED-013,BATCH-0224036,12,2026-06-28,2028-06-27,2026-06-29,12,0.84,14.29,OK,bag,55.0,729
HOSP-KP-004,MED-014,BATCH-0222668,2,2026-06-22,2028-06-21,2026-06-29,24,1.708,1.17,LOW_STOCK,bag,45.0,723
HOSP-KP-004,MED-015,BATCH-0224037,12,2026-06-29,2028-06-28,2026-06-29,11,0.771,15.56,OK,bag,48.0,730
HOSP-KP-004,MED-016,BATCH-0214269,26,2026-05-02,2028-05-01,2026-06-29,24,0.208,125.0,OK,tablet,15.0,672
HOSP-KP-004,MED-017,BATCH-0104305,100,2024-08-05,2027-08-05,2026-06-29,100,0.157,636.94,OK,tablet,1.8,402
HOSP-KP-004,MED-018,BATCH-0224038,3,2026-06-29,2028-06-28,2026-06-29,6,0.382,7.85,LOW_STOCK,unit,180.0,730
HOSP-KP-004,MED-019,BATCH-0221344,2,2026-06-15,2028-06-14,2026-06-29,10,0.37,5.41,LOW_STOCK,ampoule,30.0,716
HOSP-KP-004,MED-020,BATCH-0222671,3,2026-06-20,2028-06-19,2026-06-29,6,0.411,7.3,LOW_STOCK,bottle,55.0,721
HOSP-KP-004,MED-021,BATCH-0216472,109,2026-05-17,2029-05-16,2026-06-29,100,1.615,67.49,OK,tablet,1.0,1052
HOSP-KP-004,MED-022,BATCH-0212221,151,2026-04-18,2029-04-17,2026-06-29,100,1.333,113.28,OK,tablet,2.5,1023
HOSP-KP-004,MED-023,BATCH-0215373,83,2026-05-10,2029-05-09,2026-06-29,100,1.546,53.69,OK,tablet,1.5,1045
HOSP-KP-004,MED-023,BATCH-0224039,200,2026-06-29,2029-06-28,2026-06-29,100,1.546,129.37,OK,tablet,1.5,1095
HOSP-KP-004,MED-024,BATCH-0221345,2,2026-06-15,2028-06-14,2026-06-29,5,0.231,8.66,OK,vial,450.0,716
HOSP-KP-004,MED-024,BATCH-0224040,6,2026-06-29,2028-06-28,2026-06-29,5,0.231,25.97,OK,vial,450.0,730
HOSP-KP-004,MED-025,BATCH-0209026,167,2026-03-28,2029-03-27,2026-06-29,100,1.036,161.2,OK,tablet,3.0,1002
HOSP-KP-004,MED-026,BATCH-0219994,115,2026-06-06,2029-06-05,2026-06-29,100,1.518,75.76,OK,tablet,0.8,1072
HOSP-KP-004,MED-027,BATCH-0215374,128,2026-05-10,2029-05-09,2026-06-29,100,1.848,69.26,OK,capsule,2.0,1045
HOSP-KP-004,MED-028,BATCH-0222672,15,2026-06-21,2029-06-20,2026-06-29,10,0.665,22.56,OK,tablet,6.0,1087
HOSP-KP-004,MED-029,BATCH-0221346,163,2026-06-13,2029-06-12,2026-06-29,100,0.611,266.78,OK,tablet,1.5,1079
HOSP-KP-004,MED-030,BATCH-0224041,6,2026-06-28,2029-06-27,2026-06-29,6,0.383,15.67,OK,bottle_100ml,85.0,1094
HOSP-KP-004,MED-031,BATCH-0219996,2,2026-06-08,2031-06-08,2026-06-29,50,2.539,0.79,OK,pair,25.0,1805
HOSP-KP-004,MED-031,BATCH-0222673,50,2026-06-21,2031-06-21,2026-06-29,50,2.539,19.69,OK,pair,25.0,1818
HOSP-KP-004,MED-032,BATCH-0216475,101,2026-05-17,2031-05-17,2026-06-29,100,2.668,37.86,OK,piece,5.0,1783
HOSP-KP-004,MED-033,BATCH-0224042,90,2026-06-29,2031-06-29,2026-06-29,50,1.082,83.18,OK,piece,35.0,1826
HOSP-KP-004,MED-034,BATCH-0218650,8,2026-06-01,2028-05-31,2026-06-29,10,0.234,34.19,LOW_STOCK,vial,25.0,702
HOSP-KP-004,MED-035,BATCH-0211129,4,2026-04-13,2028-04-12,2026-06-29,5,0.09,44.44,OK,vial,350.0,653
HOSP-KP-004,MED-035,BATCH-0224043,5,2026-06-27,2028-06-26,2026-06-29,5,0.09,55.56,OK,vial,350.0,728
HOSP-KP-004,MED-036,BATCH-0218651,148,2026-05-30,2028-05-29,2026-06-29,100,1.703,86.91,OK,tablet,0.5,700
HOSP-KP-004,MED-037,BATCH-0222674,2,2026-06-20,2029-06-19,2026-06-29,4,0.328,6.1,OK,tablet,8.0,1086
HOSP-KP-004,MED-037,BATCH-0224044,6,2026-06-28,2029-06-27,2026-06-29,4,0.328,18.29,OK,tablet,8.0,1094
HOSP-KP-004,MED-038,BATCH-0217560,3,2026-05-25,2028-05-24,2026-06-29,10,0.332,9.04,OK,ampoule,12.0,695
HOSP-KP-004,MED-038,BATCH-0224045,20,2026-06-27,2028-06-26,2026-06-29,10,0.332,60.24,OK,ampoule,12.0,728
HOSP-KP-004,MED-039,BATCH-0219997,11,2026-06-06,2029-06-05,2026-06-29,10,0.279,39.43,OK,ampoule,10.0,1072
HOSP-KP-004,MED-040,BATCH-0219998,13,2026-06-07,2029-06-06,2026-06-29,10,0.235,55.32,OK,ampoule,28.0,1073
HOSP-KP-004,MED-041,BATCH-0206850,4,2026-03-14,2028-03-13,2026-06-29,5,0.05,80.0,OK,vial,180.0,623
HOSP-KP-004,MED-041,BATCH-0221348,5,2026-06-15,2028-06-14,2026-06-29,5,0.05,100.0,OK,vial,180.0,716
HOSP-KP-004,MED-042,BATCH-0164751,1,2025-07-19,2027-07-19,2026-06-29,5,0.05,20.0,OK,vial,1200.0,385
HOSP-KP-004,MED-042,BATCH-0221349,5,2026-06-13,2028-06-12,2026-06-29,5,0.05,100.0,OK,vial,1200.0,714
HOSP-KP-004,MED-043,BATCH-0179566,2,2025-10-04,2027-10-04,2026-06-29,5,0.05,40.0,OK,vial,3500.0,462
HOSP-KP-004,MED-043,BATCH-0217561,5,2026-05-23,2028-05-22,2026-06-29,5,0.05,100.0,OK,vial,3500.0,693
HOSP-KP-004,MED-044,BATCH-0190556,3,2025-12-06,2027-12-06,2026-06-29,5,0.05,60.0,OK,vial,450.0,525
HOSP-KP-004,MED-044,BATCH-0217562,5,2026-05-24,2028-05-23,2026-06-29,5,0.05,100.0,OK,vial,450.0,694
HOSP-KP-004,MED-045,BATCH-0216476,35,2026-05-18,2028-05-17,2026-06-29,20,0.075,466.67,OK,tablet,15.0,688
HOSP-KP-004,MED-046,BATCH-0164752,5,2025-07-21,2027-01-19,2026-06-29,5,0.05,100.0,OK,prefilled,4500.0,204
HOSP-KP-004,MED-047,BATCH-0224046,90,2026-06-28,2029-06-27,2026-06-29,50,1.029,87.46,OK,sachet,6.0,1094
HOSP-KP-004,MED-048,BATCH-0222675,6,2026-06-22,2028-06-21,2026-06-29,6,0.382,15.71,OK,bottle,65.0,723
HOSP-KP-004,MED-049,BATCH-0214275,157,2026-05-04,2028-05-03,2026-06-29,100,0.585,268.38,OK,capsule,2.0,674
HOSP-KP-004,MED-050,BATCH-0217563,4,2026-05-23,2028-05-22,2026-06-29,10,0.313,12.78,OK,vial,120.0,693
HOSP-KP-004,MED-050,BATCH-0221351,10,2026-06-15,2028-06-14,2026-06-29,10,0.313,31.95,OK,vial,120.0,716
HOSP-KP-004,MED-051,BATCH-0214276,3,2026-05-04,2028-05-03,2026-06-29,10,0.247,12.15,OK,vial,80.0,674
HOSP-KP-004,MED-051,BATCH-0224047,20,2026-06-27,2028-06-26,2026-06-29,10,0.247,80.97,OK,vial,80.0,728
HOSP-KP-004,MED-052,BATCH-0222676,1,2026-06-21,2028-06-20,2026-06-29,8,0.568,1.76,OK,kit,25.0,722
HOSP-KP-004,MED-052,BATCH-0224048,9,2026-06-28,2028-06-27,2026-06-29,8,0.568,15.85,OK,kit,25.0,729
HOSP-KP-004,MED-053,BATCH-0218653,1,2026-05-30,2028-05-29,2026-06-29,10,0.422,2.37,OK,ampoule,35.0,700
HOSP-KP-004,MED-053,BATCH-0221352,10,2026-06-15,2028-06-14,2026-06-29,10,0.422,23.7,OK,ampoule,35.0,716
HOSP-KP-004,MED-054,BATCH-0224049,1,2026-06-27,2028-06-26,2026-06-29,4,0.263,3.8,LOW_STOCK,tablet,20.0,728
HOSP-KP-004,MED-055,BATCH-0221353,18,2026-06-15,2029-06-14,2026-06-29,10,0.156,115.38,OK,ampoule,18.0,1081
HOSP-KP-004,MED-056,BATCH-0224050,9,2026-06-29,2029-06-28,2026-06-29,5,0.139,64.75,OK,ampoule,45.0,1095
HOSP-KP-004,MED-057,BATCH-0202397,1,2026-02-14,2028-02-14,2026-06-29,5,0.118,8.47,OK,bottle,55.0,595
HOSP-KP-004,MED-057,BATCH-0213250,5,2026-04-27,2028-04-26,2026-06-29,5,0.118,42.37,OK,bottle,55.0,667
HOSP-KP-004,MED-058,BATCH-0217565,2,2026-05-25,2028-05-24,2026-06-29,5,0.089,22.47,OK,bottle,90.0,695
HOSP-KP-004,MED-058,BATCH-0222677,5,2026-06-22,2028-06-21,2026-06-29,5,0.089,56.18,OK,bottle,90.0,723
HOSP-KP-004,MED-059,BATCH-0201202,1,2026-02-09,2028-02-09,2026-06-29,5,0.069,14.49,OK,bottle,70.0,590
HOSP-KP-004,MED-059,BATCH-0211133,5,2026-04-11,2028-04-10,2026-06-29,5,0.069,72.46,OK,bottle,70.0,651
HOSP-KP-004,MED-060,BATCH-0215378,3,2026-05-10,2028-05-09,2026-06-29,5,0.055,54.55,OK,vial,2500.0,680
HOSP-KP-004,MED-060,BATCH-0221354,5,2026-06-13,2028-06-12,2026-06-29,5,0.055,90.91,OK,vial,2500.0,714
HOSP-KP-004,MED-061,BATCH-0220002,13,2026-06-08,2028-06-07,2026-06-29,10,0.123,105.69,OK,ampoule,25.0,709
HOSP-KP-004,MED-062,BATCH-0221355,18,2026-06-14,2029-06-13,2026-06-29,10,0.122,147.54,OK,ampoule,12.0,1080
HOSP-KP-004,MED-063,BATCH-0221356,7,2026-06-15,2028-06-14,2026-06-29,5,0.074,94.59,OK,vial,850.0,716
HOSP-KP-004,MED-064,BATCH-0221357,10,2026-06-14,2031-06-14,2026-06-29,12,0.661,15.13,LOW_STOCK,roll,80.0,1811
HOSP-KP-004,MED-065,BATCH-0224051,7,2026-06-29,2026-07-29,2026-06-29,3,0.151,46.36,OK,unit,0.0,30
HOSP-KP-004,MED-066,BATCH-0218656,2,2026-05-31,2026-06-30,2026-06-29,3,0.121,16.53,LOW_STOCK,unit,0.0,1
HOSP-KP-004,MED-067,BATCH-0221358,2,2026-06-15,2029-06-14,2026-06-29,5,0.342,5.85,LOW_STOCK,vial,40.0,1081
HOSP-KP-004,MED-068,BATCH-0216479,3,2026-05-17,2029-05-16,2026-06-29,5,0.113,26.55,OK,vial,180.0,1052
HOSP-KP-004,MED-068,BATCH-0224052,5,2026-06-27,2029-06-26,2026-06-29,5,0.113,44.25,OK,vial,180.0,1093
HOSP-KP-004,MED-069,BATCH-0221359,6,2026-06-13,2029-06-12,2026-06-29,5,0.178,33.71,OK,ampoule,95.0,1079
HOSP-KP-004,MED-070,BATCH-0132896,91,2025-01-13,2027-01-13,2026-06-29,150,0.29,313.79,OK,sachet,120.0,198
HOSP-KP-004,MED-070,BATCH-0195131,150,2026-01-04,2028-01-04,2026-06-29,150,0.29,517.24,OK,sachet,120.0,554
HOSP-KP-004,MED-071,BATCH-0215381,20,2026-05-10,2028-05-09,2026-06-29,10,0.111,180.18,OK,ampoule,150.0,680
HOSP-KP-004,MED-072,BATCH-0224053,5,2026-06-29,2028-06-28,2026-06-29,5,0.241,20.75,OK,vial,650.0,730
HOSP-MD-001,MED-001,BATCH-0223121,835,2026-06-22,2029-06-21,2026-06-29,1000,91.445,9.13,OK,tablet,1.5,1088
HOSP-MD-001,MED-001,BATCH-0224459,1500,2026-06-29,2029-06-28,2026-06-29,1000,91.445,16.4,OK,tablet,1.5,1095
HOSP-MD-001,MED-002,BATCH-0220431,61,2026-06-08,2028-06-07,2026-06-29,227,16.794,3.63,OK,bottle,45.0,709
HOSP-MD-001,MED-002,BATCH-0223122,257,2026-06-22,2028-06-21,2026-06-29,227,16.794,15.3,OK,bottle,45.0,723
HOSP-MD-001,MED-003,BATCH-0221756,329,2026-06-15,2029-06-14,2026-06-29,400,39.592,8.31,OK,tablet,2.5,1081
HOSP-MD-001,MED-003,BATCH-0224460,600,2026-06-29,2029-06-28,2026-06-29,400,39.592,15.15,OK,tablet,2.5,1095
HOSP-MD-001,MED-004,BATCH-0221757,73,2026-06-15,2028-06-14,2026-06-29,110,10.916,6.69,OK,ampoule,25.0,716
HOSP-MD-001,MED-004,BATCH-0224461,180,2026-06-29,2028-06-28,2026-06-29,110,10.916,16.49,OK,ampoule,25.0,730
HOSP-MD-001,MED-005,BATCH-0223123,236,2026-06-22,2028-06-21,2026-06-29,500,44.691,5.28,OK,capsule,6.0,723
HOSP-MD-001,MED-005,BATCH-0224462,1000,2026-06-29,2028-06-28,2026-06-29,500,44.691,22.38,OK,capsule,6.0,730
HOSP-MD-001,MED-006,BATCH-0223124,69,2026-06-22,2028-06-21,2026-06-29,240,17.768,3.88,OK,tablet,35.0,723
HOSP-MD-001,MED-006,BATCH-0224463,370,2026-06-29,2028-06-28,2026-06-29,240,17.768,20.82,OK,tablet,35.0,730
HOSP-MD-001,MED-007,BATCH-0223125,174,2026-06-22,2028-06-21,2026-06-29,198,14.522,11.98,OK,tablet,40.0,723
HOSP-MD-001,MED-007,BATCH-0224464,198,2026-06-29,2028-06-28,2026-06-29,198,14.522,13.63,OK,tablet,40.0,730
HOSP-MD-001,MED-008,BATCH-0223126,5,2026-06-22,2029-06-21,2026-06-29,220,21.922,0.23,OK,tablet,8.0,1088
HOSP-MD-001,MED-008,BATCH-0224465,500,2026-06-29,2029-06-28,2026-06-29,220,21.922,22.81,OK,tablet,8.0,1095
HOSP-MD-001,MED-009,BATCH-0223127,246,2026-06-22,2028-06-21,2026-06-29,234,17.293,14.23,OK,vial,85.0,723
HOSP-MD-001,MED-010,BATCH-0223128,449,2026-06-22,2029-06-21,2026-06-29,300,27.709,16.2,OK,tablet,2.0,1088
HOSP-MD-001,MED-011,BATCH-0223129,640,2026-06-22,2029-06-21,2026-06-29,700,51.007,12.55,OK,sachet,8.0,1088
HOSP-MD-001,MED-011,BATCH-0224466,700,2026-06-29,2029-06-28,2026-06-29,700,51.007,13.72,OK,sachet,8.0,1095
HOSP-MD-001,MED-012,BATCH-0223130,231,2026-06-22,2029-06-21,2026-06-29,200,25.006,9.24,OK,tablet,1.2,1088
HOSP-MD-001,MED-013,BATCH-0223131,394,2026-06-22,2028-06-21,2026-06-29,380,28.143,14.0,OK,bag,55.0,723
HOSP-MD-001,MED-014,BATCH-0221761,73,2026-06-15,2028-06-14,2026-06-29,530,39.254,1.86,OK,bag,45.0,716
HOSP-MD-001,MED-014,BATCH-0224467,881,2026-06-29,2028-06-28,2026-06-29,530,39.254,22.44,OK,bag,45.0,730
HOSP-MD-001,MED-015,BATCH-0223132,272,2026-06-22,2028-06-21,2026-06-29,283,20.95,12.98,OK,bag,48.0,723
HOSP-MD-001,MED-015,BATCH-0224468,283,2026-06-29,2028-06-28,2026-06-29,283,20.95,13.51,OK,bag,48.0,730
HOSP-MD-001,MED-016,BATCH-0223133,83,2026-06-22,2028-06-21,2026-06-29,72,6.575,12.62,OK,tablet,15.0,723
HOSP-MD-001,MED-017,BATCH-0221763,129,2026-06-15,2029-06-14,2026-06-29,100,2.898,44.51,OK,tablet,1.8,1081
HOSP-MD-001,MED-018,BATCH-0221764,32,2026-06-15,2028-06-14,2026-06-29,112,8.238,3.88,OK,unit,180.0,716
HOSP-MD-001,MED-018,BATCH-0224469,169,2026-06-29,2028-06-28,2026-06-29,112,8.238,20.51,OK,unit,180.0,730
HOSP-MD-001,MED-019,BATCH-0221765,80,2026-06-15,2028-06-14,2026-06-29,110,10.161,7.87,OK,ampoule,30.0,716
HOSP-MD-001,MED-019,BATCH-0224470,180,2026-06-29,2028-06-28,2026-06-29,110,10.161,17.71,OK,ampoule,30.0,730
HOSP-MD-001,MED-020,BATCH-0221766,34,2026-06-15,2028-06-14,2026-06-29,107,7.911,4.3,OK,bottle,55.0,716
HOSP-MD-001,MED-020,BATCH-0224471,158,2026-06-29,2028-06-28,2026-06-29,107,7.911,19.97,OK,bottle,55.0,730
HOSP-MD-001,MED-021,BATCH-0223134,859,2026-06-22,2029-06-21,2026-06-29,400,41.961,20.47,OK,tablet,1.0,1088
HOSP-MD-001,MED-022,BATCH-0220442,375,2026-06-08,2029-06-07,2026-06-29,500,40.523,9.25,OK,tablet,2.5,1074
HOSP-MD-001,MED-022,BATCH-0224472,800,2026-06-29,2029-06-28,2026-06-29,500,40.523,19.74,OK,tablet,2.5,1095
HOSP-MD-001,MED-023,BATCH-0221767,149,2026-06-15,2029-06-14,2026-06-29,400,34.778,4.28,OK,tablet,1.5,1081
HOSP-MD-001,MED-023,BATCH-0224473,800,2026-06-29,2029-06-28,2026-06-29,400,34.778,23.0,OK,tablet,1.5,1095
HOSP-MD-001,MED-024,BATCH-0220443,18,2026-06-08,2028-06-07,2026-06-29,88,6.447,2.79,OK,vial,450.0,709
HOSP-MD-001,MED-024,BATCH-0223135,98,2026-06-22,2028-06-21,2026-06-29,88,6.447,15.2,OK,vial,450.0,723
HOSP-MD-001,MED-025,BATCH-0220444,60,2026-06-08,2029-06-07,2026-06-29,300,24.286,2.47,OK,tablet,3.0,1074
HOSP-MD-001,MED-025,BATCH-0223136,500,2026-06-22,2029-06-21,2026-06-29,300,24.286,20.59,OK,tablet,3.0,1088
HOSP-MD-001,MED-026,BATCH-0223137,294,2026-06-22,2029-06-21,2026-06-29,300,34.698,8.47,OK,tablet,0.8,1088
HOSP-MD-001,MED-026,BATCH-0224474,700,2026-06-29,2029-06-28,2026-06-29,300,34.698,20.17,OK,tablet,0.8,1095
HOSP-MD-001,MED-027,BATCH-0223138,662,2026-06-22,2029-06-21,2026-06-29,500,44.487,14.88,OK,capsule,2.0,1088
HOSP-MD-001,MED-028,BATCH-0223139,146,2026-06-22,2029-06-21,2026-06-29,140,13.707,10.65,OK,tablet,6.0,1088
HOSP-MD-001,MED-029,BATCH-0223140,75,2026-06-22,2029-06-21,2026-06-29,100,11.896,6.3,OK,tablet,1.5,1088
HOSP-MD-001,MED-029,BATCH-0224475,300,2026-06-29,2029-06-28,2026-06-29,100,11.896,25.22,OK,tablet,1.5,1095
HOSP-MD-001,MED-030,BATCH-0221770,109,2026-06-15,2029-06-14,2026-06-29,152,11.214,9.72,OK,bottle_100ml,85.0,1081
HOSP-MD-001,MED-030,BATCH-0224476,164,2026-06-29,2029-06-28,2026-06-29,152,11.214,14.62,OK,bottle_100ml,85.0,1095
HOSP-MD-001,MED-031,BATCH-0223141,847,2026-06-22,2031-06-22,2026-06-29,800,57.318,14.78,OK,pair,25.0,1819
HOSP-MD-001,MED-032,BATCH-0223142,1278,2026-06-22,2031-06-22,2026-06-29,1100,74.652,17.12,OK,piece,5.0,1819
HOSP-MD-001,MED-033,BATCH-0220451,76,2026-06-08,2031-06-08,2026-06-29,400,29.595,2.57,OK,piece,35.0,1805
HOSP-MD-001,MED-033,BATCH-0223143,400,2026-06-22,2031-06-22,2026-06-29,400,29.595,13.52,OK,piece,35.0,1819
HOSP-MD-001,MED-034,BATCH-0223144,66,2026-06-22,2028-06-21,2026-06-29,50,4.652,14.19,OK,vial,25.0,723
HOSP-MD-001,MED-035,BATCH-0220453,17,2026-06-08,2028-06-07,2026-06-29,37,2.712,6.27,OK,vial,350.0,709
HOSP-MD-001,MED-035,BATCH-0224477,49,2026-06-29,2028-06-28,2026-06-29,37,2.712,18.07,OK,vial,350.0,730
HOSP-MD-001,MED-036,BATCH-0223145,581,2026-06-22,2028-06-21,2026-06-29,300,34.658,16.76,OK,tablet,0.5,723
HOSP-MD-001,MED-037,BATCH-0221771,43,2026-06-15,2029-06-14,2026-06-29,85,8.5,5.06,OK,tablet,8.0,1081
HOSP-MD-001,MED-037,BATCH-0224478,152,2026-06-29,2029-06-28,2026-06-29,85,8.5,17.88,OK,tablet,8.0,1095
HOSP-MD-001,MED-038,BATCH-0221772,83,2026-06-15,2028-06-14,2026-06-29,80,7.646,10.86,OK,ampoule,12.0,716
HOSP-MD-001,MED-039,BATCH-0221773,45,2026-06-15,2029-06-14,2026-06-29,80,7.294,6.17,OK,ampoule,10.0,1081
HOSP-MD-001,MED-039,BATCH-0224479,140,2026-06-29,2029-06-28,2026-06-29,80,7.294,19.19,OK,ampoule,10.0,1095
HOSP-MD-001,MED-040,BATCH-0221774,30,2026-06-15,2029-06-14,2026-06-29,60,5.787,5.18,OK,ampoule,28.0,1081
HOSP-MD-001,MED-040,BATCH-0224480,110,2026-06-29,2029-06-28,2026-06-29,60,5.787,19.01,OK,ampoule,28.0,1095
HOSP-MD-001,MED-041,BATCH-0223146,2,2026-06-22,2028-06-21,2026-06-29,10,0.716,2.79,OK,vial,180.0,723
HOSP-MD-001,MED-041,BATCH-0224481,16,2026-06-29,2028-06-28,2026-06-29,10,0.716,22.35,OK,vial,180.0,730
HOSP-MD-001,MED-042,BATCH-0223147,6,2026-06-22,2028-06-21,2026-06-29,8,0.585,10.26,OK,vial,1200.0,723
HOSP-MD-001,MED-042,BATCH-0224482,8,2026-06-29,2028-06-28,2026-06-29,8,0.585,13.68,OK,vial,1200.0,730
HOSP-MD-001,MED-043,BATCH-0221776,2,2026-06-15,2028-06-14,2026-06-29,5,0.347,5.76,OK,vial,3500.0,716
HOSP-MD-001,MED-043,BATCH-0223148,5,2026-06-22,2028-06-21,2026-06-29,5,0.347,14.41,OK,vial,3500.0,723
HOSP-MD-001,MED-044,BATCH-0223149,7,2026-06-22,2028-06-21,2026-06-29,7,0.465,15.05,OK,vial,450.0,723
HOSP-MD-001,MED-045,BATCH-0221777,72,2026-06-15,2028-06-14,2026-06-29,40,2.258,31.89,OK,tablet,15.0,716
HOSP-MD-001,MED-046,BATCH-0220459,6,2026-06-08,2027-12-07,2026-06-29,5,0.259,23.17,OK,prefilled,4500.0,526
HOSP-MD-001,MED-047,BATCH-0221778,71,2026-06-15,2029-06-14,2026-06-29,250,21.892,3.24,OK,sachet,6.0,1081
HOSP-MD-001,MED-047,BATCH-0224483,550,2026-06-29,2029-06-28,2026-06-29,250,21.892,25.12,OK,sachet,6.0,1095
HOSP-MD-001,MED-048,BATCH-0223150,132,2026-06-22,2028-06-21,2026-06-29,127,9.403,14.04,OK,bottle,65.0,723
HOSP-MD-001,MED-049,BATCH-0224484,58,2026-06-02,2028-06-01,2026-06-29,100,11.05,5.25,LOW_STOCK,capsule,2.0,703
HOSP-MD-001,MED-050,BATCH-0220462,12,2026-06-08,2028-06-07,2026-06-29,110,7.907,1.52,OK,vial,120.0,709
HOSP-MD-001,MED-050,BATCH-0223151,120,2026-06-22,2028-06-21,2026-06-29,110,7.907,15.18,OK,vial,120.0,723
HOSP-MD-001,MED-051,BATCH-0221779,68,2026-06-15,2028-06-14,2026-06-29,90,6.045,11.25,OK,vial,80.0,716
HOSP-MD-001,MED-051,BATCH-0224485,100,2026-06-29,2028-06-28,2026-06-29,90,6.045,16.54,OK,vial,80.0,730
HOSP-MD-001,MED-052,BATCH-0223152,208,2026-06-22,2028-06-21,2026-06-29,168,12.412,16.76,OK,kit,25.0,723
HOSP-MD-001,MED-053,BATCH-0223153,189,2026-06-22,2028-06-21,2026-06-29,150,10.846,17.43,OK,ampoule,35.0,723
HOSP-MD-001,MED-054,BATCH-0221780,8,2026-06-15,2028-06-14,2026-06-29,80,7.688,1.04,OK,tablet,20.0,716
HOSP-MD-001,MED-054,BATCH-0224486,176,2026-06-29,2028-06-28,2026-06-29,80,7.688,22.89,OK,tablet,20.0,730
HOSP-MD-001,MED-055,BATCH-0221781,44,2026-06-15,2029-06-14,2026-06-29,50,4.491,9.8,OK,ampoule,18.0,1081
HOSP-MD-001,MED-055,BATCH-0224487,70,2026-06-29,2029-06-28,2026-06-29,50,4.491,15.59,OK,ampoule,18.0,1095
HOSP-MD-001,MED-056,BATCH-0220465,19,2026-06-08,2029-06-07,2026-06-29,35,3.413,5.57,OK,ampoule,45.0,1074
HOSP-MD-001,MED-056,BATCH-0223154,50,2026-06-22,2029-06-21,2026-06-29,35,3.413,14.65,OK,ampoule,45.0,1088
HOSP-MD-001,MED-057,BATCH-0223155,32,2026-06-22,2028-06-21,2026-06-29,40,2.94,10.88,OK,bottle,55.0,723
HOSP-MD-001,MED-057,BATCH-0224488,40,2026-06-29,2028-06-28,2026-06-29,40,2.94,13.61,OK,bottle,55.0,730
HOSP-MD-001,MED-058,BATCH-0221782,22,2026-06-15,2028-06-14,2026-06-29,27,1.927,11.42,OK,bottle,90.0,716
HOSP-MD-001,MED-058,BATCH-0224489,27,2026-06-29,2028-06-28,2026-06-29,27,1.927,14.01,OK,bottle,90.0,730
HOSP-MD-001,MED-059,BATCH-0221783,13,2026-06-15,2028-06-14,2026-06-29,22,1.605,8.1,OK,bottle,70.0,716
HOSP-MD-001,MED-059,BATCH-0223156,22,2026-06-22,2028-06-21,2026-06-29,22,1.605,13.71,OK,bottle,70.0,723
HOSP-MD-001,MED-060,BATCH-0221784,6,2026-06-15,2028-06-14,2026-06-29,22,1.589,3.78,OK,vial,2500.0,716
HOSP-MD-001,MED-060,BATCH-0224490,33,2026-06-29,2028-06-28,2026-06-29,22,1.589,20.77,OK,vial,2500.0,730
HOSP-MD-001,MED-061,BATCH-0223157,62,2026-06-22,2028-06-21,2026-06-29,40,3.317,18.69,OK,ampoule,25.0,723
HOSP-MD-001,MED-062,BATCH-0220470,5,2026-06-08,2029-06-07,2026-06-29,20,2.197,2.28,OK,ampoule,12.0,1074
HOSP-MD-001,MED-062,BATCH-0224491,60,2026-06-29,2029-06-28,2026-06-29,20,2.197,27.31,OK,ampoule,12.0,1095
HOSP-MD-001,MED-063,BATCH-0221785,3,2026-06-15,2028-06-14,2026-06-29,22,1.576,1.9,OK,vial,850.0,716
HOSP-MD-001,MED-063,BATCH-0224492,36,2026-06-29,2028-06-28,2026-06-29,22,1.576,22.84,OK,vial,850.0,730
HOSP-MD-001,MED-064,BATCH-0221786,39,2026-06-15,2031-06-15,2026-06-29,204,14.25,2.74,OK,roll,80.0,1812
HOSP-MD-001,MED-064,BATCH-0223158,204,2026-06-22,2031-06-22,2026-06-29,204,14.25,14.32,OK,roll,80.0,1819
HOSP-MD-001,MED-065,BATCH-0221787,22,2026-06-15,2026-07-15,2026-06-29,27,3.534,6.23,OK,unit,0.0,16
HOSP-MD-001,MED-065,BATCH-0224493,59,2026-06-29,2026-07-29,2026-06-29,27,3.534,16.69,OK,unit,0.0,30
HOSP-MD-001,MED-066,BATCH-0223159,34,2026-06-22,2026-07-22,2026-06-29,19,2.451,13.87,OK,unit,0.0,23
HOSP-MD-001,MED-067,BATCH-0221788,65,2026-06-15,2029-06-14,2026-06-29,105,7.718,8.42,OK,vial,40.0,1081
HOSP-MD-001,MED-067,BATCH-0224494,124,2026-06-29,2029-06-28,2026-06-29,105,7.718,16.07,OK,vial,40.0,1095
HOSP-MD-001,MED-068,BATCH-0221789,27,2026-06-15,2029-06-14,2026-06-29,34,2.492,10.83,OK,vial,180.0,1081
HOSP-MD-001,MED-068,BATCH-0224495,34,2026-06-29,2029-06-28,2026-06-29,34,2.492,13.64,OK,vial,180.0,1095
HOSP-MD-001,MED-069,BATCH-0223160,56,2026-06-22,2029-06-21,2026-06-29,40,2.745,20.4,OK,ampoule,95.0,1088
HOSP-MD-001,MED-070,BATCH-0219061,2,2026-06-01,2028-05-31,2026-06-29,150,6.756,0.3,OK,sachet,120.0,702
HOSP-MD-001,MED-070,BATCH-0223161,300,2026-06-22,2028-06-21,2026-06-29,150,6.756,44.4,OK,sachet,120.0,723
HOSP-MD-001,MED-071,BATCH-0223162,55,2026-06-22,2028-06-21,2026-06-29,40,2.532,21.72,OK,ampoule,150.0,723
HOSP-MD-001,MED-072,BATCH-0223163,43,2026-06-22,2028-06-21,2026-06-29,63,4.635,9.28,OK,vial,650.0,723
HOSP-MD-001,MED-072,BATCH-0224496,70,2026-06-29,2028-06-28,2026-06-29,63,4.635,15.1,OK,vial,650.0,730
HOSP-MD-002,MED-001,BATCH-0223164,958,2026-06-22,2029-06-21,2026-06-29,700,60.463,15.84,OK,tablet,1.5,1088
HOSP-MD-002,MED-002,BATCH-0223165,121,2026-06-22,2028-06-21,2026-06-29,158,11.646,10.39,OK,bottle,45.0,723
HOSP-MD-002,MED-002,BATCH-0224497,163,2026-06-29,2028-06-28,2026-06-29,158,11.646,14.0,OK,bottle,45.0,730
HOSP-MD-002,MED-003,BATCH-0220478,69,2026-06-08,2029-06-07,2026-06-29,300,24.843,2.78,OK,tablet,2.5,1074
HOSP-MD-002,MED-003,BATCH-0224498,700,2026-06-29,2029-06-28,2026-06-29,300,24.843,28.18,OK,tablet,2.5,1095
HOSP-MD-002,MED-004,BATCH-0224499,190,2026-06-29,2028-06-28,2026-06-29,80,7.779,24.42,OK,ampoule,25.0,730
HOSP-MD-002,MED-005,BATCH-0224500,1000,2026-06-29,2028-06-28,2026-06-29,400,34.69,28.83,OK,capsule,6.0,730
HOSP-MD-002,MED-006,BATCH-0223166,184,2026-06-22,2028-06-21,2026-06-29,190,13.826,13.31,OK,tablet,35.0,723
HOSP-MD-002,MED-006,BATCH-0224501,190,2026-06-29,2028-06-28,2026-06-29,190,13.826,13.74,OK,tablet,35.0,730
HOSP-MD-002,MED-007,BATCH-0223167,134,2026-06-22,2028-06-21,2026-06-29,135,9.973,13.44,OK,tablet,40.0,723
HOSP-MD-002,MED-007,BATCH-0224502,135,2026-06-29,2028-06-28,2026-06-29,135,9.973,13.54,OK,tablet,40.0,730
HOSP-MD-002,MED-008,BATCH-0223168,174,2026-06-22,2029-06-21,2026-06-29,170,16.694,10.42,OK,tablet,8.0,1088
HOSP-MD-002,MED-009,BATCH-0223169,82,2026-06-22,2028-06-21,2026-06-29,164,12.132,6.76,OK,vial,85.0,723
HOSP-MD-002,MED-009,BATCH-0224503,213,2026-06-29,2028-06-28,2026-06-29,164,12.132,17.56,OK,vial,85.0,730
HOSP-MD-002,MED-010,BATCH-0223170,405,2026-06-22,2029-06-21,2026-06-29,200,16.519,24.52,OK,tablet,2.0,1088
HOSP-MD-002,MED-011,BATCH-0223171,71,2026-06-22,2029-06-21,2026-06-29,450,32.586,2.18,OK,sachet,8.0,1088
HOSP-MD-002,MED-011,BATCH-0224504,750,2026-06-29,2029-06-28,2026-06-29,450,32.586,23.02,OK,sachet,8.0,1095
HOSP-MD-002,MED-012,BATCH-0223172,130,2026-06-22,2029-06-21,2026-06-29,200,19.077,6.81,OK,tablet,1.2,1088
HOSP-MD-002,MED-012,BATCH-0224505,500,2026-06-29,2029-06-28,2026-06-29,200,19.077,26.21,OK,tablet,1.2,1095
HOSP-MD-002,MED-013,BATCH-0221798,80,2026-06-15,2028-06-14,2026-06-29,168,12.387,6.46,OK,bag,55.0,716
HOSP-MD-002,MED-013,BATCH-0224506,222,2026-06-29,2028-06-28,2026-06-29,168,12.387,17.92,OK,bag,55.0,730
HOSP-MD-002,MED-014,BATCH-0223173,7,2026-06-22,2028-06-21,2026-06-29,309,22.875,0.31,OK,bag,45.0,723
HOSP-MD-002,MED-014,BATCH-0224507,549,2026-06-29,2028-06-28,2026-06-29,309,22.875,24.0,OK,bag,45.0,730
HOSP-MD-002,MED-015,BATCH-0221799,45,2026-06-15,2028-06-14,2026-06-29,170,12.561,3.58,OK,bag,48.0,716
HOSP-MD-002,MED-015,BATCH-0224508,261,2026-06-29,2028-06-28,2026-06-29,170,12.561,20.78,OK,bag,48.0,730
HOSP-MD-002,MED-016,BATCH-0224509,120,2026-06-29,2028-06-28,2026-06-29,48,4.324,27.75,OK,tablet,15.0,730
HOSP-MD-002,MED-017,BATCH-0223175,180,2026-06-22,2029-06-21,2026-06-29,100,1.612,111.66,OK,tablet,1.8,1088
HOSP-MD-002,MED-018,BATCH-0221801,30,2026-06-15,2028-06-14,2026-06-29,68,4.986,6.02,OK,unit,180.0,716
HOSP-MD-002,MED-018,BATCH-0224510,92,2026-06-29,2028-06-28,2026-06-29,68,4.986,18.45,OK,unit,180.0,730
HOSP-MD-002,MED-019,BATCH-0221802,20,2026-06-15,2028-06-14,2026-06-29,70,6.442,3.1,OK,ampoule,30.0,716
HOSP-MD-002,MED-019,BATCH-0224511,150,2026-06-29,2028-06-28,2026-06-29,70,6.442,23.28,OK,ampoule,30.0,730
HOSP-MD-002,MED-020,BATCH-0221803,17,2026-06-15,2028-06-14,2026-06-29,87,6.406,2.65,OK,bottle,55.0,716
HOSP-MD-002,MED-020,BATCH-0223176,87,2026-06-22,2028-06-21,2026-06-29,87,6.406,13.58,OK,bottle,55.0,723
HOSP-MD-002,MED-021,BATCH-0221804,133,2026-06-15,2029-06-14,2026-06-29,200,22.854,5.82,OK,tablet,1.0,1081
HOSP-MD-002,MED-021,BATCH-0224512,500,2026-06-29,2029-06-28,2026-06-29,200,22.854,21.88,OK,tablet,1.0,1095
HOSP-MD-002,MED-022,BATCH-0221805,158,2026-06-15,2029-06-14,2026-06-29,300,22.046,7.17,OK,tablet,2.5,1081
HOSP-MD-002,MED-022,BATCH-0224513,600,2026-06-29,2029-06-28,2026-06-29,300,22.046,27.22,OK,tablet,2.5,1095
HOSP-MD-002,MED-023,BATCH-0223177,426,2026-06-22,2029-06-21,2026-06-29,300,24.906,17.1,OK,tablet,1.5,1088
HOSP-MD-002,MED-024,BATCH-0223178,51,2026-06-22,2028-06-21,2026-06-29,52,3.792,13.45,OK,vial,450.0,723
HOSP-MD-002,MED-024,BATCH-0224514,52,2026-06-29,2028-06-28,2026-06-29,52,3.792,13.71,OK,vial,450.0,730
HOSP-MD-002,MED-025,BATCH-0223179,207,2026-06-22,2029-06-21,2026-06-29,200,17.608,11.76,OK,tablet,3.0,1088
HOSP-MD-002,MED-026,BATCH-0223180,405,2026-06-22,2029-06-21,2026-06-29,200,21.63,18.72,OK,tablet,0.8,1088
HOSP-MD-002,MED-027,BATCH-0223181,333,2026-06-22,2029-06-21,2026-06-29,300,24.517,13.58,OK,capsule,2.0,1088
HOSP-MD-002,MED-028,BATCH-0224515,280,2026-06-29,2029-06-28,2026-06-29,120,11.492,24.36,OK,tablet,6.0,1095
HOSP-MD-002,MED-029,BATCH-0224516,197,2026-04-27,2029-04-26,2026-06-29,100,7.456,26.42,OK,tablet,1.5,1032
HOSP-MD-002,MED-030,BATCH-0220493,10,2026-06-08,2029-06-07,2026-06-29,85,6.271,1.59,OK,bottle_100ml,85.0,1074
HOSP-MD-002,MED-030,BATCH-0223182,90,2026-06-22,2029-06-21,2026-06-29,85,6.271,14.35,OK,bottle_100ml,85.0,1088
HOSP-MD-002,MED-031,BATCH-0220494,196,2026-06-08,2031-06-08,2026-06-29,550,39.695,4.94,OK,pair,25.0,1805
HOSP-MD-002,MED-031,BATCH-0223183,550,2026-06-22,2031-06-22,2026-06-29,550,39.695,13.86,OK,pair,25.0,1819
HOSP-MD-002,MED-032,BATCH-0220495,6,2026-06-08,2031-06-08,2026-06-29,800,57.331,0.1,OK,piece,5.0,1805
HOSP-MD-002,MED-032,BATCH-0224517,1500,2026-06-29,2031-06-29,2026-06-29,800,57.331,26.16,OK,piece,5.0,1826
HOSP-MD-002,MED-033,BATCH-0221809,112,2026-06-15,2031-06-15,2026-06-29,250,15.011,7.46,OK,piece,35.0,1812
HOSP-MD-002,MED-033,BATCH-0224518,350,2026-06-29,2031-06-29,2026-06-29,250,15.011,23.32,OK,piece,35.0,1826
HOSP-MD-002,MED-034,BATCH-0221810,17,2026-06-15,2028-06-14,2026-06-29,30,2.959,5.75,OK,vial,25.0,716
HOSP-MD-002,MED-034,BATCH-0224519,60,2026-06-29,2028-06-28,2026-06-29,30,2.959,20.28,OK,vial,25.0,730
HOSP-MD-002,MED-035,BATCH-0221811,14,2026-06-15,2028-06-14,2026-06-29,19,1.392,10.06,OK,vial,350.0,716
HOSP-MD-002,MED-035,BATCH-0224520,20,2026-06-29,2028-06-28,2026-06-29,19,1.392,14.37,OK,vial,350.0,730
HOSP-MD-002,MED-036,BATCH-0221812,158,2026-06-15,2028-06-14,2026-06-29,200,22.532,7.01,OK,tablet,0.5,716
HOSP-MD-002,MED-036,BATCH-0224521,500,2026-06-29,2028-06-28,2026-06-29,200,22.532,22.19,OK,tablet,0.5,730
HOSP-MD-002,MED-037,BATCH-0221813,16,2026-06-15,2029-06-14,2026-06-29,48,4.721,3.39,OK,tablet,8.0,1081
HOSP-MD-002,MED-037,BATCH-0224522,94,2026-06-29,2029-06-28,2026-06-29,48,4.721,19.91,OK,tablet,8.0,1095
HOSP-MD-002,MED-038,BATCH-0223184,81,2026-06-22,2028-06-21,2026-06-29,60,5.32,15.23,OK,ampoule,12.0,723
HOSP-MD-002,MED-039,BATCH-0224523,120,2026-06-29,2029-06-28,2026-06-29,50,4.668,25.71,OK,ampoule,10.0,1095
HOSP-MD-002,MED-040,BATCH-0220500,3,2026-06-08,2029-06-07,2026-06-29,40,3.527,0.85,OK,ampoule,28.0,1074
HOSP-MD-002,MED-040,BATCH-0223185,60,2026-06-22,2029-06-21,2026-06-29,40,3.527,17.01,OK,ampoule,28.0,1088
HOSP-MD-002,MED-041,BATCH-0223186,7,2026-06-22,2028-06-21,2026-06-29,9,0.655,10.69,OK,vial,180.0,723
HOSP-MD-002,MED-041,BATCH-0224524,9,2026-06-29,2028-06-28,2026-06-29,9,0.655,13.74,OK,vial,180.0,730
HOSP-MD-002,MED-042,BATCH-0223187,2,2026-06-22,2028-06-21,2026-06-29,6,0.404,4.95,OK,vial,1200.0,723
HOSP-MD-002,MED-042,BATCH-0224525,8,2026-06-29,2028-06-28,2026-06-29,6,0.404,19.8,OK,vial,1200.0,730
HOSP-MD-002,MED-043,BATCH-0221815,2,2026-06-15,2028-06-14,2026-06-29,5,0.239,8.37,OK,vial,3500.0,716
HOSP-MD-002,MED-043,BATCH-0224526,7,2026-06-29,2028-06-28,2026-06-29,5,0.239,29.29,OK,vial,3500.0,730
HOSP-MD-002,MED-044,BATCH-0221816,6,2026-06-15,2028-06-14,2026-06-29,5,0.328,18.29,OK,vial,450.0,716
HOSP-MD-002,MED-045,BATCH-0220503,1,2026-06-08,2028-06-07,2026-06-29,20,1.511,0.66,OK,tablet,15.0,709
HOSP-MD-002,MED-045,BATCH-0223188,40,2026-06-22,2028-06-21,2026-06-29,20,1.511,26.47,OK,tablet,15.0,723
HOSP-MD-002,MED-046,BATCH-0224527,9,2026-06-29,2027-12-28,2026-06-29,5,0.2,45.0,OK,prefilled,4500.0,547
HOSP-MD-002,MED-047,BATCH-0221817,123,2026-06-15,2029-06-14,2026-06-29,200,15.237,8.07,OK,sachet,6.0,1081
HOSP-MD-002,MED-047,BATCH-0224528,350,2026-06-29,2029-06-28,2026-06-29,200,15.237,22.97,OK,sachet,6.0,1095
HOSP-MD-002,MED-048,BATCH-0223189,70,2026-06-22,2028-06-21,2026-06-29,73,5.398,12.97,OK,bottle,65.0,723
HOSP-MD-002,MED-048,BATCH-0224529,73,2026-06-29,2028-06-28,2026-06-29,73,5.398,13.52,OK,bottle,65.0,730
HOSP-MD-002,MED-049,BATCH-0223190,180,2026-06-22,2028-06-21,2026-06-29,100,6.565,27.42,OK,capsule,2.0,723
HOSP-MD-002,MED-050,BATCH-0221818,40,2026-06-15,2028-06-14,2026-06-29,70,4.654,8.59,OK,vial,120.0,716
HOSP-MD-002,MED-050,BATCH-0224530,90,2026-06-29,2028-06-28,2026-06-29,70,4.654,19.34,OK,vial,120.0,730
HOSP-MD-002,MED-051,BATCH-0221819,36,2026-06-15,2028-06-14,2026-06-29,60,4.224,8.52,OK,vial,80.0,716
HOSP-MD-002,MED-051,BATCH-0223191,60,2026-06-22,2028-06-21,2026-06-29,60,4.224,14.2,OK,vial,80.0,723
HOSP-MD-002,MED-052,BATCH-0223192,104,2026-06-22,2028-06-21,2026-06-29,113,8.297,12.53,OK,kit,25.0,723
HOSP-MD-002,MED-052,BATCH-0224531,113,2026-06-29,2028-06-28,2026-06-29,113,8.297,13.62,OK,kit,25.0,730
HOSP-MD-002,MED-053,BATCH-0220506,27,2026-06-08,2028-06-07,2026-06-29,100,7.09,3.81,OK,ampoule,35.0,709
HOSP-MD-002,MED-053,BATCH-0223193,120,2026-06-22,2028-06-21,2026-06-29,100,7.09,16.93,OK,ampoule,35.0,723
HOSP-MD-002,MED-054,BATCH-0220507,5,2026-06-08,2028-06-07,2026-06-29,52,5.043,0.99,OK,tablet,20.0,709
HOSP-MD-002,MED-054,BATCH-0223194,88,2026-06-22,2028-06-21,2026-06-29,52,5.043,17.45,OK,tablet,20.0,723
HOSP-MD-002,MED-055,BATCH-0223195,38,2026-06-22,2029-06-21,2026-06-29,30,2.579,14.73,OK,ampoule,18.0,1088
HOSP-MD-002,MED-056,BATCH-0221821,18,2026-06-15,2029-06-14,2026-06-29,25,2.308,7.8,OK,ampoule,45.0,1081
HOSP-MD-002,MED-056,BATCH-0224532,40,2026-06-29,2029-06-28,2026-06-29,25,2.308,17.33,OK,ampoule,45.0,1095
HOSP-MD-002,MED-057,BATCH-0221822,15,2026-06-15,2028-06-14,2026-06-29,24,1.738,8.63,OK,bottle,55.0,716
HOSP-MD-002,MED-057,BATCH-0224533,28,2026-06-29,2028-06-28,2026-06-29,24,1.738,16.11,OK,bottle,55.0,730
HOSP-MD-002,MED-058,BATCH-0221823,5,2026-06-15,2028-06-14,2026-06-29,17,1.185,4.22,OK,bottle,90.0,716
HOSP-MD-002,MED-058,BATCH-0223196,17,2026-06-22,2028-06-21,2026-06-29,17,1.185,14.35,OK,bottle,90.0,723
HOSP-MD-002,MED-059,BATCH-0221824,9,2026-06-15,2028-06-14,2026-06-29,15,1.073,8.39,OK,bottle,70.0,716
HOSP-MD-002,MED-059,BATCH-0224534,18,2026-06-29,2028-06-28,2026-06-29,15,1.073,16.78,OK,bottle,70.0,730
HOSP-MD-002,MED-060,BATCH-0223197,18,2026-06-22,2028-06-21,2026-06-29,15,1.071,16.81,OK,vial,2500.0,723
HOSP-MD-002,MED-061,BATCH-0221825,21,2026-06-15,2028-06-14,2026-06-29,30,2.109,9.96,OK,ampoule,25.0,716
HOSP-MD-002,MED-061,BATCH-0224535,50,2026-06-29,2028-06-28,2026-06-29,30,2.109,23.71,OK,ampoule,25.0,730
HOSP-MD-002,MED-062,BATCH-0224536,5,2026-04-17,2029-04-16,2026-06-29,20,1.562,3.2,LOW_STOCK,ampoule,12.0,1022
HOSP-MD-002,MED-063,BATCH-0221827,10,2026-06-15,2028-06-14,2026-06-29,15,1.038,9.63,OK,vial,850.0,716
HOSP-MD-002,MED-063,BATCH-0224537,17,2026-06-29,2028-06-28,2026-06-29,15,1.038,16.38,OK,vial,850.0,730
HOSP-MD-002,MED-064,BATCH-0221828,62,2026-06-15,2031-06-15,2026-06-29,120,8.652,7.17,OK,roll,80.0,1812
HOSP-MD-002,MED-064,BATCH-0224538,156,2026-06-29,2031-06-29,2026-06-29,120,8.652,18.03,OK,roll,80.0,1826
HOSP-MD-002,MED-065,BATCH-0223198,34,2026-06-22,2026-07-22,2026-06-29,18,2.344,14.51,OK,unit,0.0,23
HOSP-MD-002,MED-066,BATCH-0224539,39,2026-06-29,2026-07-29,2026-06-29,13,1.681,23.2,OK,unit,0.0,30
HOSP-MD-002,MED-067,BATCH-0221829,53,2026-06-15,2029-06-14,2026-06-29,90,6.63,7.99,OK,vial,40.0,1081
HOSP-MD-002,MED-067,BATCH-0224540,109,2026-06-29,2029-06-28,2026-06-29,90,6.63,16.44,OK,vial,40.0,1095
HOSP-MD-002,MED-068,BATCH-0220513,3,2026-06-08,2029-06-07,2026-06-29,23,1.685,1.78,OK,vial,180.0,1074
HOSP-MD-002,MED-068,BATCH-0223200,25,2026-06-22,2029-06-21,2026-06-29,23,1.685,14.84,OK,vial,180.0,1088
HOSP-MD-002,MED-069,BATCH-0220514,15,2026-06-08,2029-06-07,2026-06-29,35,2.518,5.96,OK,ampoule,95.0,1074
HOSP-MD-002,MED-069,BATCH-0223201,35,2026-06-22,2029-06-21,2026-06-29,35,2.518,13.9,OK,ampoule,95.0,1088
HOSP-MD-002,MED-070,BATCH-0220515,80,2026-06-08,2028-06-07,2026-06-29,150,5.318,15.04,OK,sachet,120.0,709
HOSP-MD-002,MED-070,BATCH-0223202,150,2026-06-22,2028-06-21,2026-06-29,150,5.318,28.21,OK,sachet,120.0,723
HOSP-MD-002,MED-071,BATCH-0223203,32,2026-06-22,2028-06-21,2026-06-29,30,1.647,19.43,OK,ampoule,150.0,723
HOSP-MD-002,MED-072,BATCH-0223204,33,2026-06-22,2028-06-21,2026-06-29,38,2.767,11.93,OK,vial,650.0,723
HOSP-MD-002,MED-072,BATCH-0224541,38,2026-06-29,2028-06-28,2026-06-29,38,2.767,13.73,OK,vial,650.0,730
HOSP-MD-003,MED-001,BATCH-0221831,15,2026-06-15,2029-06-14,2026-06-29,100,7.497,2.0,OK,tablet,1.5,1081
HOSP-MD-003,MED-001,BATCH-0224542,300,2026-06-29,2029-06-28,2026-06-29,100,7.497,40.02,OK,tablet,1.5,1095
HOSP-MD-003,MED-002,BATCH-0223205,25,2026-06-22,2028-06-21,2026-06-29,19,1.341,18.64,OK,bottle,45.0,723
HOSP-MD-003,MED-003,BATCH-0215772,68,2026-05-11,2029-05-10,2026-06-29,100,2.964,22.94,OK,tablet,2.5,1046
HOSP-MD-003,MED-003,BATCH-0224543,200,2026-06-29,2029-06-28,2026-06-29,100,2.964,67.48,OK,tablet,2.5,1095
HOSP-MD-003,MED-004,BATCH-0219107,1,2026-06-01,2028-05-31,2026-06-29,10,0.795,1.26,OK,ampoule,25.0,702
HOSP-MD-003,MED-004,BATCH-0223206,20,2026-06-22,2028-06-21,2026-06-29,10,0.795,25.16,OK,ampoule,25.0,723
HOSP-MD-003,MED-005,BATCH-0223207,180,2026-06-22,2028-06-21,2026-06-29,100,4.039,44.57,OK,capsule,6.0,723
HOSP-MD-003,MED-006,BATCH-0221833,27,2026-06-15,2028-06-14,2026-06-29,30,1.622,16.65,OK,tablet,35.0,716
HOSP-MD-003,MED-006,BATCH-0224544,30,2026-06-29,2028-06-28,2026-06-29,30,1.622,18.5,OK,tablet,35.0,730
HOSP-MD-003,MED-007,BATCH-0224545,33,2026-06-29,2028-06-28,2026-06-29,18,1.291,25.56,OK,tablet,40.0,730
HOSP-MD-003,MED-008,BATCH-0221835,4,2026-06-15,2029-06-14,2026-06-29,20,1.973,2.03,OK,tablet,8.0,1081
HOSP-MD-003,MED-008,BATCH-0224546,50,2026-06-29,2029-06-28,2026-06-29,20,1.973,25.34,OK,tablet,8.0,1095
HOSP-MD-003,MED-009,BATCH-0223208,11,2026-06-22,2028-06-21,2026-06-29,21,1.484,7.41,OK,vial,85.0,723
HOSP-MD-003,MED-009,BATCH-0224547,26,2026-06-29,2028-06-28,2026-06-29,21,1.484,17.52,OK,vial,85.0,730
HOSP-MD-003,MED-010,BATCH-0220519,130,2026-06-08,2029-06-07,2026-06-29,100,2.459,52.87,OK,tablet,2.0,1074
HOSP-MD-003,MED-011,BATCH-0223209,18,2026-06-22,2029-06-21,2026-06-29,50,3.683,4.89,OK,sachet,8.0,1088
HOSP-MD-003,MED-011,BATCH-0224548,100,2026-06-29,2029-06-28,2026-06-29,50,3.683,27.15,OK,sachet,8.0,1095
HOSP-MD-003,MED-012,BATCH-0219113,18,2026-06-01,2029-05-31,2026-06-29,100,2.296,7.84,OK,tablet,1.2,1067
HOSP-MD-003,MED-012,BATCH-0223210,300,2026-06-22,2029-06-21,2026-06-29,100,2.296,130.66,OK,tablet,1.2,1088
HOSP-MD-003,MED-013,BATCH-0221837,2,2026-06-15,2028-06-14,2026-06-29,29,2.084,0.96,OK,bag,55.0,716
HOSP-MD-003,MED-013,BATCH-0223211,29,2026-06-22,2028-06-21,2026-06-29,29,2.084,13.92,OK,bag,55.0,723
HOSP-MD-003,MED-014,BATCH-0223212,41,2026-06-22,2028-06-21,2026-06-29,42,3.082,13.3,OK,bag,45.0,723
HOSP-MD-003,MED-014,BATCH-0224549,42,2026-06-29,2028-06-28,2026-06-29,42,3.082,13.63,OK,bag,45.0,730
HOSP-MD-003,MED-015,BATCH-0221839,6,2026-06-15,2028-06-14,2026-06-29,22,1.624,3.69,OK,bag,48.0,716
HOSP-MD-003,MED-015,BATCH-0224550,33,2026-06-29,2028-06-28,2026-06-29,22,1.624,20.32,OK,bag,48.0,730
HOSP-MD-003,MED-016,BATCH-0223213,45,2026-06-22,2028-06-21,2026-06-29,24,0.557,80.79,OK,tablet,15.0,723
HOSP-MD-003,MED-017,BATCH-0187666,174,2025-11-17,2028-11-16,2026-06-29,100,0.232,750.0,OK,tablet,1.8,871
HOSP-MD-003,MED-018,BATCH-0221840,5,2026-06-15,2028-06-14,2026-06-29,10,0.671,7.45,OK,unit,180.0,716
HOSP-MD-003,MED-018,BATCH-0224551,13,2026-06-29,2028-06-28,2026-06-29,10,0.671,19.37,OK,unit,180.0,730
HOSP-MD-003,MED-019,BATCH-0220522,4,2026-06-08,2028-06-07,2026-06-29,10,0.943,4.24,OK,ampoule,30.0,709
HOSP-MD-003,MED-019,BATCH-0224552,20,2026-06-29,2028-06-28,2026-06-29,10,0.943,21.21,OK,ampoule,30.0,730
HOSP-MD-003,MED-020,BATCH-0223214,10,2026-06-22,2028-06-21,2026-06-29,10,0.739,13.53,OK,bottle,55.0,723
HOSP-MD-003,MED-021,BATCH-0219116,178,2026-06-01,2029-05-31,2026-06-29,100,3.889,45.77,OK,tablet,1.0,1067
HOSP-MD-003,MED-022,BATCH-0217958,62,2026-05-25,2029-05-24,2026-06-29,100,2.928,21.17,OK,tablet,2.5,1060
HOSP-MD-003,MED-022,BATCH-0223215,200,2026-06-22,2029-06-21,2026-06-29,100,2.928,68.31,OK,tablet,2.5,1088
HOSP-MD-003,MED-023,BATCH-0217959,71,2026-05-25,2029-05-24,2026-06-29,100,3.544,20.03,OK,tablet,1.5,1060
HOSP-MD-003,MED-023,BATCH-0224553,200,2026-06-29,2029-06-28,2026-06-29,100,3.544,56.43,OK,tablet,1.5,1095
HOSP-MD-003,MED-024,BATCH-0221842,3,2026-06-15,2028-06-14,2026-06-29,8,0.546,5.49,OK,vial,450.0,716
HOSP-MD-003,MED-024,BATCH-0223216,9,2026-06-22,2028-06-21,2026-06-29,8,0.546,16.48,OK,vial,450.0,723
HOSP-MD-003,MED-025,BATCH-0205062,78,2026-03-02,2029-03-01,2026-06-29,100,1.728,45.14,OK,tablet,3.0,976
HOSP-MD-003,MED-025,BATCH-0223217,200,2026-06-22,2029-06-21,2026-06-29,100,1.728,115.74,OK,tablet,3.0,1088
HOSP-MD-003,MED-026,BATCH-0216891,243,2026-05-18,2029-05-17,2026-06-29,100,2.512,96.74,OK,tablet,0.8,1053
HOSP-MD-003,MED-027,BATCH-0220524,98,2026-06-08,2029-06-07,2026-06-29,100,2.94,33.33,OK,capsule,2.0,1074
HOSP-MD-003,MED-027,BATCH-0224554,200,2026-06-29,2029-06-28,2026-06-29,100,2.94,68.03,OK,capsule,2.0,1095
HOSP-MD-003,MED-028,BATCH-0223218,25,2026-06-22,2029-06-21,2026-06-29,20,1.295,19.31,OK,tablet,6.0,1088
HOSP-MD-003,MED-029,BATCH-0205065,155,2026-03-02,2029-03-01,2026-06-29,100,0.98,158.16,OK,tablet,1.5,976
HOSP-MD-003,MED-030,BATCH-0221843,3,2026-06-15,2029-06-14,2026-06-29,11,0.8,3.75,OK,bottle_100ml,85.0,1081
HOSP-MD-003,MED-030,BATCH-0224555,16,2026-06-29,2029-06-28,2026-06-29,11,0.8,20.0,OK,bottle_100ml,85.0,1095
HOSP-MD-003,MED-031,BATCH-0219120,83,2026-06-01,2031-06-01,2026-06-29,100,5.113,16.23,OK,pair,25.0,1798
HOSP-MD-003,MED-031,BATCH-0223219,100,2026-06-22,2031-06-22,2026-06-29,100,5.113,19.56,OK,pair,25.0,1819
HOSP-MD-003,MED-032,BATCH-0221844,72,2026-06-15,2031-06-15,2026-06-29,100,5.309,13.56,OK,piece,5.0,1812
HOSP-MD-003,MED-032,BATCH-0224556,200,2026-06-29,2031-06-29,2026-06-29,100,5.309,37.67,OK,piece,5.0,1826
HOSP-MD-003,MED-033,BATCH-0217960,5,2026-05-25,2031-05-25,2026-06-29,50,2.657,1.88,OK,piece,35.0,1791
HOSP-MD-003,MED-033,BATCH-0223220,100,2026-06-22,2031-06-22,2026-06-29,50,2.657,37.64,OK,piece,35.0,1819
HOSP-MD-003,MED-034,BATCH-0211526,5,2026-04-13,2028-04-12,2026-06-29,10,0.362,13.81,OK,vial,25.0,653
HOSP-MD-003,MED-034,BATCH-0223221,20,2026-06-22,2028-06-21,2026-06-29,10,0.362,55.25,OK,vial,25.0,723
HOSP-MD-003,MED-035,BATCH-0223222,7,2026-06-22,2028-06-21,2026-06-29,5,0.189,37.04,OK,vial,350.0,723
HOSP-MD-003,MED-036,BATCH-0219122,83,2026-06-01,2028-05-31,2026-06-29,100,3.171,26.17,OK,tablet,0.5,702
HOSP-MD-003,MED-036,BATCH-0224557,300,2026-06-29,2028-06-28,2026-06-29,100,3.171,94.61,OK,tablet,0.5,730
HOSP-MD-003,MED-037,BATCH-0224558,13,2026-06-29,2029-06-28,2026-06-29,6,0.597,21.78,OK,tablet,8.0,1095
HOSP-MD-003,MED-038,BATCH-0219124,3,2026-06-01,2028-05-31,2026-06-29,10,0.655,4.58,OK,ampoule,12.0,702
HOSP-MD-003,MED-038,BATCH-0223223,20,2026-06-22,2028-06-21,2026-06-29,10,0.655,30.53,OK,ampoule,12.0,723
HOSP-MD-003,MED-039,BATCH-0216897,6,2026-05-18,2029-05-17,2026-06-29,10,0.531,11.3,OK,ampoule,10.0,1053
HOSP-MD-003,MED-039,BATCH-0224559,20,2026-06-29,2029-06-28,2026-06-29,10,0.531,37.66,OK,ampoule,10.0,1095
HOSP-MD-003,MED-040,BATCH-0223224,28,2026-06-22,2029-06-21,2026-06-29,10,0.506,55.34,OK,ampoule,28.0,1088
HOSP-MD-003,MED-041,BATCH-0208320,4,2026-03-23,2028-03-22,2026-06-29,5,0.089,44.94,OK,vial,180.0,632
HOSP-MD-003,MED-041,BATCH-0221846,5,2026-06-15,2028-06-14,2026-06-29,5,0.089,56.18,OK,vial,180.0,716
HOSP-MD-003,MED-042,BATCH-0213632,5,2026-04-27,2028-04-26,2026-06-29,5,0.053,94.34,OK,vial,1200.0,667
HOSP-MD-003,MED-043,BATCH-0181441,2,2025-10-13,2027-10-13,2026-06-29,5,0.05,40.0,OK,vial,3500.0,471
HOSP-MD-003,MED-043,BATCH-0219125,6,2026-06-01,2028-05-31,2026-06-29,5,0.05,120.0,OK,vial,3500.0,702
HOSP-MD-003,MED-044,BATCH-0203918,3,2026-02-23,2028-02-23,2026-06-29,5,0.05,60.0,OK,vial,450.0,604
HOSP-MD-003,MED-044,BATCH-0220526,6,2026-06-08,2028-06-07,2026-06-29,5,0.05,120.0,OK,vial,450.0,709
HOSP-MD-003,MED-045,BATCH-0201645,19,2026-02-09,2028-02-09,2026-06-29,20,0.153,124.18,OK,tablet,15.0,590
HOSP-MD-003,MED-045,BATCH-0224560,40,2026-06-29,2028-06-28,2026-06-29,20,0.153,261.44,OK,tablet,15.0,730
HOSP-MD-003,MED-046,BATCH-0189847,1,2025-12-01,2027-06-01,2026-06-29,5,0.05,20.0,OK,prefilled,4500.0,337
HOSP-MD-003,MED-046,BATCH-0207281,5,2026-03-16,2027-09-14,2026-06-29,5,0.05,100.0,OK,prefilled,4500.0,442
HOSP-MD-003,MED-047,BATCH-0223225,95,2026-06-22,2029-06-21,2026-06-29,50,1.693,56.11,OK,sachet,6.0,1088
HOSP-MD-003,MED-048,BATCH-0223226,6,2026-06-22,2028-06-21,2026-06-29,11,0.797,7.53,OK,bottle,65.0,723
HOSP-MD-003,MED-048,BATCH-0224561,13,2026-06-29,2028-06-28,2026-06-29,11,0.797,16.31,OK,bottle,65.0,730
HOSP-MD-003,MED-049,BATCH-0205070,248,2026-03-02,2028-03-01,2026-06-29,100,0.899,275.86,OK,capsule,2.0,611
HOSP-MD-003,MED-050,BATCH-0220527,9,2026-06-08,2028-06-07,2026-06-29,10,0.544,16.54,OK,vial,120.0,709
HOSP-MD-003,MED-050,BATCH-0224562,10,2026-06-29,2028-06-28,2026-06-29,10,0.544,18.38,OK,vial,120.0,730
HOSP-MD-003,MED-051,BATCH-0219127,1,2026-06-01,2028-05-31,2026-06-29,10,0.523,1.91,OK,vial,80.0,702
HOSP-MD-003,MED-051,BATCH-0223227,20,2026-06-22,2028-06-21,2026-06-29,10,0.523,38.24,OK,vial,80.0,723
HOSP-MD-003,MED-052,BATCH-0223228,21,2026-06-22,2028-06-21,2026-06-29,18,1.303,16.12,OK,kit,25.0,723
HOSP-MD-003,MED-053,BATCH-0221849,25,2026-06-15,2028-06-14,2026-06-29,20,0.977,25.59,OK,ampoule,35.0,716
HOSP-MD-003,MED-054,BATCH-0223229,9,2026-06-22,2028-06-21,2026-06-29,8,0.653,13.78,OK,tablet,20.0,723
HOSP-MD-003,MED-055,BATCH-0220528,10,2026-06-08,2029-06-07,2026-06-29,10,0.359,27.86,OK,ampoule,18.0,1074
HOSP-MD-003,MED-056,BATCH-0221850,6,2026-06-15,2029-06-14,2026-06-29,5,0.332,18.07,OK,ampoule,45.0,1081
HOSP-MD-003,MED-057,BATCH-0221851,5,2026-06-15,2028-06-14,2026-06-29,5,0.285,17.54,OK,bottle,55.0,716
HOSP-MD-003,MED-058,BATCH-0219133,2,2026-06-01,2028-05-31,2026-06-29,5,0.167,11.98,OK,bottle,90.0,702
HOSP-MD-003,MED-058,BATCH-0224563,7,2026-06-29,2028-06-28,2026-06-29,5,0.167,41.92,OK,bottle,90.0,730
HOSP-MD-003,MED-059,BATCH-0219134,4,2026-06-01,2028-05-31,2026-06-29,5,0.169,23.67,OK,bottle,70.0,702
HOSP-MD-003,MED-059,BATCH-0224564,5,2026-06-29,2028-06-28,2026-06-29,5,0.169,29.59,OK,bottle,70.0,730
HOSP-MD-003,MED-060,BATCH-0217964,2,2026-05-25,2028-05-24,2026-06-29,5,0.117,17.09,OK,vial,2500.0,695
HOSP-MD-003,MED-060,BATCH-0224565,7,2026-06-29,2028-06-28,2026-06-29,5,0.117,59.83,OK,vial,2500.0,730
HOSP-MD-003,MED-061,BATCH-0219135,14,2026-06-01,2028-05-31,2026-06-29,10,0.289,48.44,OK,ampoule,25.0,702
HOSP-MD-003,MED-062,BATCH-0214684,13,2026-05-04,2029-05-03,2026-06-29,10,0.195,66.67,OK,ampoule,12.0,1039
HOSP-MD-003,MED-063,BATCH-0219136,5,2026-06-01,2028-05-31,2026-06-29,5,0.139,35.97,OK,vial,850.0,702
HOSP-MD-003,MED-064,BATCH-0221852,31,2026-06-15,2031-06-15,2026-06-29,24,1.237,25.06,OK,roll,80.0,1812
HOSP-MD-003,MED-065,BATCH-0221853,4,2026-06-15,2026-07-15,2026-06-29,3,0.249,16.06,OK,unit,0.0,16
HOSP-MD-003,MED-066,BATCH-0224566,9,2026-06-29,2026-07-29,2026-06-29,3,0.229,39.3,OK,unit,0.0,30
HOSP-MD-003,MED-067,BATCH-0223230,9,2026-06-22,2029-06-21,2026-06-29,11,0.742,12.13,OK,vial,40.0,1088
HOSP-MD-003,MED-067,BATCH-0224567,11,2026-06-29,2029-06-28,2026-06-29,11,0.742,14.82,OK,vial,40.0,1095
HOSP-MD-003,MED-068,BATCH-0221855,1,2026-06-15,2029-06-14,2026-06-29,5,0.221,4.52,OK,vial,180.0,1081
HOSP-MD-003,MED-068,BATCH-0224568,8,2026-06-29,2029-06-28,2026-06-29,5,0.221,36.2,OK,vial,180.0,1095
HOSP-MD-003,MED-069,BATCH-0221856,3,2026-06-15,2029-06-14,2026-06-29,5,0.224,13.39,OK,ampoule,95.0,1081
HOSP-MD-003,MED-069,BATCH-0224569,10,2026-06-29,2029-06-28,2026-06-29,5,0.224,44.64,OK,ampoule,95.0,1095
HOSP-MD-003,MED-070,BATCH-0184197,93,2025-10-27,2027-10-27,2026-06-29,150,0.668,139.22,OK,sachet,120.0,485
HOSP-MD-003,MED-070,BATCH-0212636,150,2026-04-20,2028-04-19,2026-06-29,150,0.668,224.55,OK,sachet,120.0,660
HOSP-MD-003,MED-071,BATCH-0217970,4,2026-05-25,2028-05-24,2026-06-29,10,0.216,18.52,OK,ampoule,150.0,695
HOSP-MD-003,MED-071,BATCH-0223231,10,2026-06-22,2028-06-21,2026-06-29,10,0.216,46.3,OK,ampoule,150.0,723
HOSP-MD-003,MED-072,BATCH-0221857,4,2026-06-15,2028-06-14,2026-06-29,6,0.39,10.26,OK,vial,650.0,716
HOSP-MD-003,MED-072,BATCH-0224570,6,2026-06-29,2028-06-28,2026-06-29,6,0.39,15.38,OK,vial,650.0,730
HOSP-MD-004,MED-001,BATCH-0223232,3174,2026-06-22,2029-06-21,2026-06-29,3200,310.693,10.22,OK,tablet,1.5,1088
HOSP-MD-004,MED-001,BATCH-0224571,4200,2026-06-29,2029-06-28,2026-06-29,3200,310.693,13.52,OK,tablet,1.5,1095
HOSP-MD-004,MED-002,BATCH-0223233,386,2026-06-22,2028-06-21,2026-06-29,564,41.722,9.25,OK,bottle,45.0,723
HOSP-MD-004,MED-002,BATCH-0224572,629,2026-06-29,2028-06-28,2026-06-29,564,41.722,15.08,OK,bottle,45.0,730
HOSP-MD-004,MED-003,BATCH-0223234,1739,2026-06-22,2029-06-21,2026-06-29,1400,131.434,13.23,OK,tablet,2.5,1088
HOSP-MD-004,MED-004,BATCH-0223235,429,2026-06-22,2028-06-21,2026-06-29,390,38.335,11.19,OK,ampoule,25.0,723
HOSP-MD-004,MED-005,BATCH-0224573,4000,2026-06-29,2028-06-28,2026-06-29,1700,163.652,24.44,OK,capsule,6.0,730
HOSP-MD-004,MED-006,BATCH-0221861,41,2026-06-15,2028-06-14,2026-06-29,760,55.816,0.73,OK,tablet,35.0,716
HOSP-MD-004,MED-006,BATCH-0223237,770,2026-06-22,2028-06-21,2026-06-29,760,55.816,13.8,OK,tablet,35.0,723
HOSP-MD-004,MED-007,BATCH-0223238,674,2026-06-22,2028-06-21,2026-06-29,792,58.529,11.52,OK,tablet,40.0,723
HOSP-MD-004,MED-007,BATCH-0224574,792,2026-06-29,2028-06-28,2026-06-29,792,58.529,13.53,OK,tablet,40.0,730
HOSP-MD-004,MED-008,BATCH-0223239,1067,2026-06-22,2029-06-21,2026-06-29,810,80.164,13.31,OK,tablet,8.0,1088
HOSP-MD-004,MED-009,BATCH-0223240,408,2026-06-22,2028-06-21,2026-06-29,899,66.556,6.13,OK,vial,85.0,723
HOSP-MD-004,MED-009,BATCH-0224575,1210,2026-06-29,2028-06-28,2026-06-29,899,66.556,18.18,OK,vial,85.0,730
HOSP-MD-004,MED-010,BATCH-0224576,2100,2026-06-29,2029-06-28,2026-06-29,700,86.927,24.16,OK,tablet,2.0,1095
HOSP-MD-004,MED-011,BATCH-0223242,341,2026-06-22,2029-06-21,2026-06-29,2200,160.483,2.12,OK,sachet,8.0,1088
HOSP-MD-004,MED-011,BATCH-0224577,3650,2026-06-29,2029-06-28,2026-06-29,2200,160.483,22.74,OK,sachet,8.0,1095
HOSP-MD-004,MED-012,BATCH-0223243,779,2026-06-22,2029-06-21,2026-06-29,1000,125.653,6.2,OK,tablet,1.2,1088
HOSP-MD-004,MED-012,BATCH-0224578,2300,2026-06-29,2029-06-28,2026-06-29,1000,125.653,18.3,OK,tablet,1.2,1095
HOSP-MD-004,MED-013,BATCH-0221867,352,2026-06-15,2028-06-14,2026-06-29,1017,75.295,4.67,OK,bag,55.0,716
HOSP-MD-004,MED-013,BATCH-0224579,1478,2026-06-29,2028-06-28,2026-06-29,1017,75.295,19.63,OK,bag,55.0,730
HOSP-MD-004,MED-014,BATCH-0223244,1162,2026-06-22,2028-06-21,2026-06-29,1546,114.469,10.15,OK,bag,45.0,723
HOSP-MD-004,MED-014,BATCH-0224580,1620,2026-06-29,2028-06-28,2026-06-29,1546,114.469,14.15,OK,bag,45.0,730
HOSP-MD-004,MED-015,BATCH-0221868,61,2026-06-15,2028-06-14,2026-06-29,899,66.532,0.92,OK,bag,48.0,716
HOSP-MD-004,MED-015,BATCH-0223245,1004,2026-06-22,2028-06-21,2026-06-29,899,66.532,15.09,OK,bag,48.0,723
HOSP-MD-004,MED-016,BATCH-0223246,90,2026-06-22,2028-06-21,2026-06-29,216,21.5,4.19,OK,tablet,15.0,723
HOSP-MD-004,MED-016,BATCH-0224581,408,2026-06-29,2028-06-28,2026-06-29,216,21.5,18.98,OK,tablet,15.0,730
HOSP-MD-004,MED-017,BATCH-0224582,147,2026-04-13,2029-04-12,2026-06-29,100,11.486,12.8,OK,tablet,1.8,1018
HOSP-MD-004,MED-018,BATCH-0221871,65,2026-06-15,2028-06-14,2026-06-29,434,32.091,2.03,OK,unit,180.0,716
HOSP-MD-004,MED-018,BATCH-0224583,716,2026-06-29,2028-06-28,2026-06-29,434,32.091,22.31,OK,unit,180.0,730
HOSP-MD-004,MED-019,BATCH-0221872,111,2026-06-15,2028-06-14,2026-06-29,320,31.804,3.49,OK,ampoule,30.0,716
HOSP-MD-004,MED-019,BATCH-0224584,630,2026-06-29,2028-06-28,2026-06-29,320,31.804,19.81,OK,ampoule,30.0,730
HOSP-MD-004,MED-020,BATCH-0224585,675,2026-06-29,2028-06-28,2026-06-29,375,27.741,24.33,OK,bottle,55.0,730
HOSP-MD-004,MED-021,BATCH-0221874,104,2026-06-15,2029-06-14,2026-06-29,1200,152.889,0.68,OK,tablet,1.0,1081
HOSP-MD-004,MED-021,BATCH-0224586,3500,2026-06-29,2029-06-28,2026-06-29,1200,152.889,22.89,OK,tablet,1.0,1095
HOSP-MD-004,MED-022,BATCH-0220541,194,2026-06-08,2029-06-07,2026-06-29,1300,121.615,1.6,OK,tablet,2.5,1074
HOSP-MD-004,MED-022,BATCH-0223248,2000,2026-06-22,2029-06-21,2026-06-29,1300,121.615,16.45,OK,tablet,2.5,1088
HOSP-MD-004,MED-023,BATCH-0221875,648,2026-06-15,2029-06-14,2026-06-29,1700,162.904,3.98,OK,tablet,1.5,1081
HOSP-MD-004,MED-023,BATCH-0224587,3300,2026-06-29,2029-06-28,2026-06-29,1700,162.904,20.26,OK,tablet,1.5,1095
HOSP-MD-004,MED-024,BATCH-0221876,64,2026-06-15,2028-06-14,2026-06-29,310,22.902,2.79,OK,vial,450.0,716
HOSP-MD-004,MED-024,BATCH-0223249,316,2026-06-22,2028-06-21,2026-06-29,310,22.902,13.8,OK,vial,450.0,723
HOSP-MD-004,MED-025,BATCH-0221877,454,2026-06-15,2029-06-14,2026-06-29,800,74.987,6.05,OK,tablet,3.0,1081
HOSP-MD-004,MED-025,BATCH-0224588,1400,2026-06-29,2029-06-28,2026-06-29,800,74.987,18.67,OK,tablet,3.0,1095
HOSP-MD-004,MED-026,BATCH-0221878,711,2026-06-15,2029-06-14,2026-06-29,1000,121.09,5.87,OK,tablet,0.8,1081
HOSP-MD-004,MED-026,BATCH-0224589,2300,2026-06-29,2029-06-28,2026-06-29,1000,121.09,18.99,OK,tablet,0.8,1095
HOSP-MD-004,MED-027,BATCH-0224590,2800,2026-06-29,2029-06-28,2026-06-29,1200,117.908,23.75,OK,capsule,2.0,1095
HOSP-MD-004,MED-028,BATCH-0223251,463,2026-06-22,2029-06-21,2026-06-29,470,46.977,9.86,OK,tablet,6.0,1088
HOSP-MD-004,MED-028,BATCH-0224591,620,2026-06-29,2029-06-28,2026-06-29,470,46.977,13.2,OK,tablet,6.0,1095
HOSP-MD-004,MED-029,BATCH-0223252,444,2026-06-22,2029-06-21,2026-06-29,400,45.083,9.85,OK,tablet,1.5,1088
HOSP-MD-004,MED-030,BATCH-0221881,213,2026-06-15,2029-06-14,2026-06-29,431,31.914,6.67,OK,bottle_100ml,85.0,1081
HOSP-MD-004,MED-030,BATCH-0224592,562,2026-06-29,2029-06-28,2026-06-29,431,31.914,17.61,OK,bottle_100ml,85.0,1095
HOSP-MD-004,MED-031,BATCH-0220545,193,2026-06-08,2031-06-08,2026-06-29,3450,252.069,0.77,OK,pair,25.0,1805
HOSP-MD-004,MED-031,BATCH-0223253,3850,2026-06-22,2031-06-22,2026-06-29,3450,252.069,15.27,OK,pair,25.0,1819
HOSP-MD-004,MED-032,BATCH-0223254,4070,2026-06-22,2031-06-22,2026-06-29,3800,275.73,14.76,OK,piece,5.0,1819
HOSP-MD-004,MED-033,BATCH-0221882,556,2026-06-15,2031-06-15,2026-06-29,1300,96.064,5.79,OK,piece,35.0,1812
HOSP-MD-004,MED-033,BATCH-0224593,1800,2026-06-29,2031-06-29,2026-06-29,1300,96.064,18.74,OK,piece,35.0,1826
HOSP-MD-004,MED-034,BATCH-0223255,301,2026-06-22,2028-06-21,2026-06-29,190,18.471,16.3,OK,vial,25.0,723
HOSP-MD-004,MED-035,BATCH-0223256,68,2026-06-22,2028-06-21,2026-06-29,131,9.69,7.02,OK,vial,350.0,723
HOSP-MD-004,MED-035,BATCH-0224594,167,2026-06-29,2028-06-28,2026-06-29,131,9.69,17.23,OK,vial,350.0,730
HOSP-MD-004,MED-036,BATCH-0221884,1225,2026-06-15,2028-06-14,2026-06-29,1100,140.633,8.71,OK,tablet,0.5,716
HOSP-MD-004,MED-037,BATCH-0223257,315,2026-06-22,2029-06-21,2026-06-29,241,24.039,13.1,OK,tablet,8.0,1088
HOSP-MD-004,MED-038,BATCH-0221885,89,2026-06-15,2028-06-14,2026-06-29,320,31.934,2.79,OK,ampoule,12.0,716
HOSP-MD-004,MED-038,BATCH-0224595,650,2026-06-29,2028-06-28,2026-06-29,320,31.934,20.35,OK,ampoule,12.0,730
HOSP-MD-004,MED-039,BATCH-0221886,199,2026-06-15,2029-06-14,2026-06-29,280,27.243,7.3,OK,ampoule,10.0,1081
HOSP-MD-004,MED-039,BATCH-0224596,450,2026-06-29,2029-06-28,2026-06-29,280,27.243,16.52,OK,ampoule,10.0,1095
HOSP-MD-004,MED-040,BATCH-0221887,153,2026-06-15,2029-06-14,2026-06-29,200,19.515,7.84,OK,ampoule,28.0,1081
HOSP-MD-004,MED-040,BATCH-0224597,310,2026-06-29,2029-06-28,2026-06-29,200,19.515,15.89,OK,ampoule,28.0,1095
HOSP-MD-004,MED-041,BATCH-0221888,17,2026-06-15,2028-06-14,2026-06-29,43,3.157,5.38,OK,vial,180.0,716
HOSP-MD-004,MED-041,BATCH-0224598,60,2026-06-29,2028-06-28,2026-06-29,43,3.157,19.01,OK,vial,180.0,730
HOSP-MD-004,MED-042,BATCH-0223258,23,2026-06-22,2028-06-21,2026-06-29,31,2.261,10.17,OK,vial,1200.0,723
HOSP-MD-004,MED-042,BATCH-0224599,32,2026-06-29,2028-06-28,2026-06-29,31,2.261,14.15,OK,vial,1200.0,730
HOSP-MD-004,MED-043,BATCH-0221889,11,2026-06-15,2028-06-14,2026-06-29,19,1.388,7.93,OK,vial,3500.0,716
HOSP-MD-004,MED-043,BATCH-0224600,23,2026-06-29,2028-06-28,2026-06-29,19,1.388,16.57,OK,vial,3500.0,730
HOSP-MD-004,MED-044,BATCH-0221890,14,2026-06-15,2028-06-14,2026-06-29,21,1.522,9.2,OK,vial,450.0,716
HOSP-MD-004,MED-044,BATCH-0224601,23,2026-06-29,2028-06-28,2026-06-29,21,1.522,15.11,OK,vial,450.0,730
HOSP-MD-004,MED-045,BATCH-0221891,87,2026-06-15,2028-06-14,2026-06-29,80,6.583,13.22,OK,tablet,15.0,716
HOSP-MD-004,MED-046,BATCH-0219172,10,2026-06-01,2027-11-30,2026-06-29,13,0.949,10.54,OK,prefilled,4500.0,519
HOSP-MD-004,MED-046,BATCH-0224602,13,2026-06-29,2027-12-28,2026-06-29,13,0.949,13.7,OK,prefilled,4500.0,547
HOSP-MD-004,MED-047,BATCH-0224603,2100,2026-06-29,2029-06-28,2026-06-29,900,88.77,23.66,OK,sachet,6.0,1095
HOSP-MD-004,MED-048,BATCH-0221893,84,2026-06-15,2028-06-14,2026-06-29,393,29.054,2.89,OK,bottle,65.0,716
HOSP-MD-004,MED-048,BATCH-0223259,393,2026-06-22,2028-06-21,2026-06-29,393,29.054,13.53,OK,bottle,65.0,723
HOSP-MD-004,MED-049,BATCH-0223260,770,2026-06-22,2028-06-21,2026-06-29,400,42.726,18.02,OK,capsule,2.0,723
HOSP-MD-004,MED-050,BATCH-0221894,266,2026-06-15,2028-06-14,2026-06-29,350,25.648,10.37,OK,vial,120.0,716
HOSP-MD-004,MED-050,BATCH-0224604,370,2026-06-29,2028-06-28,2026-06-29,350,25.648,14.43,OK,vial,120.0,730
HOSP-MD-004,MED-051,BATCH-0220553,206,2026-06-08,2028-06-07,2026-06-29,240,17.318,11.9,OK,vial,80.0,709
HOSP-MD-004,MED-051,BATCH-0223261,240,2026-06-22,2028-06-21,2026-06-29,240,17.318,13.86,OK,vial,80.0,723
HOSP-MD-004,MED-052,BATCH-0223262,722,2026-06-22,2028-06-21,2026-06-29,673,49.847,14.48,OK,kit,25.0,723
HOSP-MD-004,MED-053,BATCH-0223263,678,2026-06-22,2028-06-21,2026-06-29,570,41.755,16.24,OK,ampoule,35.0,723
HOSP-MD-004,MED-054,BATCH-0223264,423,2026-06-22,2028-06-21,2026-06-29,252,25.041,16.89,OK,tablet,20.0,723
HOSP-MD-004,MED-055,BATCH-0223265,271,2026-06-22,2029-06-21,2026-06-29,160,15.849,17.1,OK,ampoule,18.0,1088
HOSP-MD-004,MED-056,BATCH-0221895,26,2026-06-15,2029-06-14,2026-06-29,115,11.316,2.3,OK,ampoule,45.0,1081
HOSP-MD-004,MED-056,BATCH-0223266,170,2026-06-22,2029-06-21,2026-06-29,115,11.316,15.02,OK,ampoule,45.0,1088
HOSP-MD-004,MED-057,BATCH-0220558,5,2026-06-08,2028-06-07,2026-06-29,126,9.288,0.54,OK,bottle,55.0,709
HOSP-MD-004,MED-057,BATCH-0223267,126,2026-06-22,2028-06-21,2026-06-29,126,9.288,13.57,OK,bottle,55.0,723
HOSP-MD-004,MED-058,BATCH-0223268,123,2026-06-22,2028-06-21,2026-06-29,101,7.479,16.45,OK,bottle,90.0,723
HOSP-MD-004,MED-059,BATCH-0221896,46,2026-06-15,2028-06-14,2026-06-29,73,5.349,8.6,OK,bottle,70.0,716
HOSP-MD-004,MED-059,BATCH-0224605,85,2026-06-29,2028-06-28,2026-06-29,73,5.349,15.89,OK,bottle,70.0,730
HOSP-MD-004,MED-060,BATCH-0221897,1,2026-06-15,2028-06-14,2026-06-29,50,3.648,0.27,OK,vial,2500.0,716
HOSP-MD-004,MED-060,BATCH-0223269,50,2026-06-22,2028-06-21,2026-06-29,50,3.648,13.71,OK,vial,2500.0,723
HOSP-MD-004,MED-061,BATCH-0223270,210,2026-06-22,2028-06-21,2026-06-29,130,12.825,16.37,OK,ampoule,25.0,723
HOSP-MD-004,MED-062,BATCH-0224606,210,2026-06-29,2029-06-28,2026-06-29,70,8.092,25.95,OK,ampoule,12.0,1095
HOSP-MD-004,MED-063,BATCH-0223272,77,2026-06-22,2028-06-21,2026-06-29,77,5.638,13.66,OK,vial,850.0,723
HOSP-MD-004,MED-064,BATCH-0221900,339,2026-06-15,2031-06-15,2026-06-29,552,40.024,8.47,OK,roll,80.0,1812
HOSP-MD-004,MED-064,BATCH-0224607,660,2026-06-29,2031-06-29,2026-06-29,552,40.024,16.49,OK,roll,80.0,1826
HOSP-MD-004,MED-065,BATCH-0224608,4,2026-06-15,2026-07-15,2026-06-29,76,10.09,0.4,LOW_STOCK,unit,0.0,16
HOSP-MD-004,MED-066,BATCH-0221902,53,2026-06-15,2026-07-15,2026-06-29,58,7.715,6.87,OK,unit,0.0,16
HOSP-MD-004,MED-066,BATCH-0224609,121,2026-06-29,2026-07-29,2026-06-29,58,7.715,15.68,OK,unit,0.0,30
HOSP-MD-004,MED-067,BATCH-0221903,130,2026-06-15,2029-06-14,2026-06-29,379,28.032,4.64,OK,vial,40.0,1081
HOSP-MD-004,MED-067,BATCH-0223274,379,2026-06-22,2029-06-21,2026-06-29,379,28.032,13.52,OK,vial,40.0,1088
HOSP-MD-004,MED-068,BATCH-0224610,221,2026-06-29,2029-06-28,2026-06-29,123,9.047,24.43,OK,vial,180.0,1095
HOSP-MD-004,MED-069,BATCH-0221904,64,2026-06-15,2029-06-14,2026-06-29,125,8.959,7.14,OK,ampoule,95.0,1081
HOSP-MD-004,MED-069,BATCH-0224611,165,2026-06-29,2029-06-28,2026-06-29,125,8.959,18.42,OK,ampoule,95.0,1095
HOSP-MD-004,MED-070,BATCH-0223276,606,2026-06-22,2028-06-21,2026-06-29,450,29.429,20.59,OK,sachet,120.0,723
HOSP-MD-004,MED-071,BATCH-0221905,66,2026-06-15,2028-06-14,2026-06-29,100,7.24,9.12,OK,ampoule,150.0,716
HOSP-MD-004,MED-071,BATCH-0224612,120,2026-06-29,2028-06-28,2026-06-29,100,7.24,16.57,OK,ampoule,150.0,730
HOSP-MD-004,MED-072,BATCH-0223277,179,2026-06-22,2028-06-21,2026-06-29,207,15.282,11.71,OK,vial,650.0,723
HOSP-MD-004,MED-072,BATCH-0224613,207,2026-06-29,2028-06-28,2026-06-29,207,15.282,13.55,OK,vial,650.0,730
HOSP-GD-002,MED-001,BATCH-0221361,7,2026-06-13,2029-06-12,2026-06-29,200,16.217,0.43,OK,tablet,1.5,1079
HOSP-GD-002,MED-001,BATCH-0224054,300,2026-06-29,2029-06-28,2026-06-29,200,16.217,18.5,OK,tablet,1.5,1095
HOSP-GD-002,MED-002,BATCH-0224055,30,2026-06-27,2028-06-26,2026-06-29,37,2.68,11.19,LOW_STOCK,bottle,45.0,728
HOSP-GD-002,MED-003,BATCH-0220005,132,2026-06-07,2029-06-06,2026-06-29,100,5.142,25.67,OK,tablet,2.5,1073
HOSP-GD-002,MED-004,BATCH-0222679,25,2026-06-20,2028-06-19,2026-06-29,30,2.399,10.42,LOW_STOCK,ampoule,25.0,721
HOSP-GD-002,MED-005,BATCH-0222680,142,2026-06-21,2028-06-20,2026-06-29,100,6.786,20.93,OK,capsule,6.0,722
HOSP-GD-002,MED-006,BATCH-0222681,25,2026-06-20,2028-06-19,2026-06-29,50,3.458,7.23,LOW_STOCK,tablet,35.0,721
HOSP-GD-002,MED-007,BATCH-0224056,47,2026-06-27,2028-06-26,2026-06-29,39,2.754,17.07,OK,tablet,40.0,728
HOSP-GD-002,MED-009,BATCH-0222683,11,2026-06-21,2028-06-20,2026-06-29,40,2.899,3.79,LOW_STOCK,vial,85.0,722
HOSP-GD-002,MED-010,BATCH-0222684,179,2026-06-20,2029-06-19,2026-06-29,100,5.201,34.42,OK,tablet,2.0,1086
HOSP-GD-002,MED-011,BATCH-0224057,91,2026-06-29,2029-06-28,2026-06-29,150,7.812,11.65,LOW_STOCK,sachet,8.0,1095
HOSP-GD-002,MED-012,BATCH-0221366,57,2026-06-13,2029-06-12,2026-06-29,100,5.631,10.12,LOW_STOCK,tablet,1.2,1079
HOSP-GD-002,MED-014,BATCH-0224058,71,2026-06-28,2028-06-27,2026-06-29,80,5.855,12.13,LOW_STOCK,bag,45.0,729
HOSP-GD-002,MED-015,BATCH-0224059,56,2026-06-29,2028-06-28,2026-06-29,55,4.015,13.95,OK,bag,48.0,730
HOSP-GD-002,MED-016,BATCH-0222687,47,2026-06-22,2028-06-21,2026-06-29,24,1.219,38.56,OK,tablet,15.0,723
HOSP-GD-002,MED-017,BATCH-0182306,249,2025-10-18,2028-10-17,2026-06-29,100,0.512,486.33,OK,tablet,1.8,841
HOSP-GD-002,MED-018,BATCH-0222688,3,2026-06-21,2028-06-20,2026-06-29,23,1.653,1.81,OK,unit,180.0,722
HOSP-GD-002,MED-018,BATCH-0224060,23,2026-06-27,2028-06-26,2026-06-29,23,1.653,13.91,OK,unit,180.0,728
HOSP-GD-002,MED-019,BATCH-0224061,21,2026-06-27,2028-06-26,2026-06-29,20,1.748,12.01,OK,ampoule,30.0,728
HOSP-GD-002,MED-020,BATCH-0222689,6,2026-06-20,2028-06-19,2026-06-29,21,1.519,3.95,LOW_STOCK,bottle,55.0,721
HOSP-GD-002,MED-021,BATCH-0222690,112,2026-06-20,2029-06-19,2026-06-29,100,7.246,15.46,OK,tablet,1.0,1086
HOSP-GD-002,MED-022,BATCH-0220016,42,2026-06-06,2029-06-05,2026-06-29,100,4.762,8.82,OK,tablet,2.5,1072
HOSP-GD-002,MED-022,BATCH-0224062,200,2026-06-28,2029-06-27,2026-06-29,100,4.762,42.0,OK,tablet,2.5,1094
HOSP-GD-002,MED-023,BATCH-0222691,60,2026-06-22,2029-06-21,2026-06-29,100,8.263,7.26,LOW_STOCK,tablet,1.5,1088
HOSP-GD-002,MED-024,BATCH-0222692,11,2026-06-22,2028-06-21,2026-06-29,16,1.135,9.69,LOW_STOCK,vial,450.0,723
HOSP-GD-002,MED-025,BATCH-0220018,123,2026-06-07,2029-06-06,2026-06-29,100,3.818,32.22,OK,tablet,3.0,1073
HOSP-GD-002,MED-026,BATCH-0221371,131,2026-06-13,2029-06-12,2026-06-29,100,5.694,23.01,OK,tablet,0.8,1079
HOSP-GD-002,MED-027,BATCH-0222693,4,2026-06-22,2029-06-21,2026-06-29,100,6.869,0.58,LOW_STOCK,capsule,2.0,1088
HOSP-GD-002,MED-028,BATCH-0222694,30,2026-06-21,2029-06-20,2026-06-29,30,2.704,11.09,OK,tablet,6.0,1087
HOSP-GD-002,MED-029,BATCH-0224063,180,2026-06-29,2029-06-28,2026-06-29,100,1.827,98.52,OK,tablet,1.5,1095
HOSP-GD-002,MED-030,BATCH-0222695,1,2026-06-22,2029-06-21,2026-06-29,25,1.783,0.56,OK,bottle_100ml,85.0,1088
HOSP-GD-002,MED-030,BATCH-0224064,28,2026-06-27,2029-06-26,2026-06-29,25,1.783,15.7,OK,bottle_100ml,85.0,1093
HOSP-GD-002,MED-031,BATCH-0222696,148,2026-06-21,2031-06-21,2026-06-29,150,8.058,18.37,LOW_STOCK,pair,25.0,1818
HOSP-GD-002,MED-032,BATCH-0222697,231,2026-06-21,2031-06-21,2026-06-29,200,12.916,17.88,OK,piece,5.0,1818
HOSP-GD-002,MED-033,BATCH-0221372,60,2026-06-15,2031-06-15,2026-06-29,100,4.858,12.35,LOW_STOCK,piece,35.0,1812
HOSP-GD-002,MED-034,BATCH-0222698,15,2026-06-22,2028-06-21,2026-06-29,10,0.821,18.27,OK,vial,25.0,723
HOSP-GD-002,MED-035,BATCH-0224065,6,2026-06-28,2028-06-27,2026-06-29,6,0.417,14.39,OK,vial,350.0,729
HOSP-GD-002,MED-036,BATCH-0222699,104,2026-06-21,2028-06-20,2026-06-29,100,5.803,17.92,OK,tablet,0.5,722
HOSP-GD-002,MED-037,BATCH-0221374,3,2026-06-13,2029-06-12,2026-06-29,15,1.429,2.1,OK,tablet,8.0,1079
HOSP-GD-002,MED-037,BATCH-0224066,20,2026-06-27,2029-06-26,2026-06-29,15,1.429,14.0,OK,tablet,8.0,1093
HOSP-GD-002,MED-038,BATCH-0221375,2,2026-06-14,2028-06-13,2026-06-29,20,1.491,1.34,OK,ampoule,12.0,715
HOSP-GD-002,MED-038,BATCH-0224067,30,2026-06-28,2028-06-27,2026-06-29,20,1.491,20.12,OK,ampoule,12.0,729
HOSP-GD-002,MED-039,BATCH-0222700,31,2026-06-22,2029-06-21,2026-06-29,20,1.104,28.08,OK,ampoule,10.0,1088
HOSP-GD-002,MED-040,BATCH-0222701,3,2026-06-22,2029-06-21,2026-06-29,10,0.874,3.43,LOW_STOCK,ampoule,28.0,1088
HOSP-GD-002,MED-041,BATCH-0222702,2,2026-06-21,2028-06-20,2026-06-29,5,0.149,13.42,LOW_STOCK,vial,180.0,722
HOSP-GD-002,MED-042,BATCH-0222703,6,2026-06-22,2028-06-21,2026-06-29,5,0.105,57.14,OK,vial,1200.0,723
HOSP-GD-002,MED-043,BATCH-0221376,6,2026-06-13,2028-06-12,2026-06-29,5,0.061,98.36,OK,vial,3500.0,714
HOSP-GD-002,MED-044,BATCH-0213265,2,2026-04-25,2028-04-24,2026-06-29,5,0.085,23.53,OK,vial,450.0,665
HOSP-GD-002,MED-044,BATCH-0222704,6,2026-06-21,2028-06-20,2026-06-29,5,0.085,70.59,OK,vial,450.0,722
HOSP-GD-002,MED-045,BATCH-0213266,20,2026-04-26,2028-04-25,2026-06-29,20,0.373,53.62,OK,tablet,15.0,666
HOSP-GD-002,MED-046,BATCH-0210117,1,2026-04-06,2027-10-05,2026-06-29,5,0.056,17.86,OK,prefilled,4500.0,463
HOSP-GD-002,MED-046,BATCH-0218672,6,2026-06-01,2027-11-30,2026-06-29,5,0.056,107.14,OK,prefilled,4500.0,519
HOSP-GD-002,MED-047,BATCH-0224068,25,2026-06-27,2029-06-26,2026-06-29,50,4.916,5.09,LOW_STOCK,sachet,6.0,1093
HOSP-GD-002,MED-048,BATCH-0222705,13,2026-06-22,2028-06-21,2026-06-29,19,1.376,9.45,LOW_STOCK,bottle,65.0,723
HOSP-GD-002,MED-049,BATCH-0207940,142,2026-03-23,2028-03-22,2026-06-29,100,1.685,84.27,OK,capsule,2.0,632
HOSP-GD-002,MED-050,BATCH-0222706,18,2026-06-20,2028-06-19,2026-06-29,20,1.302,13.82,LOW_STOCK,vial,120.0,721
HOSP-GD-002,MED-051,BATCH-0218673,4,2026-05-31,2028-05-30,2026-06-29,20,1.044,3.83,OK,vial,80.0,701
HOSP-GD-002,MED-051,BATCH-0224069,30,2026-06-28,2028-06-27,2026-06-29,20,1.044,28.74,OK,vial,80.0,729
HOSP-GD-002,MED-052,BATCH-0222707,18,2026-06-22,2028-06-21,2026-06-29,36,2.628,6.85,LOW_STOCK,kit,25.0,723
HOSP-GD-002,MED-053,BATCH-0221378,17,2026-06-14,2028-06-13,2026-06-29,30,1.892,8.99,OK,ampoule,35.0,715
HOSP-GD-002,MED-053,BATCH-0224070,30,2026-06-28,2028-06-27,2026-06-29,30,1.892,15.86,OK,ampoule,35.0,729
HOSP-GD-002,MED-054,BATCH-0224071,26,2026-06-27,2028-06-26,2026-06-29,16,1.322,19.67,OK,tablet,20.0,728
HOSP-GD-002,MED-055,BATCH-0222708,5,2026-06-22,2029-06-21,2026-06-29,10,0.769,6.5,LOW_STOCK,ampoule,18.0,1088
HOSP-GD-002,MED-057,BATCH-0222709,5,2026-06-21,2028-06-20,2026-06-29,8,0.532,9.4,LOW_STOCK,bottle,55.0,722
HOSP-GD-002,MED-058,BATCH-0224072,9,2026-06-28,2028-06-27,2026-06-29,5,0.351,25.64,OK,bottle,90.0,729
HOSP-GD-002,MED-059,BATCH-0220030,2,2026-06-07,2028-06-06,2026-06-29,5,0.302,6.62,OK,bottle,70.0,708
HOSP-GD-002,MED-059,BATCH-0224073,5,2026-06-27,2028-06-26,2026-06-29,5,0.302,16.56,OK,bottle,70.0,728
HOSP-GD-002,MED-060,BATCH-0220031,1,2026-06-08,2028-06-07,2026-06-29,5,0.235,4.26,OK,vial,2500.0,709
HOSP-GD-002,MED-060,BATCH-0222711,5,2026-06-21,2028-06-20,2026-06-29,5,0.235,21.28,OK,vial,2500.0,722
HOSP-GD-002,MED-061,BATCH-0220032,6,2026-06-06,2028-06-05,2026-06-29,10,0.631,9.51,OK,ampoule,25.0,707
HOSP-GD-002,MED-061,BATCH-0224074,20,2026-06-29,2028-06-28,2026-06-29,10,0.631,31.7,OK,ampoule,25.0,730
HOSP-GD-002,MED-062,BATCH-0221381,18,2026-06-13,2029-06-12,2026-06-29,10,0.408,44.12,OK,ampoule,12.0,1079
HOSP-GD-002,MED-063,BATCH-0224075,7,2026-06-27,2028-06-26,2026-06-29,5,0.337,20.77,OK,vial,850.0,728
HOSP-GD-002,MED-064,BATCH-0222713,23,2026-06-21,2031-06-21,2026-06-29,36,2.271,10.13,LOW_STOCK,roll,80.0,1818
HOSP-GD-002,MED-065,BATCH-0222714,5,2026-06-21,2026-07-21,2026-06-29,5,0.63,7.94,OK,unit,0.0,22
HOSP-GD-002,MED-066,BATCH-0224076,8,2026-06-28,2026-07-28,2026-06-29,4,0.426,18.78,OK,unit,0.0,29
HOSP-GD-002,MED-067,BATCH-0222715,16,2026-06-21,2029-06-20,2026-06-29,19,1.399,11.44,LOW_STOCK,vial,40.0,1087
HOSP-GD-002,MED-068,BATCH-0224077,6,2026-06-28,2029-06-27,2026-06-29,7,0.518,11.58,LOW_STOCK,vial,180.0,1094
HOSP-GD-002,MED-069,BATCH-0221386,6,2026-06-15,2029-06-14,2026-06-29,10,0.556,10.79,LOW_STOCK,ampoule,95.0,1081
HOSP-GD-002,MED-070,BATCH-0197622,56,2026-01-19,2028-01-19,2026-06-29,150,1.178,47.54,OK,sachet,120.0,569
HOSP-GD-002,MED-070,BATCH-0215406,150,2026-05-11,2028-05-10,2026-06-29,150,1.178,127.33,OK,sachet,120.0,681
HOSP-GD-002,MED-071,BATCH-0220036,9,2026-06-06,2028-06-05,2026-06-29,10,0.376,23.94,LOW_STOCK,ampoule,150.0,707
HOSP-GD-002,MED-072,BATCH-0224078,8,2026-06-27,2028-06-26,2026-06-29,12,0.817,9.79,LOW_STOCK,vial,650.0,728
HOSP-GD-003,MED-001,BATCH-0224079,180,2026-06-28,2029-06-27,2026-06-29,100,7.384,24.38,OK,tablet,1.5,1094
HOSP-GD-003,MED-002,BATCH-0224080,11,2026-06-29,2028-06-28,2026-06-29,15,1.102,9.98,LOW_STOCK,bottle,45.0,730
HOSP-GD-003,MED-003,BATCH-0218683,171,2026-06-01,2029-05-31,2026-06-29,100,2.657,64.36,OK,tablet,2.5,1067
HOSP-GD-003,MED-004,BATCH-0217590,1,2026-05-25,2028-05-24,2026-06-29,10,0.729,1.37,OK,ampoule,25.0,695
HOSP-GD-003,MED-004,BATCH-0224081,20,2026-06-28,2028-06-27,2026-06-29,10,0.729,27.43,OK,ampoule,25.0,729
HOSP-GD-003,MED-005,BATCH-0217591,75,2026-05-23,2028-05-22,2026-06-29,100,3.075,24.39,LOW_STOCK,capsule,6.0,693
HOSP-GD-003,MED-006,BATCH-0224082,27,2026-06-29,2028-06-28,2026-06-29,20,1.441,18.74,OK,tablet,35.0,730
HOSP-GD-003,MED-007,BATCH-0224083,22,2026-06-29,2028-06-28,2026-06-29,18,1.275,17.25,OK,tablet,40.0,730
HOSP-GD-003,MED-008,BATCH-0222717,12,2026-06-20,2029-06-19,2026-06-29,20,1.507,7.96,LOW_STOCK,tablet,8.0,1086
HOSP-GD-003,MED-009,BATCH-0224084,11,2026-06-29,2028-06-28,2026-06-29,18,1.288,8.54,LOW_STOCK,vial,85.0,730
HOSP-GD-003,MED-010,BATCH-0209066,125,2026-03-28,2029-03-27,2026-06-29,100,1.947,64.2,OK,tablet,2.0,1002
HOSP-GD-003,MED-011,BATCH-0224085,73,2026-06-27,2029-06-26,2026-06-29,50,3.03,24.09,OK,sachet,8.0,1093
HOSP-GD-003,MED-012,BATCH-0218685,59,2026-05-30,2029-05-29,2026-06-29,100,2.021,29.19,OK,tablet,1.2,1065
HOSP-GD-003,MED-012,BATCH-0224086,300,2026-06-28,2029-06-27,2026-06-29,100,2.021,148.44,OK,tablet,1.2,1094
HOSP-GD-003,MED-013,BATCH-0224087,19,2026-06-28,2028-06-27,2026-06-29,22,1.577,12.05,LOW_STOCK,bag,55.0,729
HOSP-GD-003,MED-014,BATCH-0224088,12,2026-06-29,2028-06-28,2026-06-29,26,1.865,6.43,LOW_STOCK,bag,45.0,730
HOSP-GD-003,MED-015,BATCH-0222720,10,2026-06-22,2028-06-21,2026-06-29,20,1.431,6.99,LOW_STOCK,bag,48.0,723
HOSP-GD-003,MED-016,BATCH-0216503,17,2026-05-17,2028-05-16,2026-06-29,24,0.498,34.14,LOW_STOCK,tablet,15.0,687
HOSP-GD-003,MED-017,BATCH-0113588,111,2024-09-21,2027-09-21,2026-06-29,100,0.194,572.16,OK,tablet,1.8,449
HOSP-GD-003,MED-018,BATCH-0224089,2,2026-06-29,2028-06-28,2026-06-29,7,0.468,4.27,LOW_STOCK,unit,180.0,730
HOSP-GD-003,MED-019,BATCH-0220043,3,2026-06-07,2028-06-06,2026-06-29,10,0.775,3.87,LOW_STOCK,ampoule,30.0,708
HOSP-GD-003,MED-020,BATCH-0222721,1,2026-06-20,2028-06-19,2026-06-29,10,0.679,1.47,LOW_STOCK,bottle,55.0,721
HOSP-GD-003,MED-021,BATCH-0224090,180,2026-06-29,2029-06-28,2026-06-29,100,2.975,60.5,OK,tablet,1.0,1095
HOSP-GD-003,MED-022,BATCH-0211167,41,2026-04-11,2029-04-10,2026-06-29,100,2.465,16.63,OK,tablet,2.5,1016
HOSP-GD-003,MED-022,BATCH-0222722,200,2026-06-20,2029-06-19,2026-06-29,100,2.465,81.14,OK,tablet,2.5,1086
HOSP-GD-003,MED-023,BATCH-0214311,61,2026-05-04,2029-05-03,2026-06-29,100,2.815,21.67,OK,tablet,1.5,1039
HOSP-GD-003,MED-023,BATCH-0224091,200,2026-06-29,2029-06-28,2026-06-29,100,2.815,71.05,OK,tablet,1.5,1095
HOSP-GD-003,MED-024,BATCH-0222723,2,2026-06-21,2028-06-20,2026-06-29,6,0.438,4.57,LOW_STOCK,vial,450.0,722
HOSP-GD-003,MED-025,BATCH-0205748,96,2026-03-09,2029-03-08,2026-06-29,100,1.581,60.72,LOW_STOCK,tablet,3.0,983
HOSP-GD-003,MED-026,BATCH-0213285,207,2026-04-25,2029-04-24,2026-06-29,100,2.415,85.71,OK,tablet,0.8,1030
HOSP-GD-003,MED-027,BATCH-0222724,157,2026-06-22,2029-06-21,2026-06-29,100,2.677,58.65,OK,capsule,2.0,1088
HOSP-GD-003,MED-028,BATCH-0222725,14,2026-06-21,2029-06-20,2026-06-29,20,1.08,12.96,LOW_STOCK,tablet,6.0,1087
HOSP-GD-003,MED-029,BATCH-0212257,94,2026-04-20,2029-04-19,2026-06-29,100,0.9,104.44,LOW_STOCK,tablet,1.5,1025
HOSP-GD-003,MED-030,BATCH-0224092,11,2026-06-29,2029-06-28,2026-06-29,10,0.683,16.11,OK,bottle_100ml,85.0,1095
HOSP-GD-003,MED-031,BATCH-0220046,9,2026-06-07,2031-06-07,2026-06-29,100,3.988,2.26,OK,pair,25.0,1804
HOSP-GD-003,MED-031,BATCH-0222726,100,2026-06-20,2031-06-20,2026-06-29,100,3.988,25.08,OK,pair,25.0,1817
HOSP-GD-003,MED-032,BATCH-0221397,71,2026-06-15,2031-06-15,2026-06-29,100,5.251,13.52,LOW_STOCK,piece,5.0,1812
HOSP-GD-003,MED-033,BATCH-0220047,27,2026-06-06,2031-06-06,2026-06-29,50,2.094,12.89,LOW_STOCK,piece,35.0,1803
HOSP-GD-003,MED-034,BATCH-0212671,9,2026-03-29,2028-03-28,2026-06-29,10,0.307,29.32,LOW_STOCK,vial,25.0,638
HOSP-GD-003,MED-035,BATCH-0220048,3,2026-06-06,2028-06-05,2026-06-29,5,0.154,19.48,OK,vial,350.0,707
HOSP-GD-003,MED-035,BATCH-0224093,5,2026-06-28,2028-06-27,2026-06-29,5,0.154,32.47,OK,vial,350.0,729
HOSP-GD-003,MED-036,BATCH-0217596,101,2026-05-25,2028-05-24,2026-06-29,100,2.632,38.37,OK,tablet,0.5,695
HOSP-GD-003,MED-037,BATCH-0222727,4,2026-06-21,2029-06-20,2026-06-29,6,0.509,7.86,LOW_STOCK,tablet,8.0,1087
HOSP-GD-003,MED-038,BATCH-0221398,6,2026-06-13,2028-06-12,2026-06-29,10,0.6,10.0,LOW_STOCK,ampoule,12.0,714
HOSP-GD-003,MED-039,BATCH-0222728,13,2026-06-22,2029-06-21,2026-06-29,10,0.444,29.28,OK,ampoule,10.0,1088
HOSP-GD-003,MED-040,BATCH-0221399,10,2026-06-14,2029-06-13,2026-06-29,10,0.486,20.58,OK,ampoule,28.0,1080
HOSP-GD-003,MED-041,BATCH-0201238,3,2026-02-08,2028-02-08,2026-06-29,5,0.076,39.47,OK,vial,180.0,589
HOSP-GD-003,MED-041,BATCH-0215417,5,2026-05-09,2028-05-08,2026-06-29,5,0.076,65.79,OK,vial,180.0,679
HOSP-GD-003,MED-042,BATCH-0213288,2,2026-04-27,2028-04-26,2026-06-29,5,0.05,40.0,OK,vial,1200.0,667
HOSP-GD-003,MED-042,BATCH-0221400,6,2026-06-15,2028-06-14,2026-06-29,5,0.05,120.0,OK,vial,1200.0,716
HOSP-GD-003,MED-043,BATCH-0173236,1,2025-09-01,2027-09-01,2026-06-29,5,0.05,20.0,OK,vial,3500.0,429
HOSP-GD-003,MED-043,BATCH-0206890,5,2026-03-14,2028-03-13,2026-06-29,5,0.05,100.0,OK,vial,3500.0,623
HOSP-GD-003,MED-044,BATCH-0185026,2,2025-11-03,2027-11-03,2026-06-29,5,0.05,40.0,OK,vial,450.0,492
HOSP-GD-003,MED-044,BATCH-0211172,5,2026-04-11,2028-04-10,2026-06-29,5,0.05,100.0,OK,vial,450.0,651
HOSP-GD-003,MED-045,BATCH-0216508,27,2026-05-18,2028-05-17,2026-06-29,20,0.139,194.24,OK,tablet,15.0,688
HOSP-GD-003,MED-046,BATCH-0166220,1,2025-07-28,2027-01-26,2026-06-29,5,0.05,20.0,OK,prefilled,4500.0,211
HOSP-GD-003,MED-046,BATCH-0191722,5,2025-12-14,2027-06-14,2026-06-29,5,0.05,100.0,OK,prefilled,4500.0,350
HOSP-GD-003,MED-047,BATCH-0221401,80,2026-06-15,2029-06-14,2026-06-29,50,1.753,45.64,OK,sachet,6.0,1081
HOSP-GD-003,MED-048,BATCH-0222729,8,2026-06-20,2028-06-19,2026-06-29,8,0.584,13.7,OK,bottle,65.0,721
HOSP-GD-003,MED-049,BATCH-0194013,19,2025-12-29,2027-12-29,2026-06-29,100,0.863,22.02,OK,capsule,2.0,548
HOSP-GD-003,MED-049,BATCH-0215418,300,2026-05-09,2028-05-08,2026-06-29,100,0.863,347.62,OK,capsule,2.0,679
HOSP-GD-003,MED-050,BATCH-0220050,15,2026-06-07,2028-06-06,2026-06-29,10,0.472,31.78,OK,vial,120.0,708
HOSP-GD-003,MED-051,BATCH-0221403,2,2026-06-14,2028-06-13,2026-06-29,10,0.49,4.08,OK,vial,80.0,715
HOSP-GD-003,MED-051,BATCH-0224094,20,2026-06-29,2028-06-28,2026-06-29,10,0.49,40.82,OK,vial,80.0,730
HOSP-GD-003,MED-052,BATCH-0224095,9,2026-06-29,2028-06-28,2026-06-29,12,0.862,10.44,LOW_STOCK,kit,25.0,730
HOSP-GD-003,MED-053,BATCH-0221405,22,2026-06-15,2028-06-14,2026-06-29,20,0.808,27.23,OK,ampoule,35.0,716
HOSP-GD-003,MED-054,BATCH-0224096,15,2026-06-29,2028-06-28,2026-06-29,8,0.425,35.29,OK,tablet,20.0,730
HOSP-GD-003,MED-055,BATCH-0218699,8,2026-05-31,2029-05-30,2026-06-29,10,0.335,23.88,LOW_STOCK,ampoule,18.0,1066
HOSP-GD-003,MED-056,BATCH-0224097,6,2026-06-27,2029-06-26,2026-06-29,5,0.228,26.32,OK,ampoule,45.0,1093
HOSP-GD-003,MED-057,BATCH-0215420,1,2026-05-11,2028-05-10,2026-06-29,5,0.201,4.98,OK,bottle,55.0,681
HOSP-GD-003,MED-057,BATCH-0220052,5,2026-06-08,2028-06-07,2026-06-29,5,0.201,24.88,OK,bottle,55.0,709
HOSP-GD-003,MED-058,BATCH-0215421,2,2026-05-10,2028-05-09,2026-06-29,5,0.147,13.61,OK,bottle,90.0,680
HOSP-GD-003,MED-058,BATCH-0222730,5,2026-06-22,2028-06-21,2026-06-29,5,0.147,34.01,OK,bottle,90.0,723
HOSP-GD-003,MED-059,BATCH-0221406,5,2026-06-15,2028-06-14,2026-06-29,5,0.133,37.59,OK,bottle,70.0,716
HOSP-GD-003,MED-060,BATCH-0224098,5,2026-06-29,2028-06-28,2026-06-29,5,0.082,60.98,OK,vial,2500.0,730
HOSP-GD-003,MED-061,BATCH-0216514,11,2026-05-18,2028-05-17,2026-06-29,10,0.222,49.55,OK,ampoule,25.0,688
HOSP-GD-003,MED-062,BATCH-0220053,13,2026-06-06,2029-06-05,2026-06-29,10,0.148,87.84,OK,ampoule,12.0,1072
HOSP-GD-003,MED-063,BATCH-0218700,5,2026-06-01,2028-05-31,2026-06-29,5,0.116,43.1,OK,vial,850.0,702
HOSP-GD-003,MED-064,BATCH-0221407,20,2026-06-13,2031-06-13,2026-06-29,24,0.909,22.0,LOW_STOCK,roll,80.0,1810
HOSP-GD-003,MED-065,BATCH-0224099,6,2026-06-28,2026-07-28,2026-06-29,3,0.221,27.15,OK,unit,0.0,29
HOSP-GD-003,MED-066,BATCH-0221408,3,2026-06-14,2026-07-14,2026-06-29,3,0.16,18.75,OK,unit,0.0,15
HOSP-GD-003,MED-067,BATCH-0222731,8,2026-06-21,2029-06-20,2026-06-29,8,0.552,14.49,OK,vial,40.0,1087
HOSP-GD-003,MED-068,BATCH-0218702,1,2026-06-01,2029-05-31,2026-06-29,5,0.159,6.29,OK,vial,180.0,1067
HOSP-GD-003,MED-068,BATCH-0224100,7,2026-06-27,2029-06-26,2026-06-29,5,0.159,44.03,OK,vial,180.0,1093
HOSP-GD-003,MED-069,BATCH-0224101,6,2026-06-27,2029-06-26,2026-06-29,5,0.242,24.79,OK,ampoule,95.0,1093
HOSP-GD-003,MED-070,BATCH-0160525,19,2025-06-29,2027-06-29,2026-06-29,150,0.622,30.55,OK,sachet,120.0,365
HOSP-GD-003,MED-070,BATCH-0197646,150,2026-01-18,2028-01-18,2026-06-29,150,0.622,241.16,OK,sachet,120.0,568
HOSP-GD-003,MED-071,BATCH-0216517,9,2026-05-17,2028-05-16,2026-06-29,10,0.131,68.7,LOW_STOCK,ampoule,150.0,687
HOSP-GD-003,MED-072,BATCH-0224102,6,2026-06-28,2028-06-27,2026-06-29,5,0.334,17.96,OK,vial,650.0,729
HOSP-GD-004,MED-001,BATCH-0212265,133,2026-04-19,2029-04-18,2026-06-29,100,0.427,311.48,OK,tablet,1.5,1024
HOSP-GD-004,MED-002,BATCH-0224103,9,2026-06-28,2028-06-27,2026-06-29,5,0.083,108.43,OK,bottle,45.0,729
HOSP-GD-004,MED-003,BATCH-0175714,134,2025-09-14,2028-09-13,2026-06-29,100,0.161,832.3,OK,tablet,2.5,807
HOSP-GD-004,MED-004,BATCH-0201247,13,2026-02-09,2028-02-09,2026-06-29,10,0.059,220.34,OK,ampoule,25.0,590
HOSP-GD-004,MED-005,BATCH-0185035,123,2025-11-01,2027-11-01,2026-06-29,100,0.195,630.77,OK,capsule,6.0,490
HOSP-GD-004,MED-006,BATCH-0197647,10,2026-01-19,2028-01-19,2026-06-29,10,0.106,94.34,OK,tablet,35.0,569
HOSP-GD-004,MED-007,BATCH-0209082,1,2026-03-28,2028-03-27,2026-06-29,6,0.08,12.5,OK,tablet,40.0,637
HOSP-GD-004,MED-007,BATCH-0210130,6,2026-04-04,2028-04-03,2026-06-29,6,0.08,75.0,OK,tablet,40.0,644
HOSP-GD-004,MED-008,BATCH-0214322,9,2026-05-02,2029-05-01,2026-06-29,10,0.117,76.92,LOW_STOCK,tablet,8.0,1037
HOSP-GD-004,MED-009,BATCH-0221410,3,2026-06-13,2028-06-12,2026-06-29,5,0.092,32.61,OK,vial,85.0,714
HOSP-GD-004,MED-009,BATCH-0222733,5,2026-06-20,2028-06-19,2026-06-29,5,0.092,54.35,OK,vial,85.0,721
HOSP-GD-004,MED-010,BATCH-0169064,131,2025-08-09,2028-08-08,2026-06-29,100,0.135,970.37,OK,tablet,2.0,771
HOSP-GD-004,MED-011,BATCH-0218705,25,2026-05-30,2029-05-29,2026-06-29,50,0.209,119.62,OK,sachet,8.0,1065
HOSP-GD-004,MED-011,BATCH-0220055,50,2026-06-06,2029-06-05,2026-06-29,50,0.209,239.23,OK,sachet,8.0,1072
HOSP-GD-004,MED-012,BATCH-0176938,138,2025-09-22,2028-09-21,2026-06-29,100,0.157,878.98,OK,tablet,1.2,815
HOSP-GD-004,MED-013,BATCH-0218706,4,2026-05-31,2028-05-30,2026-06-29,5,0.122,32.79,LOW_STOCK,bag,55.0,701
HOSP-GD-004,MED-014,BATCH-0224104,9,2026-06-29,2028-06-28,2026-06-29,5,0.175,51.43,OK,bag,45.0,730
HOSP-GD-004,MED-015,BATCH-0221411,5,2026-06-13,2028-06-12,2026-06-29,5,0.109,45.87,OK,bag,48.0,714
HOSP-GD-004,MED-016,BATCH-0140114,38,2025-02-22,2027-02-22,2026-06-29,24,0.05,760.0,OK,tablet,15.0,238
HOSP-GD-004,MED-018,BATCH-0212266,1,2026-04-20,2028-04-19,2026-06-29,5,0.05,20.0,OK,unit,180.0,660
HOSP-GD-004,MED-018,BATCH-0213295,6,2026-04-26,2028-04-25,2026-06-29,5,0.05,120.0,OK,unit,180.0,666
HOSP-GD-004,MED-019,BATCH-0217603,16,2026-05-23,2028-05-22,2026-06-29,10,0.057,280.7,OK,ampoule,30.0,693
HOSP-GD-004,MED-020,BATCH-0209085,1,2026-03-28,2028-03-27,2026-06-29,5,0.055,18.18,OK,bottle,55.0,637
HOSP-GD-004,MED-020,BATCH-0210132,5,2026-04-04,2028-04-03,2026-06-29,5,0.055,90.91,OK,bottle,55.0,644
HOSP-GD-004,MED-021,BATCH-0216519,175,2026-05-17,2029-05-16,2026-06-29,100,0.183,956.28,OK,tablet,1.0,1052
HOSP-GD-004,MED-022,BATCH-0194019,161,2025-12-27,2028-12-26,2026-06-29,100,0.14,1150.0,OK,tablet,2.5,911
HOSP-GD-004,MED-023,BATCH-0191731,160,2025-12-13,2028-12-12,2026-06-29,100,0.204,784.31,OK,tablet,1.5,897
HOSP-GD-004,MED-024,BATCH-0202448,4,2026-02-14,2028-02-14,2026-06-29,5,0.05,80.0,OK,vial,450.0,595
HOSP-GD-004,MED-024,BATCH-0222735,5,2026-06-22,2028-06-21,2026-06-29,5,0.05,100.0,OK,vial,450.0,723
HOSP-GD-004,MED-024,BATCH-0224105,5,2026-06-27,2028-06-26,2026-06-29,5,0.05,100.0,OK,vial,450.0,728
HOSP-GD-004,MED-025,BATCH-0107160,92,2024-08-17,2027-08-17,2026-06-29,100,0.1,920.0,OK,tablet,3.0,414
HOSP-GD-004,MED-025,BATCH-0222736,200,2026-06-22,2029-06-21,2026-06-29,100,0.1,2000.0,OK,tablet,3.0,1088
HOSP-GD-004,MED-025,BATCH-0224106,200,2026-06-28,2029-06-27,2026-06-29,100,0.1,2000.0,OK,tablet,3.0,1094
HOSP-GD-004,MED-026,BATCH-0190601,171,2025-12-07,2028-12-06,2026-06-29,100,0.179,955.31,OK,tablet,0.8,891
HOSP-GD-004,MED-027,BATCH-0192893,148,2025-12-20,2028-12-19,2026-06-29,100,0.173,855.49,OK,capsule,2.0,904
HOSP-GD-004,MED-028,BATCH-0224107,18,2026-06-28,2029-06-27,2026-06-29,10,0.07,257.14,OK,tablet,6.0,1094
HOSP-GD-004,MED-029,BATCH-0128256,115,2024-12-16,2027-12-16,2026-06-29,100,0.065,1769.23,OK,tablet,1.5,535
HOSP-GD-004,MED-030,BATCH-0211182,2,2026-04-11,2029-04-10,2026-06-29,5,0.05,40.0,OK,bottle_100ml,85.0,1016
HOSP-GD-004,MED-030,BATCH-0212267,5,2026-04-18,2029-04-17,2026-06-29,5,0.05,100.0,OK,bottle_100ml,85.0,1023
HOSP-GD-004,MED-031,BATCH-0209086,18,2026-03-28,2031-03-28,2026-06-29,50,0.295,61.02,OK,pair,25.0,1733
HOSP-GD-004,MED-031,BATCH-0210133,50,2026-04-05,2031-04-05,2026-06-29,50,0.295,169.49,OK,pair,25.0,1741
HOSP-GD-004,MED-032,BATCH-0204699,23,2026-03-01,2031-03-01,2026-06-29,100,0.421,54.63,OK,piece,5.0,1706
HOSP-GD-004,MED-032,BATCH-0205762,100,2026-03-08,2031-03-08,2026-06-29,100,0.421,237.53,OK,piece,5.0,1713
HOSP-GD-004,MED-033,BATCH-0216520,36,2026-05-17,2031-05-17,2026-06-29,50,0.161,223.6,OK,piece,35.0,1783
HOSP-GD-004,MED-033,BATCH-0217604,50,2026-05-25,2031-05-25,2026-06-29,50,0.161,310.56,OK,piece,35.0,1791
HOSP-GD-004,MED-034,BATCH-0212268,17,2026-04-20,2028-04-19,2026-06-29,10,0.05,340.0,OK,vial,25.0,660
HOSP-GD-004,MED-035,BATCH-0148839,6,2025-04-21,2027-04-21,2026-06-29,5,0.05,120.0,OK,vial,350.0,296
HOSP-GD-004,MED-036,BATCH-0183730,130,2025-10-27,2027-10-27,2026-06-29,100,0.178,730.34,OK,tablet,0.5,485
HOSP-GD-004,MED-037,BATCH-0220057,3,2026-06-06,2029-06-05,2026-06-29,3,0.05,60.0,OK,tablet,8.0,1072
HOSP-GD-004,MED-038,BATCH-0202449,12,2026-02-15,2028-02-15,2026-06-29,10,0.05,240.0,OK,ampoule,12.0,596
HOSP-GD-004,MED-039,BATCH-0197651,9,2026-01-18,2029-01-17,2026-06-29,10,0.05,180.0,LOW_STOCK,ampoule,10.0,933
HOSP-GD-004,MED-040,BATCH-0209088,17,2026-03-30,2029-03-29,2026-06-29,10,0.05,340.0,OK,ampoule,28.0,1004
HOSP-GD-004,MED-041,BATCH-0137810,5,2025-02-08,2027-02-08,2026-06-29,5,0.05,100.0,OK,vial,180.0,224
HOSP-GD-004,MED-042,BATCH-0201252,7,2026-02-08,2028-02-08,2026-06-29,5,0.05,140.0,OK,vial,1200.0,589
HOSP-GD-004,MED-043,BATCH-0138964,5,2025-02-15,2027-02-15,2026-06-29,5,0.05,100.0,OK,vial,3500.0,231
HOSP-GD-004,MED-044,BATCH-0123842,1,2024-11-18,2026-11-18,2026-06-29,5,0.05,20.0,OK,vial,450.0,142
HOSP-GD-004,MED-044,BATCH-0124871,5,2024-11-24,2026-11-24,2026-06-29,5,0.05,100.0,OK,vial,450.0,148
HOSP-GD-004,MED-045,BATCH-0150871,32,2025-05-03,2027-05-03,2026-06-29,20,0.05,640.0,OK,tablet,15.0,308
HOSP-GD-004,MED-046,BATCH-0213296,9,2026-04-25,2027-10-24,2026-06-29,5,0.05,180.0,OK,prefilled,4500.0,482
HOSP-GD-004,MED-047,BATCH-0196420,75,2026-01-11,2029-01-10,2026-06-29,50,0.109,688.07,OK,sachet,6.0,926
HOSP-GD-004,MED-048,BATCH-0203540,2,2026-02-22,2028-02-22,2026-06-29,5,0.05,40.0,OK,bottle,65.0,603
HOSP-GD-004,MED-048,BATCH-0224108,5,2026-06-27,2028-06-26,2026-06-29,5,0.05,100.0,OK,bottle,65.0,728
HOSP-GD-004,MED-049,BATCH-0135859,115,2025-01-05,2027-01-05,2026-06-29,100,0.056,2053.57,OK,capsule,2.0,190
HOSP-GD-004,MED-050,BATCH-0215425,18,2026-05-09,2028-05-08,2026-06-29,10,0.05,360.0,OK,vial,120.0,679
HOSP-GD-004,MED-051,BATCH-0212270,8,2026-04-20,2028-04-19,2026-06-29,10,0.05,160.0,OK,vial,80.0,660
HOSP-GD-004,MED-051,BATCH-0213297,10,2026-04-26,2028-04-25,2026-06-29,10,0.05,200.0,OK,vial,80.0,666
HOSP-GD-004,MED-052,BATCH-0217605,2,2026-05-25,2028-05-24,2026-06-29,5,0.055,36.36,OK,kit,25.0,695
HOSP-GD-004,MED-052,BATCH-0218708,6,2026-05-31,2028-05-30,2026-06-29,5,0.055,109.09,OK,kit,25.0,701
HOSP-GD-004,MED-053,BATCH-0186229,6,2025-11-10,2027-11-10,2026-06-29,10,0.052,115.38,OK,ampoule,35.0,499
HOSP-GD-004,MED-053,BATCH-0222738,10,2026-06-22,2028-06-21,2026-06-29,10,0.052,192.31,OK,ampoule,35.0,723
HOSP-GD-004,MED-053,BATCH-0224109,10,2026-06-29,2028-06-28,2026-06-29,10,0.052,192.31,OK,ampoule,35.0,730
HOSP-GD-004,MED-054,BATCH-0224110,7,2026-06-29,2028-06-28,2026-06-29,4,0.05,140.0,OK,tablet,20.0,730
HOSP-GD-004,MED-055,BATCH-0127115,12,2024-12-09,2027-12-09,2026-06-29,10,0.05,240.0,OK,ampoule,18.0,528
HOSP-GD-004,MED-056,BATCH-0201253,8,2026-02-07,2029-02-06,2026-06-29,5,0.05,160.0,OK,ampoule,45.0,953
HOSP-GD-004,MED-057,BATCH-0154162,5,2025-05-26,2027-05-26,2026-06-29,5,0.05,100.0,OK,bottle,55.0,331
HOSP-GD-004,MED-058,BATCH-0209089,4,2026-03-30,2028-03-29,2026-06-29,5,0.05,80.0,OK,bottle,90.0,639
HOSP-GD-004,MED-058,BATCH-0210135,5,2026-04-04,2028-04-03,2026-06-29,5,0.05,100.0,OK,bottle,90.0,644
HOSP-GD-004,MED-059,BATCH-0138965,6,2025-02-17,2027-02-17,2026-06-29,5,0.05,120.0,OK,bottle,70.0,233
HOSP-GD-004,MED-060,BATCH-0186230,4,2025-11-09,2027-11-09,2026-06-29,5,0.05,80.0,OK,vial,2500.0,498
HOSP-GD-004,MED-060,BATCH-0221412,5,2026-06-13,2028-06-12,2026-06-29,5,0.05,100.0,OK,vial,2500.0,714
HOSP-GD-004,MED-060,BATCH-0222740,5,2026-06-22,2028-06-21,2026-06-29,5,0.05,100.0,OK,vial,2500.0,723
HOSP-GD-004,MED-061,BATCH-0205763,16,2026-03-09,2028-03-08,2026-06-29,10,0.05,320.0,OK,ampoule,25.0,618
HOSP-GD-004,MED-062,BATCH-0150872,16,2025-05-03,2028-05-02,2026-06-29,10,0.05,320.0,OK,ampoule,12.0,673
HOSP-GD-004,MED-063,BATCH-0205764,4,2026-03-08,2028-03-07,2026-06-29,5,0.05,80.0,OK,vial,850.0,617
HOSP-GD-004,MED-063,BATCH-0206899,5,2026-03-16,2028-03-15,2026-06-29,5,0.05,100.0,OK,vial,850.0,625
HOSP-GD-004,MED-064,BATCH-0201254,6,2026-02-09,2031-02-09,2026-06-29,12,0.058,103.45,OK,roll,80.0,1686
HOSP-GD-004,MED-064,BATCH-0202451,12,2026-02-14,2031-02-14,2026-06-29,12,0.058,206.9,OK,roll,80.0,1691
HOSP-GD-004,MED-065,BATCH-0218709,4,2026-05-31,2026-06-30,2026-06-29,3,0.05,80.0,OK,unit,0.0,1
HOSP-GD-004,MED-067,BATCH-0214325,3,2026-05-04,2029-05-03,2026-06-29,5,0.05,60.0,OK,vial,40.0,1039
HOSP-GD-004,MED-067,BATCH-0215426,5,2026-05-11,2029-05-10,2026-06-29,5,0.05,100.0,OK,vial,40.0,1046
HOSP-GD-004,MED-068,BATCH-0163352,2,2025-07-14,2028-07-13,2026-06-29,5,0.05,40.0,OK,vial,180.0,745
HOSP-GD-004,MED-068,BATCH-0164816,5,2025-07-21,2028-07-20,2026-06-29,5,0.05,100.0,OK,vial,180.0,752
HOSP-GD-004,MED-069,BATCH-0163353,1,2025-07-12,2028-07-11,2026-06-29,5,0.05,20.0,OK,ampoule,95.0,743
HOSP-GD-004,MED-069,BATCH-0164817,5,2025-07-19,2028-07-18,2026-06-29,5,0.05,100.0,OK,ampoule,95.0,750
HOSP-GD-004,MED-070,BATCH-0146737,254,2025-04-06,2027-04-06,2026-06-29,150,0.05,5080.0,OK,sachet,120.0,281
HOSP-GD-004,MED-071,BATCH-0140116,14,2025-02-22,2027-02-22,2026-06-29,10,0.05,280.0,OK,ampoule,150.0,238
HOSP-GD-004,MED-072,BATCH-0171835,5,2025-08-25,2027-08-25,2026-06-29,5,0.05,100.0,OK,vial,650.0,422
HOSP-GD-005,MED-001,BATCH-0224614,44,2026-05-17,2029-05-16,2026-06-29,3800,373.133,0.12,LOW_STOCK,tablet,1.5,1052
HOSP-GD-005,MED-002,BATCH-0224111,901,2026-06-28,2028-06-27,2026-06-29,879,65.108,13.84,OK,bottle,45.0,729
HOSP-GD-005,MED-003,BATCH-0224112,2007,2026-06-29,2029-06-28,2026-06-29,1400,135.07,14.86,OK,tablet,2.5,1095
HOSP-GD-005,MED-004,BATCH-0222742,322,2026-06-20,2028-06-19,2026-06-29,370,36.267,8.88,LOW_STOCK,ampoule,25.0,721
HOSP-GD-005,MED-005,BATCH-0224113,2254,2026-06-28,2028-06-27,2026-06-29,1500,144.417,15.61,OK,capsule,6.0,729
HOSP-GD-005,MED-006,BATCH-0222743,720,2026-06-20,2028-06-19,2026-06-29,1090,80.473,8.95,LOW_STOCK,tablet,35.0,721
HOSP-GD-005,MED-007,BATCH-0222744,443,2026-06-21,2028-06-20,2026-06-29,930,68.697,6.45,LOW_STOCK,tablet,40.0,722
HOSP-GD-005,MED-008,BATCH-0224114,1207,2026-06-29,2029-06-28,2026-06-29,910,90.584,13.32,OK,tablet,8.0,1095
HOSP-GD-005,MED-009,BATCH-0224115,851,2026-06-28,2028-06-27,2026-06-29,1002,74.211,11.47,LOW_STOCK,vial,85.0,729
HOSP-GD-005,MED-010,BATCH-0224116,925,2026-06-27,2029-06-26,2026-06-29,800,96.4,9.6,OK,tablet,2.0,1093
HOSP-GD-005,MED-011,BATCH-0224117,2016,2026-06-28,2029-06-27,2026-06-29,2450,179.81,11.21,LOW_STOCK,sachet,8.0,1094
HOSP-GD-005,MED-012,BATCH-0224118,1562,2026-06-28,2029-06-27,2026-06-29,900,109.981,14.2,OK,tablet,1.2,1094
HOSP-GD-005,MED-013,BATCH-0224119,543,2026-06-28,2028-06-27,2026-06-29,1238,91.697,5.92,LOW_STOCK,bag,55.0,729
HOSP-GD-005,MED-014,BATCH-0222747,193,2026-06-22,2028-06-21,2026-06-29,1510,111.788,1.73,OK,bag,45.0,723
HOSP-GD-005,MED-014,BATCH-0224120,1510,2026-06-27,2028-06-26,2026-06-29,1510,111.788,13.51,OK,bag,45.0,728
HOSP-GD-005,MED-015,BATCH-0224121,1124,2026-06-28,2028-06-27,2026-06-29,1083,80.209,14.01,OK,bag,48.0,729
HOSP-GD-005,MED-016,BATCH-0224122,493,2026-06-27,2028-06-26,2026-06-29,312,29.053,16.97,OK,tablet,15.0,728
HOSP-GD-005,MED-017,BATCH-0221426,7,2026-06-15,2029-06-14,2026-06-29,100,9.734,0.72,LOW_STOCK,tablet,1.8,1081
HOSP-GD-005,MED-018,BATCH-0224123,363,2026-06-29,2028-06-28,2026-06-29,343,25.35,14.32,OK,unit,180.0,730
HOSP-GD-005,MED-019,BATCH-0224124,562,2026-06-27,2028-06-26,2026-06-29,380,37.941,14.81,OK,ampoule,30.0,728
HOSP-GD-005,MED-020,BATCH-0222748,155,2026-06-21,2028-06-20,2026-06-29,454,33.573,4.62,LOW_STOCK,bottle,55.0,722
HOSP-GD-005,MED-021,BATCH-0222749,766,2026-06-22,2029-06-21,2026-06-29,900,111.863,6.85,LOW_STOCK,tablet,1.0,1088
HOSP-GD-005,MED-022,BATCH-0222750,700,2026-06-21,2029-06-20,2026-06-29,1300,126.785,5.52,LOW_STOCK,tablet,2.5,1087
HOSP-GD-005,MED-023,BATCH-0224125,2726,2026-06-29,2029-06-28,2026-06-29,1700,163.797,16.64,OK,tablet,1.5,1095
HOSP-GD-005,MED-024,BATCH-0222751,204,2026-06-21,2028-06-20,2026-06-29,283,20.945,9.74,LOW_STOCK,vial,450.0,722
HOSP-GD-005,MED-025,BATCH-0224126,1681,2026-06-27,2029-06-26,2026-06-29,1100,106.568,15.77,OK,tablet,3.0,1093
HOSP-GD-005,MED-026,BATCH-0222752,1275,2026-06-22,2029-06-21,2026-06-29,1100,133.796,9.53,OK,tablet,0.8,1088
HOSP-GD-005,MED-027,BATCH-0224615,112,2026-06-01,2029-05-31,2026-06-29,1400,135.578,0.83,LOW_STOCK,capsule,2.0,1067
HOSP-GD-005,MED-029,BATCH-0224127,153,2026-06-29,2029-06-28,2026-06-29,300,39.412,3.88,LOW_STOCK,tablet,1.5,1095
HOSP-GD-005,MED-030,BATCH-0224128,434,2026-06-28,2029-06-27,2026-06-29,458,33.864,12.82,LOW_STOCK,bottle_100ml,85.0,1094
HOSP-GD-005,MED-031,BATCH-0224129,3134,2026-06-28,2031-06-28,2026-06-29,3100,228.435,13.72,OK,pair,25.0,1825
HOSP-GD-005,MED-032,BATCH-0222754,881,2026-06-21,2031-06-21,2026-06-29,3800,276.998,3.18,LOW_STOCK,piece,5.0,1818
HOSP-GD-005,MED-033,BATCH-0224130,1428,2026-06-29,2031-06-29,2026-06-29,1450,105.009,13.6,LOW_STOCK,piece,35.0,1826
HOSP-GD-005,MED-034,BATCH-0222755,3,2026-06-21,2028-06-20,2026-06-29,220,21.387,0.14,LOW_STOCK,vial,25.0,722
HOSP-GD-005,MED-035,BATCH-0222756,65,2026-06-22,2028-06-21,2026-06-29,129,9.554,6.8,OK,vial,350.0,723
HOSP-GD-005,MED-035,BATCH-0224131,129,2026-06-29,2028-06-28,2026-06-29,129,9.554,13.5,OK,vial,350.0,730
HOSP-GD-005,MED-036,BATCH-0224616,251,2026-05-05,2028-05-04,2026-06-29,1200,155.229,1.62,LOW_STOCK,tablet,0.5,675
HOSP-GD-005,MED-037,BATCH-0224132,409,2026-06-29,2029-06-28,2026-06-29,309,30.876,13.25,OK,tablet,8.0,1095
HOSP-GD-005,MED-038,BATCH-0224133,413,2026-06-27,2028-06-26,2026-06-29,350,34.588,11.94,OK,ampoule,12.0,728
HOSP-GD-005,MED-039,BATCH-0222758,122,2026-06-21,2029-06-20,2026-06-29,300,29.397,4.15,LOW_STOCK,ampoule,10.0,1087
HOSP-GD-005,MED-040,BATCH-0222759,117,2026-06-22,2029-06-21,2026-06-29,220,21.951,5.33,LOW_STOCK,ampoule,28.0,1088
HOSP-GD-005,MED-041,BATCH-0221439,6,2026-06-14,2028-06-13,2026-06-29,59,4.346,1.38,OK,vial,180.0,715
HOSP-GD-005,MED-041,BATCH-0224134,62,2026-06-29,2028-06-28,2026-06-29,59,4.346,14.27,OK,vial,180.0,730
HOSP-GD-005,MED-042,BATCH-0221440,6,2026-06-15,2028-06-14,2026-06-29,27,1.99,3.02,LOW_STOCK,vial,1200.0,716
HOSP-GD-005,MED-043,BATCH-0222760,2,2026-06-20,2028-06-19,2026-06-29,20,1.429,1.4,LOW_STOCK,vial,3500.0,721
HOSP-GD-005,MED-044,BATCH-0224135,18,2026-06-28,2028-06-27,2026-06-29,22,1.58,11.39,LOW_STOCK,vial,450.0,729
HOSP-GD-005,MED-045,BATCH-0222762,87,2026-06-20,2028-06-19,2026-06-29,80,7.079,12.29,OK,tablet,15.0,721
HOSP-GD-005,MED-046,BATCH-0224136,17,2026-06-27,2027-12-26,2026-06-29,16,1.157,14.69,OK,prefilled,4500.0,545
HOSP-GD-005,MED-047,BATCH-0224137,1398,2026-06-27,2029-06-26,2026-06-29,1100,105.779,13.22,OK,sachet,6.0,1093
HOSP-GD-005,MED-048,BATCH-0224138,430,2026-06-29,2028-06-28,2026-06-29,389,28.749,14.96,OK,bottle,65.0,730
HOSP-GD-005,MED-049,BATCH-0221444,110,2026-06-13,2028-06-12,2026-06-29,400,41.077,2.68,LOW_STOCK,capsule,2.0,714
HOSP-GD-005,MED-050,BATCH-0224139,304,2026-06-28,2028-06-27,2026-06-29,340,24.738,12.29,LOW_STOCK,vial,120.0,729
HOSP-GD-005,MED-051,BATCH-0222763,214,2026-06-22,2028-06-21,2026-06-29,280,20.369,10.51,LOW_STOCK,vial,80.0,723
HOSP-GD-005,MED-052,BATCH-0222764,171,2026-06-21,2028-06-20,2026-06-29,611,45.215,3.78,OK,kit,25.0,722
HOSP-GD-005,MED-052,BATCH-0224140,611,2026-06-28,2028-06-27,2026-06-29,611,45.215,13.51,OK,kit,25.0,729
HOSP-GD-005,MED-053,BATCH-0222765,232,2026-06-20,2028-06-19,2026-06-29,560,41.304,5.62,OK,ampoule,35.0,721
HOSP-GD-005,MED-053,BATCH-0224141,560,2026-06-29,2028-06-28,2026-06-29,560,41.304,13.56,OK,ampoule,35.0,730
HOSP-GD-005,MED-054,BATCH-0222766,44,2026-06-21,2028-06-20,2026-06-29,216,21.215,2.07,LOW_STOCK,tablet,20.0,722
HOSP-GD-005,MED-055,BATCH-0222767,44,2026-06-20,2029-06-19,2026-06-29,160,15.566,2.83,LOW_STOCK,ampoule,18.0,1086
HOSP-GD-005,MED-056,BATCH-0224142,217,2026-06-27,2029-06-26,2026-06-29,130,12.857,16.88,OK,ampoule,45.0,1093
HOSP-GD-005,MED-057,BATCH-0221448,123,2026-06-15,2028-06-14,2026-06-29,139,10.274,11.97,LOW_STOCK,bottle,55.0,716
HOSP-GD-005,MED-058,BATCH-0222768,63,2026-06-22,2028-06-21,2026-06-29,89,6.59,9.56,LOW_STOCK,bottle,90.0,723
HOSP-GD-005,MED-059,BATCH-0222769,39,2026-06-21,2028-06-20,2026-06-29,75,5.527,7.06,LOW_STOCK,bottle,70.0,722
HOSP-GD-005,MED-060,BATCH-0224143,71,2026-06-27,2028-06-26,2026-06-29,80,5.918,12.0,LOW_STOCK,vial,2500.0,728
HOSP-GD-005,MED-061,BATCH-0224144,159,2026-06-28,2028-06-27,2026-06-29,110,10.791,14.73,OK,ampoule,25.0,729
HOSP-GD-005,MED-062,BATCH-0222770,64,2026-06-22,2029-06-21,2026-06-29,90,10.803,5.92,LOW_STOCK,ampoule,12.0,1088
HOSP-GD-005,MED-063,BATCH-0224145,58,2026-06-29,2028-06-28,2026-06-29,90,6.606,8.78,LOW_STOCK,vial,850.0,730
HOSP-GD-005,MED-064,BATCH-0222771,212,2026-06-21,2031-06-21,2026-06-29,660,48.038,4.41,LOW_STOCK,roll,80.0,1818
HOSP-GD-005,MED-065,BATCH-0224617,2,2026-06-06,2026-07-06,2026-06-29,83,11.021,0.18,LOW_STOCK,unit,0.0,7
HOSP-GD-005,MED-066,BATCH-0222772,35,2026-06-20,2026-07-20,2026-06-29,78,10.322,3.39,LOW_STOCK,unit,0.0,21
HOSP-GD-005,MED-067,BATCH-0222773,309,2026-06-21,2029-06-20,2026-06-29,494,36.547,8.45,LOW_STOCK,vial,40.0,1087
HOSP-GD-005,MED-068,BATCH-0224146,150,2026-06-28,2029-06-27,2026-06-29,115,8.474,17.7,OK,vial,180.0,1094
HOSP-GD-005,MED-069,BATCH-0222774,34,2026-06-22,2029-06-21,2026-06-29,165,12.091,2.81,LOW_STOCK,ampoule,95.0,1088
HOSP-GD-005,MED-070,BATCH-0224618,157,2026-05-13,2028-05-12,2026-06-29,450,32.409,4.84,LOW_STOCK,sachet,120.0,683
HOSP-GD-005,MED-071,BATCH-0221454,43,2026-06-14,2028-06-13,2026-06-29,130,9.093,4.73,OK,ampoule,150.0,715
HOSP-GD-005,MED-071,BATCH-0224147,130,2026-06-28,2028-06-27,2026-06-29,130,9.093,14.3,OK,ampoule,150.0,729
HOSP-GD-005,MED-072,BATCH-0222776,114,2026-06-20,2028-06-19,2026-06-29,297,21.994,5.18,LOW_STOCK,vial,650.0,721
HOSP-LB-001,MED-001,BATCH-0224619,2100,2026-06-29,2029-06-28,2026-06-29,900,82.747,25.38,OK,tablet,1.5,1095
HOSP-LB-001,MED-002,BATCH-0221910,57,2026-06-15,2028-06-14,2026-06-29,223,16.446,3.47,OK,bottle,45.0,716
HOSP-LB-001,MED-002,BATCH-0224620,344,2026-06-29,2028-06-28,2026-06-29,223,16.446,20.92,OK,bottle,45.0,730
HOSP-LB-001,MED-003,BATCH-0220569,101,2026-06-08,2029-06-07,2026-06-29,400,30.709,3.29,OK,tablet,2.5,1074
HOSP-LB-001,MED-003,BATCH-0223281,700,2026-06-22,2029-06-21,2026-06-29,400,30.709,22.79,OK,tablet,2.5,1088
HOSP-LB-001,MED-004,BATCH-0224621,350,2026-06-29,2028-06-28,2026-06-29,150,14.152,24.73,OK,ampoule,25.0,730
HOSP-LB-001,MED-005,BATCH-0223282,379,2026-06-22,2028-06-21,2026-06-29,400,39.767,9.53,OK,capsule,6.0,723
HOSP-LB-001,MED-005,BATCH-0224622,600,2026-06-29,2028-06-28,2026-06-29,400,39.767,15.09,OK,capsule,6.0,730
HOSP-LB-001,MED-006,BATCH-0223283,243,2026-06-22,2028-06-21,2026-06-29,210,15.194,15.99,OK,tablet,35.0,723
HOSP-LB-001,MED-007,BATCH-0223284,116,2026-06-22,2028-06-21,2026-06-29,210,15.404,7.53,OK,tablet,40.0,723
HOSP-LB-001,MED-007,BATCH-0224623,264,2026-06-29,2028-06-28,2026-06-29,210,15.404,17.14,OK,tablet,40.0,730
HOSP-LB-001,MED-008,BATCH-0223285,237,2026-06-22,2029-06-21,2026-06-29,240,23.074,10.27,OK,tablet,8.0,1088
HOSP-LB-001,MED-008,BATCH-0224624,320,2026-06-29,2029-06-28,2026-06-29,240,23.074,13.87,OK,tablet,8.0,1095
HOSP-LB-001,MED-009,BATCH-0224625,509,2026-06-29,2028-06-28,2026-06-29,283,20.912,24.34,OK,vial,85.0,730
HOSP-LB-001,MED-010,BATCH-0221915,12,2026-06-15,2029-06-14,2026-06-29,200,26.375,0.45,OK,tablet,2.0,1081
HOSP-LB-001,MED-010,BATCH-0224626,600,2026-06-29,2029-06-28,2026-06-29,200,26.375,22.75,OK,tablet,2.0,1095
HOSP-LB-001,MED-011,BATCH-0223286,236,2026-06-22,2029-06-21,2026-06-29,700,48.688,4.85,OK,sachet,8.0,1088
HOSP-LB-001,MED-011,BATCH-0224627,1050,2026-06-29,2029-06-28,2026-06-29,700,48.688,21.57,OK,sachet,8.0,1095
HOSP-LB-001,MED-012,BATCH-0224628,172,2026-05-23,2029-05-22,2026-06-29,300,30.986,5.55,LOW_STOCK,tablet,1.2,1058
HOSP-LB-001,MED-013,BATCH-0223287,243,2026-06-22,2028-06-21,2026-06-29,367,27.112,8.96,OK,bag,55.0,723
HOSP-LB-001,MED-013,BATCH-0224629,417,2026-06-29,2028-06-28,2026-06-29,367,27.112,15.38,OK,bag,55.0,730
HOSP-LB-001,MED-014,BATCH-0221918,174,2026-06-15,2028-06-14,2026-06-29,471,34.878,4.99,OK,bag,45.0,716
HOSP-LB-001,MED-014,BATCH-0224630,673,2026-06-29,2028-06-28,2026-06-29,471,34.878,19.3,OK,bag,45.0,730
HOSP-LB-001,MED-015,BATCH-0221919,38,2026-06-15,2028-06-14,2026-06-29,291,21.527,1.77,OK,bag,48.0,716
HOSP-LB-001,MED-015,BATCH-0223288,291,2026-06-22,2028-06-21,2026-06-29,291,21.527,13.52,OK,bag,48.0,723
HOSP-LB-001,MED-016,BATCH-0224631,168,2026-06-29,2028-06-28,2026-06-29,72,7.179,23.4,OK,tablet,15.0,730
HOSP-LB-001,MED-017,BATCH-0223290,290,2026-06-22,2029-06-21,2026-06-29,100,2.838,102.18,OK,tablet,1.8,1088
HOSP-LB-001,MED-018,BATCH-0221920,44,2026-06-15,2028-06-14,2026-06-29,107,7.86,5.6,OK,unit,180.0,716
HOSP-LB-001,MED-018,BATCH-0224632,148,2026-06-29,2028-06-28,2026-06-29,107,7.86,18.83,OK,unit,180.0,730
HOSP-LB-001,MED-019,BATCH-0220582,41,2026-06-08,2028-06-07,2026-06-29,100,9.778,4.19,OK,ampoule,30.0,709
HOSP-LB-001,MED-019,BATCH-0224633,190,2026-06-29,2028-06-28,2026-06-29,100,9.778,19.43,OK,ampoule,30.0,730
HOSP-LB-001,MED-020,BATCH-0223291,90,2026-06-22,2028-06-21,2026-06-29,118,8.68,10.37,OK,bottle,55.0,723
HOSP-LB-001,MED-020,BATCH-0224634,122,2026-06-29,2028-06-28,2026-06-29,118,8.68,14.06,OK,bottle,55.0,730
HOSP-LB-001,MED-021,BATCH-0221921,464,2026-06-15,2029-06-14,2026-06-29,400,43.733,10.61,OK,tablet,1.0,1081
HOSP-LB-001,MED-022,BATCH-0223292,489,2026-06-22,2029-06-21,2026-06-29,300,26.877,18.19,OK,tablet,2.5,1088
HOSP-LB-001,MED-023,BATCH-0224635,88,2026-04-17,2029-04-16,2026-06-29,500,47.924,1.84,LOW_STOCK,tablet,1.5,1022
HOSP-LB-001,MED-024,BATCH-0223294,115,2026-06-22,2028-06-21,2026-06-29,87,6.408,17.95,OK,vial,450.0,723
HOSP-LB-001,MED-025,BATCH-0223295,475,2026-06-22,2029-06-21,2026-06-29,300,23.182,20.49,OK,tablet,3.0,1088
HOSP-LB-001,MED-026,BATCH-0224636,212,2026-05-23,2029-05-22,2026-06-29,300,32.413,6.54,LOW_STOCK,tablet,0.8,1058
HOSP-LB-001,MED-027,BATCH-0221924,283,2026-06-15,2029-06-14,2026-06-29,400,38.117,7.42,OK,capsule,2.0,1081
HOSP-LB-001,MED-027,BATCH-0224637,700,2026-06-29,2029-06-28,2026-06-29,400,38.117,18.36,OK,capsule,2.0,1095
HOSP-LB-001,MED-028,BATCH-0223297,125,2026-06-22,2029-06-21,2026-06-29,170,16.338,7.65,OK,tablet,6.0,1088
HOSP-LB-001,MED-028,BATCH-0224638,270,2026-06-29,2029-06-28,2026-06-29,170,16.338,16.53,OK,tablet,6.0,1095
HOSP-LB-001,MED-029,BATCH-0224639,153,2026-05-02,2029-05-01,2026-06-29,100,12.569,12.17,OK,tablet,1.5,1037
HOSP-LB-001,MED-030,BATCH-0221925,42,2026-06-15,2029-06-14,2026-06-29,136,10.03,4.19,OK,bottle_100ml,85.0,1081
HOSP-LB-001,MED-030,BATCH-0223299,136,2026-06-22,2029-06-21,2026-06-29,136,10.03,13.56,OK,bottle_100ml,85.0,1088
HOSP-LB-001,MED-031,BATCH-0220590,282,2026-06-08,2031-06-08,2026-06-29,900,64.304,4.39,OK,pair,25.0,1805
HOSP-LB-001,MED-031,BATCH-0223300,950,2026-06-22,2031-06-22,2026-06-29,900,64.304,14.77,OK,pair,25.0,1819
HOSP-LB-001,MED-032,BATCH-0221926,431,2026-06-15,2031-06-15,2026-06-29,1000,73.652,5.85,OK,piece,5.0,1812
HOSP-LB-001,MED-032,BATCH-0224640,1400,2026-06-29,2031-06-29,2026-06-29,1000,73.652,19.01,OK,piece,5.0,1826
HOSP-LB-001,MED-033,BATCH-0221927,257,2026-06-15,2031-06-15,2026-06-29,450,29.936,8.58,OK,piece,35.0,1812
HOSP-LB-001,MED-033,BATCH-0224641,600,2026-06-29,2031-06-29,2026-06-29,450,29.936,20.04,OK,piece,35.0,1826
HOSP-LB-001,MED-034,BATCH-0221928,39,2026-06-15,2028-06-14,2026-06-29,50,4.11,9.49,OK,vial,25.0,716
HOSP-LB-001,MED-034,BATCH-0224642,80,2026-06-29,2028-06-28,2026-06-29,50,4.11,19.46,OK,vial,25.0,730
HOSP-LB-001,MED-035,BATCH-0223301,50,2026-06-22,2028-06-21,2026-06-29,35,2.519,19.85,OK,vial,350.0,723
HOSP-LB-001,MED-036,BATCH-0223302,669,2026-06-22,2028-06-21,2026-06-29,300,38.805,17.24,OK,tablet,0.5,723
HOSP-LB-001,MED-037,BATCH-0221929,13,2026-06-15,2029-06-14,2026-06-29,75,7.476,1.74,OK,tablet,8.0,1081
HOSP-LB-001,MED-037,BATCH-0224643,159,2026-06-29,2029-06-28,2026-06-29,75,7.476,21.27,OK,tablet,8.0,1095
HOSP-LB-001,MED-038,BATCH-0221930,34,2026-06-15,2028-06-14,2026-06-29,100,9.794,3.47,OK,ampoule,12.0,716
HOSP-LB-001,MED-038,BATCH-0224644,200,2026-06-29,2028-06-28,2026-06-29,100,9.794,20.42,OK,ampoule,12.0,730
HOSP-LB-001,MED-039,BATCH-0223303,101,2026-06-22,2029-06-21,2026-06-29,80,7.297,13.84,OK,ampoule,10.0,1088
HOSP-LB-001,MED-040,BATCH-0223304,82,2026-06-22,2029-06-21,2026-06-29,50,4.202,19.51,OK,ampoule,28.0,1088
HOSP-LB-001,MED-041,BATCH-0220594,2,2026-06-08,2028-06-07,2026-06-29,14,0.979,2.04,OK,vial,180.0,709
HOSP-LB-001,MED-041,BATCH-0223305,17,2026-06-22,2028-06-21,2026-06-29,14,0.979,17.36,OK,vial,180.0,723
HOSP-LB-001,MED-042,BATCH-0221932,2,2026-06-15,2028-06-14,2026-06-29,7,0.5,4.0,OK,vial,1200.0,716
HOSP-LB-001,MED-042,BATCH-0224645,10,2026-06-29,2028-06-28,2026-06-29,7,0.5,20.0,OK,vial,1200.0,730
HOSP-LB-001,MED-043,BATCH-0221933,3,2026-06-15,2028-06-14,2026-06-29,6,0.432,6.94,OK,vial,3500.0,716
HOSP-LB-001,MED-043,BATCH-0224646,7,2026-06-29,2028-06-28,2026-06-29,6,0.432,16.2,OK,vial,3500.0,730
HOSP-LB-001,MED-044,BATCH-0218024,2,2026-05-25,2028-05-24,2026-06-29,9,0.609,3.28,OK,vial,450.0,695
HOSP-LB-001,MED-044,BATCH-0220596,10,2026-06-08,2028-06-07,2026-06-29,9,0.609,16.42,OK,vial,450.0,709
HOSP-LB-001,MED-045,BATCH-0223306,36,2026-06-22,2028-06-21,2026-06-29,20,1.849,19.47,OK,tablet,15.0,723
HOSP-LB-001,MED-046,BATCH-0223307,2,2026-06-22,2027-12-21,2026-06-29,5,0.295,6.78,OK,prefilled,4500.0,540
HOSP-LB-001,MED-046,BATCH-0224647,7,2026-06-29,2027-12-28,2026-06-29,5,0.295,23.73,OK,prefilled,4500.0,547
HOSP-LB-001,MED-047,BATCH-0220599,16,2026-06-08,2029-06-07,2026-06-29,250,23.953,0.67,OK,sachet,6.0,1074
HOSP-LB-001,MED-047,BATCH-0223308,400,2026-06-22,2029-06-21,2026-06-29,250,23.953,16.7,OK,sachet,6.0,1088
HOSP-LB-001,MED-048,BATCH-0223309,113,2026-06-22,2028-06-21,2026-06-29,115,8.477,13.33,OK,bottle,65.0,723
HOSP-LB-001,MED-048,BATCH-0224648,115,2026-06-29,2028-06-28,2026-06-29,115,8.477,13.57,OK,bottle,65.0,730
HOSP-LB-001,MED-049,BATCH-0224649,87,2026-05-19,2028-05-18,2026-06-29,100,11.624,7.48,LOW_STOCK,capsule,2.0,689
HOSP-LB-001,MED-050,BATCH-0221936,97,2026-06-15,2028-06-14,2026-06-29,110,7.704,12.59,OK,vial,120.0,716
HOSP-LB-001,MED-050,BATCH-0224650,110,2026-06-29,2028-06-28,2026-06-29,110,7.704,14.28,OK,vial,120.0,730
HOSP-LB-001,MED-051,BATCH-0221937,17,2026-06-15,2028-06-14,2026-06-29,80,5.272,3.22,OK,vial,80.0,716
HOSP-LB-001,MED-051,BATCH-0223310,80,2026-06-22,2028-06-21,2026-06-29,80,5.272,15.17,OK,vial,80.0,723
HOSP-LB-001,MED-052,BATCH-0223311,155,2026-06-22,2028-06-21,2026-06-29,214,15.795,9.81,OK,kit,25.0,723
HOSP-LB-001,MED-052,BATCH-0224651,230,2026-06-29,2028-06-28,2026-06-29,214,15.795,14.56,OK,kit,25.0,730
HOSP-LB-001,MED-053,BATCH-0221938,81,2026-06-15,2028-06-14,2026-06-29,140,9.903,8.18,OK,ampoule,35.0,716
HOSP-LB-001,MED-053,BATCH-0224652,180,2026-06-29,2028-06-28,2026-06-29,140,9.903,18.18,OK,ampoule,35.0,730
HOSP-LB-001,MED-054,BATCH-0223312,85,2026-06-22,2028-06-21,2026-06-29,72,7.014,12.12,OK,tablet,20.0,723
HOSP-LB-001,MED-055,BATCH-0220603,13,2026-06-08,2029-06-07,2026-06-29,50,4.569,2.85,OK,ampoule,18.0,1074
HOSP-LB-001,MED-055,BATCH-0223313,80,2026-06-22,2029-06-21,2026-06-29,50,4.569,17.51,OK,ampoule,18.0,1088
HOSP-LB-001,MED-056,BATCH-0221939,30,2026-06-15,2029-06-14,2026-06-29,40,3.656,8.21,OK,ampoule,45.0,1081
HOSP-LB-001,MED-056,BATCH-0224653,65,2026-06-29,2029-06-28,2026-06-29,40,3.656,17.78,OK,ampoule,45.0,1095
HOSP-LB-001,MED-057,BATCH-0223314,14,2026-06-22,2028-06-21,2026-06-29,36,2.65,5.28,OK,bottle,55.0,723
HOSP-LB-001,MED-057,BATCH-0224654,50,2026-06-29,2028-06-28,2026-06-29,36,2.65,18.87,OK,bottle,55.0,730
HOSP-LB-001,MED-058,BATCH-0221940,7,2026-06-15,2028-06-14,2026-06-29,25,1.813,3.86,OK,bottle,90.0,716
HOSP-LB-001,MED-058,BATCH-0223315,25,2026-06-22,2028-06-21,2026-06-29,25,1.813,13.79,OK,bottle,90.0,723
HOSP-LB-001,MED-059,BATCH-0223316,22,2026-06-22,2028-06-21,2026-06-29,22,1.627,13.52,OK,bottle,70.0,723
HOSP-LB-001,MED-060,BATCH-0221941,12,2026-06-15,2028-06-14,2026-06-29,18,1.319,9.1,OK,vial,2500.0,716
HOSP-LB-001,MED-060,BATCH-0224655,20,2026-06-29,2028-06-28,2026-06-29,18,1.319,15.16,OK,vial,2500.0,730
HOSP-LB-001,MED-061,BATCH-0220607,4,2026-06-08,2028-06-07,2026-06-29,40,3.695,1.08,OK,ampoule,25.0,709
HOSP-LB-001,MED-061,BATCH-0223317,70,2026-06-22,2028-06-21,2026-06-29,40,3.695,18.94,OK,ampoule,25.0,723
HOSP-LB-001,MED-062,BATCH-0218032,12,2026-05-25,2029-05-24,2026-06-29,20,2.165,5.54,OK,ampoule,12.0,1060
HOSP-LB-001,MED-062,BATCH-0223318,50,2026-06-22,2029-06-21,2026-06-29,20,2.165,23.09,OK,ampoule,12.0,1088
HOSP-LB-001,MED-063,BATCH-0221942,1,2026-06-15,2028-06-14,2026-06-29,24,1.735,0.58,OK,vial,850.0,716
HOSP-LB-001,MED-063,BATCH-0224656,42,2026-06-29,2028-06-28,2026-06-29,24,1.735,24.21,OK,vial,850.0,730
HOSP-LB-001,MED-064,BATCH-0223319,132,2026-06-22,2031-06-22,2026-06-29,192,14.069,9.38,OK,roll,80.0,1819
HOSP-LB-001,MED-064,BATCH-0224657,216,2026-06-29,2031-06-29,2026-06-29,192,14.069,15.35,OK,roll,80.0,1826
HOSP-LB-001,MED-065,BATCH-0223320,47,2026-06-22,2026-07-22,2026-06-29,27,3.5,13.43,OK,unit,0.0,23
HOSP-LB-001,MED-066,BATCH-0221944,12,2026-06-15,2026-07-15,2026-06-29,20,2.602,4.61,OK,unit,0.0,16
HOSP-LB-001,MED-066,BATCH-0224658,48,2026-06-29,2026-07-29,2026-06-29,20,2.602,18.45,OK,unit,0.0,30
HOSP-LB-001,MED-067,BATCH-0221945,13,2026-06-15,2029-06-14,2026-06-29,129,9.546,1.36,OK,vial,40.0,1081
HOSP-LB-001,MED-067,BATCH-0224659,219,2026-06-29,2029-06-28,2026-06-29,129,9.546,22.94,OK,vial,40.0,1095
HOSP-LB-001,MED-068,BATCH-0221946,30,2026-06-15,2029-06-14,2026-06-29,36,2.608,11.5,OK,vial,180.0,1081
HOSP-LB-001,MED-068,BATCH-0224660,36,2026-06-29,2029-06-28,2026-06-29,36,2.608,13.8,OK,vial,180.0,1095
HOSP-LB-001,MED-069,BATCH-0218035,13,2026-05-25,2029-05-24,2026-06-29,50,3.599,3.61,OK,ampoule,95.0,1060
HOSP-LB-001,MED-069,BATCH-0221947,55,2026-06-15,2029-06-14,2026-06-29,50,3.599,15.28,OK,ampoule,95.0,1081
HOSP-LB-001,MED-070,BATCH-0223321,288,2026-06-22,2028-06-21,2026-06-29,150,8.24,34.95,OK,sachet,120.0,723
HOSP-LB-001,MED-071,BATCH-0220610,3,2026-06-08,2028-06-07,2026-06-29,40,2.76,1.09,OK,ampoule,150.0,709
HOSP-LB-001,MED-071,BATCH-0223322,60,2026-06-22,2028-06-21,2026-06-29,40,2.76,21.74,OK,ampoule,150.0,723
HOSP-LB-001,MED-072,BATCH-0223323,39,2026-06-22,2028-06-21,2026-06-29,54,3.949,9.88,OK,vial,650.0,723
HOSP-LB-001,MED-072,BATCH-0224661,58,2026-06-29,2028-06-28,2026-06-29,54,3.949,14.69,OK,vial,650.0,730
HOSP-LB-002,MED-001,BATCH-0223324,430,2026-06-22,2029-06-21,2026-06-29,600,57.116,7.53,OK,tablet,1.5,1088
HOSP-LB-002,MED-001,BATCH-0224662,1000,2026-06-29,2029-06-28,2026-06-29,600,57.116,17.51,OK,tablet,1.5,1095
HOSP-LB-002,MED-002,BATCH-0223325,113,2026-06-22,2028-06-21,2026-06-29,119,8.765,12.89,OK,bottle,45.0,723
HOSP-LB-002,MED-002,BATCH-0224663,119,2026-06-29,2028-06-28,2026-06-29,119,8.765,13.58,OK,bottle,45.0,730
HOSP-LB-002,MED-003,BATCH-0221950,54,2026-06-15,2029-06-14,2026-06-29,200,19.682,2.74,OK,tablet,2.5,1081
HOSP-LB-002,MED-003,BATCH-0224664,500,2026-06-29,2029-06-28,2026-06-29,200,19.682,25.4,OK,tablet,2.5,1095
HOSP-LB-002,MED-004,BATCH-0221951,46,2026-06-15,2028-06-14,2026-06-29,70,6.096,7.55,OK,ampoule,25.0,716
HOSP-LB-002,MED-004,BATCH-0224665,120,2026-06-29,2028-06-28,2026-06-29,70,6.096,19.69,OK,ampoule,25.0,730
HOSP-LB-002,MED-005,BATCH-0220614,17,2026-06-08,2028-06-07,2026-06-29,300,20.125,0.84,OK,capsule,6.0,709
HOSP-LB-002,MED-005,BATCH-0223326,500,2026-06-22,2028-06-21,2026-06-29,300,20.125,24.84,OK,capsule,6.0,723
HOSP-LB-002,MED-006,BATCH-0223327,103,2026-06-22,2028-06-21,2026-06-29,150,10.82,9.52,OK,tablet,35.0,723
HOSP-LB-002,MED-006,BATCH-0224666,170,2026-06-29,2028-06-28,2026-06-29,150,10.82,15.71,OK,tablet,35.0,730
HOSP-LB-002,MED-007,BATCH-0223328,83,2026-06-22,2028-06-21,2026-06-29,114,8.381,9.9,OK,tablet,40.0,723
HOSP-LB-002,MED-007,BATCH-0224667,123,2026-06-29,2028-06-28,2026-06-29,114,8.381,14.68,OK,tablet,40.0,730
HOSP-LB-002,MED-008,BATCH-0223329,86,2026-06-22,2029-06-21,2026-06-29,150,14.167,6.07,OK,tablet,8.0,1088
HOSP-LB-002,MED-008,BATCH-0224668,260,2026-06-29,2029-06-28,2026-06-29,150,14.167,18.35,OK,tablet,8.0,1095
HOSP-LB-002,MED-009,BATCH-0223330,105,2026-06-22,2028-06-21,2026-06-29,117,8.634,12.16,OK,vial,85.0,723
HOSP-LB-002,MED-009,BATCH-0224669,117,2026-06-29,2028-06-28,2026-06-29,117,8.634,13.55,OK,vial,85.0,730
HOSP-LB-002,MED-010,BATCH-0221954,312,2026-06-15,2029-06-14,2026-06-29,200,18.005,17.33,OK,tablet,2.0,1081
HOSP-LB-002,MED-011,BATCH-0223331,76,2026-06-22,2029-06-21,2026-06-29,400,28.89,2.63,OK,sachet,8.0,1088
HOSP-LB-002,MED-011,BATCH-0224670,650,2026-06-29,2029-06-28,2026-06-29,400,28.89,22.5,OK,sachet,8.0,1095
HOSP-LB-002,MED-012,BATCH-0223332,196,2026-06-22,2029-06-21,2026-06-29,200,16.457,11.91,OK,tablet,1.2,1088
HOSP-LB-002,MED-012,BATCH-0224671,500,2026-06-29,2029-06-28,2026-06-29,200,16.457,30.38,OK,tablet,1.2,1095
HOSP-LB-002,MED-013,BATCH-0223333,168,2026-06-22,2028-06-21,2026-06-29,170,12.542,13.39,OK,bag,55.0,723
HOSP-LB-002,MED-013,BATCH-0224672,170,2026-06-29,2028-06-28,2026-06-29,170,12.542,13.55,OK,bag,55.0,730
HOSP-LB-002,MED-014,BATCH-0223334,202,2026-06-22,2028-06-21,2026-06-29,252,18.656,10.83,OK,bag,45.0,723
HOSP-LB-002,MED-014,BATCH-0224673,252,2026-06-29,2028-06-28,2026-06-29,252,18.656,13.51,OK,bag,45.0,730
HOSP-LB-002,MED-015,BATCH-0223335,121,2026-06-22,2028-06-21,2026-06-29,135,9.979,12.13,OK,bag,48.0,723
HOSP-LB-002,MED-015,BATCH-0224674,135,2026-06-29,2028-06-28,2026-06-29,135,9.979,13.53,OK,bag,48.0,730
HOSP-LB-002,MED-016,BATCH-0223336,30,2026-06-22,2028-06-21,2026-06-29,48,3.723,8.06,OK,tablet,15.0,723
HOSP-LB-002,MED-016,BATCH-0224675,96,2026-06-29,2028-06-28,2026-06-29,48,3.723,25.79,OK,tablet,15.0,730
HOSP-LB-002,MED-017,BATCH-0215871,163,2026-05-11,2029-05-10,2026-06-29,100,1.689,96.51,OK,tablet,1.8,1046
HOSP-LB-002,MED-018,BATCH-0223337,63,2026-06-22,2028-06-21,2026-06-29,60,4.42,14.25,OK,unit,180.0,723
HOSP-LB-002,MED-019,BATCH-0223338,59,2026-06-22,2028-06-21,2026-06-29,50,4.829,12.22,OK,ampoule,30.0,723
HOSP-LB-002,MED-020,BATCH-0221958,3,2026-06-15,2028-06-14,2026-06-29,73,5.366,0.56,OK,bottle,55.0,716
HOSP-LB-002,MED-020,BATCH-0223339,73,2026-06-22,2028-06-21,2026-06-29,73,5.366,13.6,OK,bottle,55.0,723
HOSP-LB-002,MED-021,BATCH-0221959,274,2026-06-15,2029-06-14,2026-06-29,200,20.49,13.37,OK,tablet,1.0,1081
HOSP-LB-002,MED-022,BATCH-0221960,142,2026-06-15,2029-06-14,2026-06-29,200,18.288,7.76,OK,tablet,2.5,1081
HOSP-LB-002,MED-022,BATCH-0224676,400,2026-06-29,2029-06-28,2026-06-29,200,18.288,21.87,OK,tablet,2.5,1095
HOSP-LB-002,MED-023,BATCH-0221961,269,2026-06-15,2029-06-14,2026-06-29,300,29.365,9.16,OK,tablet,1.5,1081
HOSP-LB-002,MED-023,BATCH-0224677,500,2026-06-29,2029-06-28,2026-06-29,300,29.365,17.03,OK,tablet,1.5,1095
HOSP-LB-002,MED-024,BATCH-0223340,38,2026-06-22,2028-06-21,2026-06-29,49,3.586,10.6,OK,vial,450.0,723
HOSP-LB-002,MED-024,BATCH-0224678,50,2026-06-29,2028-06-28,2026-06-29,49,3.586,13.94,OK,vial,450.0,730
HOSP-LB-002,MED-025,BATCH-0221962,144,2026-06-15,2029-06-14,2026-06-29,200,13.077,11.01,OK,tablet,3.0,1081
HOSP-LB-002,MED-025,BATCH-0224679,400,2026-06-29,2029-06-28,2026-06-29,200,13.077,30.59,OK,tablet,3.0,1095
HOSP-LB-002,MED-026,BATCH-0223341,360,2026-06-22,2029-06-21,2026-06-29,200,16.96,21.23,OK,tablet,0.8,1088
HOSP-LB-002,MED-027,BATCH-0223342,223,2026-06-22,2029-06-21,2026-06-29,200,19.317,11.54,OK,capsule,2.0,1088
HOSP-LB-002,MED-028,BATCH-0223343,134,2026-06-22,2029-06-21,2026-06-29,80,7.482,17.91,OK,tablet,6.0,1088
HOSP-LB-002,MED-029,BATCH-0221963,44,2026-06-15,2029-06-14,2026-06-29,100,7.24,6.08,OK,tablet,1.5,1081
HOSP-LB-002,MED-029,BATCH-0224680,300,2026-06-29,2029-06-28,2026-06-29,100,7.24,41.44,OK,tablet,1.5,1095
HOSP-LB-002,MED-030,BATCH-0218049,33,2026-05-25,2029-05-24,2026-06-29,71,5.195,6.35,OK,bottle_100ml,85.0,1060
HOSP-LB-002,MED-030,BATCH-0221964,71,2026-06-15,2029-06-14,2026-06-29,71,5.195,13.67,OK,bottle_100ml,85.0,1081
HOSP-LB-002,MED-031,BATCH-0221965,187,2026-06-15,2031-06-15,2026-06-29,500,33.961,5.51,OK,pair,25.0,1812
HOSP-LB-002,MED-031,BATCH-0224681,750,2026-06-29,2031-06-29,2026-06-29,500,33.961,22.08,OK,pair,25.0,1826
HOSP-LB-002,MED-032,BATCH-0221966,211,2026-06-15,2031-06-15,2026-06-29,600,42.201,5.0,OK,piece,5.0,1812
HOSP-LB-002,MED-032,BATCH-0224682,900,2026-06-29,2031-06-29,2026-06-29,600,42.201,21.33,OK,piece,5.0,1826
HOSP-LB-002,MED-033,BATCH-0220633,122,2026-06-08,2031-06-08,2026-06-29,250,17.029,7.16,OK,piece,35.0,1805
HOSP-LB-002,MED-033,BATCH-0224683,350,2026-06-29,2031-06-29,2026-06-29,250,17.029,20.55,OK,piece,35.0,1826
HOSP-LB-002,MED-034,BATCH-0221967,37,2026-06-15,2028-06-14,2026-06-29,40,3.207,11.54,OK,vial,25.0,716
HOSP-LB-002,MED-034,BATCH-0224684,60,2026-06-29,2028-06-28,2026-06-29,40,3.207,18.71,OK,vial,25.0,730
HOSP-LB-002,MED-035,BATCH-0224685,30,2026-06-29,2028-06-28,2026-06-29,17,1.258,23.85,OK,vial,350.0,730
HOSP-LB-002,MED-036,BATCH-0223345,426,2026-06-22,2028-06-21,2026-06-29,200,21.298,20.0,OK,tablet,0.5,723
HOSP-LB-002,MED-037,BATCH-0223346,60,2026-06-22,2029-06-21,2026-06-29,42,4.137,14.5,OK,tablet,8.0,1088
HOSP-LB-002,MED-038,BATCH-0223347,87,2026-06-22,2028-06-21,2026-06-29,60,5.505,15.8,OK,ampoule,12.0,723
HOSP-LB-002,MED-039,BATCH-0223348,71,2026-06-22,2029-06-21,2026-06-29,40,3.534,20.09,OK,ampoule,10.0,1088
HOSP-LB-002,MED-040,BATCH-0223349,54,2026-06-22,2029-06-21,2026-06-29,30,2.993,18.04,OK,ampoule,28.0,1088
HOSP-LB-002,MED-041,BATCH-0223350,9,2026-06-22,2028-06-21,2026-06-29,7,0.484,18.6,OK,vial,180.0,723
HOSP-LB-002,MED-042,BATCH-0221968,1,2026-06-15,2028-06-14,2026-06-29,5,0.29,3.45,OK,vial,1200.0,716
HOSP-LB-002,MED-042,BATCH-0224686,8,2026-06-29,2028-06-28,2026-06-29,5,0.29,27.59,OK,vial,1200.0,730
HOSP-LB-002,MED-043,BATCH-0223351,6,2026-06-22,2028-06-21,2026-06-29,5,0.236,25.42,OK,vial,3500.0,723
HOSP-LB-002,MED-044,BATCH-0220639,1,2026-06-08,2028-06-07,2026-06-29,5,0.354,2.82,OK,vial,450.0,709
HOSP-LB-002,MED-044,BATCH-0224687,8,2026-06-29,2028-06-28,2026-06-29,5,0.354,22.6,OK,vial,450.0,730
HOSP-LB-002,MED-045,BATCH-0220640,19,2026-06-08,2028-06-07,2026-06-29,20,1.013,18.76,OK,tablet,15.0,709
HOSP-LB-002,MED-045,BATCH-0224688,40,2026-06-29,2028-06-28,2026-06-29,20,1.013,39.49,OK,tablet,15.0,730
HOSP-LB-002,MED-046,BATCH-0219259,7,2026-06-01,2027-11-30,2026-06-29,5,0.185,37.84,OK,prefilled,4500.0,519
HOSP-LB-002,MED-047,BATCH-0221969,33,2026-06-15,2029-06-14,2026-06-29,150,14.531,2.27,OK,sachet,6.0,1081
HOSP-LB-002,MED-047,BATCH-0224689,350,2026-06-29,2029-06-28,2026-06-29,150,14.531,24.09,OK,sachet,6.0,1095
HOSP-LB-002,MED-048,BATCH-0224690,102,2026-06-29,2028-06-28,2026-06-29,57,4.204,24.26,OK,bottle,65.0,730
HOSP-LB-002,MED-049,BATCH-0221971,103,2026-06-15,2028-06-14,2026-06-29,100,6.126,16.81,OK,capsule,2.0,716
HOSP-LB-002,MED-050,BATCH-0220642,5,2026-06-08,2028-06-07,2026-06-29,60,3.846,1.3,OK,vial,120.0,709
HOSP-LB-002,MED-050,BATCH-0223352,60,2026-06-22,2028-06-21,2026-06-29,60,3.846,15.6,OK,vial,120.0,723
HOSP-LB-002,MED-051,BATCH-0223353,62,2026-06-22,2028-06-21,2026-06-29,50,3.142,19.73,OK,vial,80.0,723
HOSP-LB-002,MED-052,BATCH-0221972,60,2026-06-15,2028-06-14,2026-06-29,127,9.395,6.39,OK,kit,25.0,716
HOSP-LB-002,MED-052,BATCH-0224691,168,2026-06-29,2028-06-28,2026-06-29,127,9.395,17.88,OK,kit,25.0,730
HOSP-LB-002,MED-053,BATCH-0223354,90,2026-06-22,2028-06-21,2026-06-29,70,5.099,17.65,OK,ampoule,35.0,723
HOSP-LB-002,MED-054,BATCH-0223355,57,2026-06-22,2028-06-21,2026-06-29,44,4.088,13.94,OK,tablet,20.0,723
HOSP-LB-002,MED-055,BATCH-0221973,22,2026-06-15,2029-06-14,2026-06-29,30,2.441,9.01,OK,ampoule,18.0,1081
HOSP-LB-002,MED-055,BATCH-0224692,50,2026-06-29,2029-06-28,2026-06-29,30,2.441,20.48,OK,ampoule,18.0,1095
HOSP-LB-002,MED-056,BATCH-0221974,18,2026-06-15,2029-06-14,2026-06-29,20,1.855,9.7,OK,ampoule,45.0,1081
HOSP-LB-002,MED-056,BATCH-0224693,30,2026-06-29,2029-06-28,2026-06-29,20,1.855,16.17,OK,ampoule,45.0,1095
HOSP-LB-002,MED-057,BATCH-0220648,5,2026-06-08,2028-06-07,2026-06-29,24,1.713,2.92,OK,bottle,55.0,709
HOSP-LB-002,MED-057,BATCH-0223356,33,2026-06-22,2028-06-21,2026-06-29,24,1.713,19.26,OK,bottle,55.0,723
HOSP-LB-002,MED-058,BATCH-0221975,10,2026-06-15,2028-06-14,2026-06-29,17,1.224,8.17,OK,bottle,90.0,716
HOSP-LB-002,MED-058,BATCH-0224694,20,2026-06-29,2028-06-28,2026-06-29,17,1.224,16.34,OK,bottle,90.0,730
HOSP-LB-002,MED-059,BATCH-0221976,3,2026-06-15,2028-06-14,2026-06-29,14,0.999,3.0,OK,bottle,70.0,716
HOSP-LB-002,MED-059,BATCH-0224695,22,2026-06-29,2028-06-28,2026-06-29,14,0.999,22.02,OK,bottle,70.0,730
HOSP-LB-002,MED-060,BATCH-0223357,10,2026-06-22,2028-06-21,2026-06-29,11,0.797,12.55,OK,vial,2500.0,723
HOSP-LB-002,MED-060,BATCH-0224696,11,2026-06-29,2028-06-28,2026-06-29,11,0.797,13.8,OK,vial,2500.0,730
HOSP-LB-002,MED-061,BATCH-0221977,29,2026-06-15,2028-06-14,2026-06-29,30,2.045,14.18,OK,ampoule,25.0,716
HOSP-LB-002,MED-061,BATCH-0224697,40,2026-06-29,2028-06-28,2026-06-29,30,2.045,19.56,OK,ampoule,25.0,730
HOSP-LB-002,MED-062,BATCH-0223358,18,2026-06-22,2029-06-21,2026-06-29,10,1.143,15.75,OK,ampoule,12.0,1088
HOSP-LB-002,MED-063,BATCH-0221978,7,2026-06-15,2028-06-14,2026-06-29,15,1.098,6.38,OK,vial,850.0,716
HOSP-LB-002,MED-063,BATCH-0224698,20,2026-06-29,2028-06-28,2026-06-29,15,1.098,18.21,OK,vial,850.0,730
HOSP-LB-002,MED-064,BATCH-0221979,6,2026-06-15,2031-06-15,2026-06-29,132,9.393,0.64,OK,roll,80.0,1812
HOSP-LB-002,MED-064,BATCH-0224699,240,2026-06-29,2031-06-29,2026-06-29,132,9.393,25.55,OK,roll,80.0,1826
HOSP-LB-002,MED-065,BATCH-0224700,48,2026-06-29,2026-07-29,2026-06-29,16,2.1,22.86,OK,unit,0.0,30
HOSP-LB-002,MED-066,BATCH-0224701,36,2026-06-29,2026-07-29,2026-06-29,12,1.58,22.78,OK,unit,0.0,30
HOSP-LB-002,MED-067,BATCH-0221981,40,2026-06-15,2029-06-14,2026-06-29,56,4.108,9.74,OK,vial,40.0,1081
HOSP-LB-002,MED-067,BATCH-0224702,60,2026-06-29,2029-06-28,2026-06-29,56,4.108,14.61,OK,vial,40.0,1095
HOSP-LB-002,MED-068,BATCH-0223360,16,2026-06-22,2029-06-21,2026-06-29,20,1.417,11.29,OK,vial,180.0,1088
HOSP-LB-002,MED-068,BATCH-0224703,20,2026-06-29,2029-06-28,2026-06-29,20,1.417,14.11,OK,vial,180.0,1095
HOSP-LB-002,MED-069,BATCH-0221982,8,2026-06-15,2029-06-14,2026-06-29,25,1.757,4.55,OK,ampoule,95.0,1081
HOSP-LB-002,MED-069,BATCH-0224704,40,2026-06-29,2029-06-28,2026-06-29,25,1.757,22.77,OK,ampoule,95.0,1095
HOSP-LB-002,MED-070,BATCH-0214786,16,2026-05-04,2028-05-03,2026-06-29,150,4.236,3.78,OK,sachet,120.0,674
HOSP-LB-002,MED-070,BATCH-0221983,150,2026-06-15,2028-06-14,2026-06-29,150,4.236,35.41,OK,sachet,120.0,716
HOSP-LB-002,MED-071,BATCH-0221984,13,2026-06-15,2028-06-14,2026-06-29,20,1.481,8.78,OK,ampoule,150.0,716
HOSP-LB-002,MED-071,BATCH-0224705,30,2026-06-29,2028-06-28,2026-06-29,20,1.481,20.26,OK,ampoule,150.0,730
HOSP-LB-002,MED-072,BATCH-0223361,24,2026-06-22,2028-06-21,2026-06-29,35,2.586,9.28,OK,vial,650.0,723
HOSP-LB-002,MED-072,BATCH-0224706,39,2026-06-29,2028-06-28,2026-06-29,35,2.586,15.08,OK,vial,650.0,730
HOSP-LB-003,MED-001,BATCH-0223362,1049,2026-06-22,2029-06-21,2026-06-29,800,75.505,13.89,OK,tablet,1.5,1088
HOSP-LB-003,MED-002,BATCH-0223363,138,2026-06-22,2028-06-21,2026-06-29,149,11.004,12.54,OK,bottle,45.0,723
HOSP-LB-003,MED-002,BATCH-0224707,149,2026-06-29,2028-06-28,2026-06-29,149,11.004,13.54,OK,bottle,45.0,730
HOSP-LB-003,MED-003,BATCH-0220657,308,2026-06-08,2029-06-07,2026-06-29,400,30.115,10.23,OK,tablet,2.5,1074
HOSP-LB-003,MED-003,BATCH-0224708,700,2026-06-29,2029-06-28,2026-06-29,400,30.115,23.24,OK,tablet,2.5,1095
HOSP-LB-003,MED-004,BATCH-0220658,15,2026-06-08,2028-06-07,2026-06-29,110,10.292,1.46,OK,ampoule,25.0,709
HOSP-LB-003,MED-004,BATCH-0223364,160,2026-06-22,2028-06-21,2026-06-29,110,10.292,15.55,OK,ampoule,25.0,723
HOSP-LB-003,MED-005,BATCH-0223365,680,2026-06-22,2028-06-21,2026-06-29,400,34.764,19.56,OK,capsule,6.0,723
HOSP-LB-003,MED-006,BATCH-0223366,231,2026-06-22,2028-06-21,2026-06-29,220,15.776,14.64,OK,tablet,35.0,723
HOSP-LB-003,MED-007,BATCH-0221987,45,2026-06-15,2028-06-14,2026-06-29,219,16.166,2.78,OK,tablet,40.0,716
HOSP-LB-003,MED-007,BATCH-0223367,219,2026-06-22,2028-06-21,2026-06-29,219,16.166,13.55,OK,tablet,40.0,723
HOSP-LB-003,MED-008,BATCH-0223368,48,2026-06-22,2029-06-21,2026-06-29,180,17.932,2.68,OK,tablet,8.0,1088
HOSP-LB-003,MED-008,BATCH-0224709,370,2026-06-29,2029-06-28,2026-06-29,180,17.932,20.63,OK,tablet,8.0,1095
HOSP-LB-003,MED-009,BATCH-0221989,55,2026-06-15,2028-06-14,2026-06-29,185,13.693,4.02,OK,vial,85.0,716
HOSP-LB-003,MED-009,BATCH-0224710,278,2026-06-29,2028-06-28,2026-06-29,185,13.693,20.3,OK,vial,85.0,730
HOSP-LB-003,MED-010,BATCH-0221990,60,2026-06-15,2029-06-14,2026-06-29,200,21.875,2.74,OK,tablet,2.0,1081
HOSP-LB-003,MED-010,BATCH-0224711,600,2026-06-29,2029-06-28,2026-06-29,200,21.875,27.43,OK,tablet,2.0,1095
HOSP-LB-003,MED-011,BATCH-0223369,578,2026-06-22,2029-06-21,2026-06-29,650,47.595,12.14,OK,sachet,8.0,1088
HOSP-LB-003,MED-011,BATCH-0224712,650,2026-06-29,2029-06-28,2026-06-29,650,47.595,13.66,OK,sachet,8.0,1095
HOSP-LB-003,MED-012,BATCH-0221992,202,2026-06-15,2029-06-14,2026-06-29,300,30.859,6.55,OK,tablet,1.2,1081
HOSP-LB-003,MED-012,BATCH-0224713,700,2026-06-29,2029-06-28,2026-06-29,300,30.859,22.68,OK,tablet,1.2,1095
HOSP-LB-003,MED-013,BATCH-0221993,117,2026-06-15,2028-06-14,2026-06-29,285,21.078,5.55,OK,bag,55.0,716
HOSP-LB-003,MED-013,BATCH-0224714,396,2026-06-29,2028-06-28,2026-06-29,285,21.078,18.79,OK,bag,55.0,730
HOSP-LB-003,MED-014,BATCH-0221994,90,2026-06-15,2028-06-14,2026-06-29,384,28.405,3.17,OK,bag,45.0,716
HOSP-LB-003,MED-014,BATCH-0224715,601,2026-06-29,2028-06-28,2026-06-29,384,28.405,21.16,OK,bag,45.0,730
HOSP-LB-003,MED-015,BATCH-0221995,74,2026-06-15,2028-06-14,2026-06-29,220,16.273,4.55,OK,bag,48.0,716
HOSP-LB-003,MED-015,BATCH-0224716,322,2026-06-29,2028-06-28,2026-06-29,220,16.273,19.79,OK,bag,48.0,730
HOSP-LB-003,MED-016,BATCH-0223370,77,2026-06-22,2028-06-21,2026-06-29,72,6.584,11.7,OK,tablet,15.0,723
HOSP-LB-003,MED-017,BATCH-0213748,110,2026-04-27,2029-04-26,2026-06-29,100,2.318,47.45,OK,tablet,1.8,1032
HOSP-LB-003,MED-018,BATCH-0223371,136,2026-06-22,2028-06-21,2026-06-29,106,7.788,17.46,OK,unit,180.0,723
HOSP-LB-003,MED-019,BATCH-0223372,109,2026-06-22,2028-06-21,2026-06-29,100,9.704,11.23,OK,ampoule,30.0,723
HOSP-LB-003,MED-020,BATCH-0221997,34,2026-06-15,2028-06-14,2026-06-29,114,8.388,4.05,OK,bottle,55.0,716
HOSP-LB-003,MED-020,BATCH-0224717,171,2026-06-29,2028-06-28,2026-06-29,114,8.388,20.39,OK,bottle,55.0,730
HOSP-LB-003,MED-021,BATCH-0221998,161,2026-06-15,2029-06-14,2026-06-29,300,36.197,4.45,OK,tablet,1.0,1081
HOSP-LB-003,MED-021,BATCH-0224718,800,2026-06-29,2029-06-28,2026-06-29,300,36.197,22.1,OK,tablet,1.0,1095
HOSP-LB-003,MED-022,BATCH-0223373,412,2026-06-22,2029-06-21,2026-06-29,300,29.239,14.09,OK,tablet,2.5,1088
HOSP-LB-003,MED-023,BATCH-0221999,478,2026-06-15,2029-06-14,2026-06-29,500,43.213,11.06,OK,tablet,1.5,1081
HOSP-LB-003,MED-023,BATCH-0224719,700,2026-06-29,2029-06-28,2026-06-29,500,43.213,16.2,OK,tablet,1.5,1095
HOSP-LB-003,MED-024,BATCH-0223374,38,2026-06-22,2028-06-21,2026-06-29,62,4.564,8.33,OK,vial,450.0,723
HOSP-LB-003,MED-024,BATCH-0224720,73,2026-06-29,2028-06-28,2026-06-29,62,4.564,15.99,OK,vial,450.0,730
HOSP-LB-003,MED-025,BATCH-0220671,176,2026-06-08,2029-06-07,2026-06-29,300,22.81,7.72,OK,tablet,3.0,1074
HOSP-LB-003,MED-025,BATCH-0224721,600,2026-06-29,2029-06-28,2026-06-29,300,22.81,26.3,OK,tablet,3.0,1095
HOSP-LB-003,MED-026,BATCH-0223375,649,2026-06-22,2029-06-21,2026-06-29,300,29.452,22.04,OK,tablet,0.8,1088
HOSP-LB-003,MED-027,BATCH-0223376,761,2026-06-22,2029-06-21,2026-06-29,400,31.39,24.24,OK,capsule,2.0,1088
HOSP-LB-003,MED-028,BATCH-0223377,126,2026-06-22,2029-06-21,2026-06-29,140,13.74,9.17,OK,tablet,6.0,1088
HOSP-LB-003,MED-028,BATCH-0224722,200,2026-06-29,2029-06-28,2026-06-29,140,13.74,14.56,OK,tablet,6.0,1095
HOSP-LB-003,MED-029,BATCH-0224723,300,2026-06-29,2029-06-28,2026-06-29,100,9.981,30.06,OK,tablet,1.5,1095
HOSP-LB-003,MED-030,BATCH-0223379,121,2026-06-22,2029-06-21,2026-06-29,104,7.661,15.79,OK,bottle_100ml,85.0,1088
HOSP-LB-003,MED-031,BATCH-0222003,372,2026-06-15,2031-06-15,2026-06-29,600,42.854,8.68,OK,pair,25.0,1812
HOSP-LB-003,MED-031,BATCH-0224724,750,2026-06-29,2031-06-29,2026-06-29,600,42.854,17.5,OK,pair,25.0,1826
HOSP-LB-003,MED-032,BATCH-0222004,523,2026-06-15,2031-06-15,2026-06-29,900,61.594,8.49,OK,piece,5.0,1812
HOSP-LB-003,MED-032,BATCH-0224725,1100,2026-06-29,2031-06-29,2026-06-29,900,61.594,17.86,OK,piece,5.0,1826
HOSP-LB-003,MED-033,BATCH-0223380,413,2026-06-22,2031-06-22,2026-06-29,400,29.204,14.14,OK,piece,35.0,1819
HOSP-LB-003,MED-034,BATCH-0222005,60,2026-06-15,2028-06-14,2026-06-29,60,5.084,11.8,OK,vial,25.0,716
HOSP-LB-003,MED-035,BATCH-0222006,5,2026-06-15,2028-06-14,2026-06-29,30,2.173,2.3,OK,vial,350.0,716
HOSP-LB-003,MED-035,BATCH-0223381,30,2026-06-22,2028-06-21,2026-06-29,30,2.173,13.81,OK,vial,350.0,723
HOSP-LB-003,MED-036,BATCH-0222007,250,2026-06-15,2028-06-14,2026-06-29,300,37.272,6.71,OK,tablet,0.5,716
HOSP-LB-003,MED-036,BATCH-0224726,700,2026-06-29,2028-06-28,2026-06-29,300,37.272,18.78,OK,tablet,0.5,730
HOSP-LB-003,MED-037,BATCH-0220675,13,2026-06-08,2029-06-07,2026-06-29,65,6.449,2.02,OK,tablet,8.0,1074
HOSP-LB-003,MED-037,BATCH-0223382,101,2026-06-22,2029-06-21,2026-06-29,65,6.449,15.66,OK,tablet,8.0,1088
HOSP-LB-003,MED-038,BATCH-0222008,20,2026-06-15,2028-06-14,2026-06-29,80,7.591,2.63,OK,ampoule,12.0,716
HOSP-LB-003,MED-038,BATCH-0224727,170,2026-06-29,2028-06-28,2026-06-29,80,7.591,22.39,OK,ampoule,12.0,730
HOSP-LB-003,MED-039,BATCH-0223383,110,2026-06-22,2029-06-21,2026-06-29,70,6.118,17.98,OK,ampoule,10.0,1088
HOSP-LB-003,MED-040,BATCH-0222009,27,2026-06-15,2029-06-14,2026-06-29,50,4.549,5.94,OK,ampoule,28.0,1081
HOSP-LB-003,MED-040,BATCH-0224728,90,2026-06-29,2029-06-28,2026-06-29,50,4.549,19.78,OK,ampoule,28.0,1095
HOSP-LB-003,MED-041,BATCH-0220676,3,2026-06-08,2028-06-07,2026-06-29,11,0.766,3.92,OK,vial,180.0,709
HOSP-LB-003,MED-041,BATCH-0224729,16,2026-06-29,2028-06-28,2026-06-29,11,0.766,20.89,OK,vial,180.0,730
HOSP-LB-003,MED-042,BATCH-0223384,6,2026-06-22,2028-06-21,2026-06-29,7,0.515,11.65,OK,vial,1200.0,723
HOSP-LB-003,MED-042,BATCH-0224730,7,2026-06-29,2028-06-28,2026-06-29,7,0.515,13.59,OK,vial,1200.0,730
HOSP-LB-003,MED-043,BATCH-0224731,9,2026-06-29,2028-06-28,2026-06-29,5,0.329,27.36,OK,vial,3500.0,730
HOSP-LB-003,MED-044,BATCH-0220678,3,2026-06-08,2028-06-07,2026-06-29,6,0.38,7.89,OK,vial,450.0,709
HOSP-LB-003,MED-044,BATCH-0223385,6,2026-06-22,2028-06-21,2026-06-29,6,0.38,15.79,OK,vial,450.0,723
HOSP-LB-003,MED-045,BATCH-0222011,20,2026-06-15,2028-06-14,2026-06-29,20,1.766,11.33,OK,tablet,15.0,716
HOSP-LB-003,MED-046,BATCH-0220679,1,2026-06-08,2027-12-07,2026-06-29,5,0.248,4.03,OK,prefilled,4500.0,526
HOSP-LB-003,MED-046,BATCH-0223386,7,2026-06-22,2027-12-21,2026-06-29,5,0.248,28.23,OK,prefilled,4500.0,540
HOSP-LB-003,MED-047,BATCH-0222012,235,2026-06-15,2029-06-14,2026-06-29,250,23.608,9.95,OK,sachet,6.0,1081
HOSP-LB-003,MED-047,BATCH-0224732,350,2026-06-29,2029-06-28,2026-06-29,250,23.608,14.83,OK,sachet,6.0,1095
HOSP-LB-003,MED-048,BATCH-0224733,174,2026-06-29,2028-06-28,2026-06-29,97,7.136,24.38,OK,bottle,65.0,730
HOSP-LB-003,MED-049,BATCH-0223387,181,2026-06-22,2028-06-21,2026-06-29,100,9.234,19.6,OK,capsule,2.0,723
HOSP-LB-003,MED-050,BATCH-0223388,82,2026-06-22,2028-06-21,2026-06-29,90,6.026,13.61,OK,vial,120.0,723
HOSP-LB-003,MED-050,BATCH-0224734,90,2026-06-29,2028-06-28,2026-06-29,90,6.026,14.94,OK,vial,120.0,730
HOSP-LB-003,MED-051,BATCH-0222014,45,2026-06-15,2028-06-14,2026-06-29,70,5.012,8.98,OK,vial,80.0,716
HOSP-LB-003,MED-051,BATCH-0224735,90,2026-06-29,2028-06-28,2026-06-29,70,5.012,17.96,OK,vial,80.0,730
HOSP-LB-003,MED-052,BATCH-0222015,96,2026-06-15,2028-06-14,2026-06-29,150,11.105,8.64,OK,kit,25.0,716
HOSP-LB-003,MED-052,BATCH-0224736,174,2026-06-29,2028-06-28,2026-06-29,150,11.105,15.67,OK,kit,25.0,730
HOSP-LB-003,MED-053,BATCH-0222016,79,2026-06-15,2028-06-14,2026-06-29,130,9.137,8.65,OK,ampoule,35.0,716
HOSP-LB-003,MED-053,BATCH-0224737,160,2026-06-29,2028-06-28,2026-06-29,130,9.137,17.51,OK,ampoule,35.0,730
HOSP-LB-003,MED-054,BATCH-0223389,102,2026-06-22,2028-06-21,2026-06-29,64,6.396,15.95,OK,tablet,20.0,723
HOSP-LB-003,MED-055,BATCH-0224738,100,2026-06-29,2029-06-28,2026-06-29,40,3.801,26.31,OK,ampoule,18.0,1095
HOSP-LB-003,MED-056,BATCH-0220685,16,2026-06-08,2029-06-07,2026-06-29,35,3.358,4.76,OK,ampoule,45.0,1074
HOSP-LB-003,MED-056,BATCH-0224739,65,2026-06-29,2029-06-28,2026-06-29,35,3.358,19.36,OK,ampoule,45.0,1095
HOSP-LB-003,MED-057,BATCH-0222018,26,2026-06-15,2028-06-14,2026-06-29,29,2.118,12.28,OK,bottle,55.0,716
HOSP-LB-003,MED-057,BATCH-0224740,29,2026-06-29,2028-06-28,2026-06-29,29,2.118,13.69,OK,bottle,55.0,730
HOSP-LB-003,MED-058,BATCH-0222019,10,2026-06-15,2028-06-14,2026-06-29,23,1.633,6.12,OK,bottle,90.0,716
HOSP-LB-003,MED-058,BATCH-0224741,31,2026-06-29,2028-06-28,2026-06-29,23,1.633,18.98,OK,bottle,90.0,730
HOSP-LB-003,MED-059,BATCH-0220688,5,2026-06-08,2028-06-07,2026-06-29,20,1.426,3.51,OK,bottle,70.0,709
HOSP-LB-003,MED-059,BATCH-0223391,24,2026-06-22,2028-06-21,2026-06-29,20,1.426,16.83,OK,bottle,70.0,723
HOSP-LB-003,MED-060,BATCH-0223392,22,2026-06-22,2028-06-21,2026-06-29,16,1.176,18.71,OK,vial,2500.0,723
HOSP-LB-003,MED-061,BATCH-0222020,19,2026-06-15,2028-06-14,2026-06-29,30,2.759,6.89,OK,ampoule,25.0,716
HOSP-LB-003,MED-061,BATCH-0224742,50,2026-06-29,2028-06-28,2026-06-29,30,2.759,18.12,OK,ampoule,25.0,730
HOSP-LB-003,MED-062,BATCH-0222021,19,2026-06-15,2029-06-14,2026-06-29,20,2.056,9.24,OK,ampoule,12.0,1081
HOSP-LB-003,MED-062,BATCH-0224743,50,2026-06-29,2029-06-28,2026-06-29,20,2.056,24.32,OK,ampoule,12.0,1095
HOSP-LB-003,MED-063,BATCH-0223393,17,2026-06-22,2028-06-21,2026-06-29,22,1.558,10.91,OK,vial,850.0,723
HOSP-LB-003,MED-063,BATCH-0224744,22,2026-06-29,2028-06-28,2026-06-29,22,1.558,14.12,OK,vial,850.0,730
HOSP-LB-003,MED-064,BATCH-0222022,58,2026-06-15,2031-06-15,2026-06-29,168,11.766,4.93,OK,roll,80.0,1812
HOSP-LB-003,MED-064,BATCH-0224745,252,2026-06-29,2031-06-29,2026-06-29,168,11.766,21.42,OK,roll,80.0,1826
HOSP-LB-003,MED-065,BATCH-0224746,3,2026-06-06,2026-07-06,2026-06-29,20,2.553,1.18,LOW_STOCK,unit,0.0,7
HOSP-LB-003,MED-066,BATCH-0223395,38,2026-06-22,2026-07-22,2026-06-29,19,2.457,15.47,OK,unit,0.0,23
HOSP-LB-003,MED-067,BATCH-0222023,54,2026-06-15,2029-06-14,2026-06-29,108,7.945,6.8,OK,vial,40.0,1081
HOSP-LB-003,MED-067,BATCH-0224747,140,2026-06-29,2029-06-28,2026-06-29,108,7.945,17.62,OK,vial,40.0,1095
HOSP-LB-003,MED-068,BATCH-0223396,20,2026-06-22,2029-06-21,2026-06-29,28,2.043,9.79,OK,vial,180.0,1088
HOSP-LB-003,MED-068,BATCH-0224748,30,2026-06-29,2029-06-28,2026-06-29,28,2.043,14.68,OK,vial,180.0,1095
HOSP-LB-003,MED-069,BATCH-0222024,39,2026-06-15,2029-06-14,2026-06-29,45,3.13,12.46,OK,ampoule,95.0,1081
HOSP-LB-003,MED-069,BATCH-0224749,45,2026-06-29,2029-06-28,2026-06-29,45,3.13,14.38,OK,ampoule,95.0,1095
HOSP-LB-003,MED-070,BATCH-0220695,226,2026-06-08,2028-06-07,2026-06-29,150,6.3,35.87,OK,sachet,120.0,709
HOSP-LB-003,MED-071,BATCH-0222025,45,2026-06-15,2028-06-14,2026-06-29,40,2.27,19.82,OK,ampoule,150.0,716
HOSP-LB-003,MED-072,BATCH-0223397,49,2026-06-22,2028-06-21,2026-06-29,57,4.157,11.79,OK,vial,650.0,723
HOSP-LB-003,MED-072,BATCH-0224750,57,2026-06-29,2028-06-28,2026-06-29,57,4.157,13.71,OK,vial,650.0,730
HOSP-LB-004,MED-001,BATCH-0222777,144,2026-06-21,2029-06-20,2026-06-29,100,4.19,34.37,OK,tablet,1.5,1087
HOSP-LB-004,MED-002,BATCH-0222778,6,2026-06-22,2028-06-21,2026-06-29,11,0.78,7.69,LOW_STOCK,bottle,45.0,723
HOSP-LB-004,MED-003,BATCH-0216561,134,2026-05-17,2029-05-16,2026-06-29,100,1.683,79.62,OK,tablet,2.5,1052
HOSP-LB-004,MED-004,BATCH-0221455,14,2026-06-14,2028-06-13,2026-06-29,10,0.619,22.62,OK,ampoule,25.0,715
HOSP-LB-004,MED-005,BATCH-0221456,85,2026-06-15,2028-06-14,2026-06-29,100,2.267,37.49,LOW_STOCK,capsule,6.0,716
HOSP-LB-004,MED-006,BATCH-0222779,22,2026-06-22,2028-06-21,2026-06-29,20,1.016,21.65,OK,tablet,35.0,723
HOSP-LB-004,MED-007,BATCH-0221457,1,2026-06-13,2028-06-12,2026-06-29,12,0.765,1.31,OK,tablet,40.0,714
HOSP-LB-004,MED-007,BATCH-0224148,18,2026-06-29,2028-06-28,2026-06-29,12,0.765,23.53,OK,tablet,40.0,730
HOSP-LB-004,MED-008,BATCH-0222780,5,2026-06-22,2029-06-21,2026-06-29,10,0.79,6.33,LOW_STOCK,tablet,8.0,1088
HOSP-LB-004,MED-009,BATCH-0224149,5,2026-06-29,2028-06-28,2026-06-29,13,0.92,5.43,LOW_STOCK,vial,85.0,730
HOSP-LB-004,MED-010,BATCH-0216564,87,2026-05-18,2029-05-17,2026-06-29,100,1.149,75.72,LOW_STOCK,tablet,2.0,1053
HOSP-LB-004,MED-012,BATCH-0224150,180,2026-06-28,2029-06-27,2026-06-29,100,1.69,106.51,OK,tablet,1.2,1094
HOSP-LB-004,MED-013,BATCH-0224151,16,2026-06-29,2028-06-28,2026-06-29,17,1.248,12.82,LOW_STOCK,bag,55.0,730
HOSP-LB-004,MED-014,BATCH-0222783,5,2026-06-20,2028-06-19,2026-06-29,24,1.752,2.85,LOW_STOCK,bag,45.0,721
HOSP-LB-004,MED-015,BATCH-0224152,14,2026-06-29,2028-06-28,2026-06-29,14,0.994,14.08,OK,bag,48.0,730
HOSP-LB-004,MED-016,BATCH-0221462,35,2026-06-14,2028-06-13,2026-06-29,24,0.35,100.0,OK,tablet,15.0,715
HOSP-LB-004,MED-017,BATCH-0198240,156,2025-11-08,2028-11-07,2026-06-29,100,0.144,1083.33,OK,tablet,1.8,862
HOSP-LB-004,MED-018,BATCH-0224153,5,2026-06-28,2028-06-27,2026-06-29,6,0.381,13.12,LOW_STOCK,unit,180.0,729
HOSP-LB-004,MED-019,BATCH-0222785,9,2026-06-21,2028-06-20,2026-06-29,10,0.459,19.61,LOW_STOCK,ampoule,30.0,722
HOSP-LB-004,MED-020,BATCH-0222786,9,2026-06-22,2028-06-21,2026-06-29,8,0.555,16.22,OK,bottle,55.0,723
HOSP-LB-004,MED-021,BATCH-0218749,92,2026-06-01,2029-05-31,2026-06-29,100,2.022,45.5,LOW_STOCK,tablet,1.0,1067
HOSP-LB-004,MED-022,BATCH-0210178,96,2026-04-05,2029-04-04,2026-06-29,100,1.775,54.08,LOW_STOCK,tablet,2.5,1010
HOSP-LB-004,MED-023,BATCH-0224154,180,2026-06-29,2029-06-28,2026-06-29,100,2.172,82.87,OK,tablet,1.5,1095
HOSP-LB-004,MED-025,BATCH-0212320,128,2026-04-20,2029-04-19,2026-06-29,100,1.194,107.2,OK,tablet,3.0,1025
HOSP-LB-004,MED-026,BATCH-0220106,132,2026-06-06,2029-06-05,2026-06-29,100,1.907,69.22,OK,tablet,0.8,1072
HOSP-LB-004,MED-027,BATCH-0221465,124,2026-06-15,2029-06-14,2026-06-29,100,2.192,56.57,OK,capsule,2.0,1081
HOSP-LB-004,MED-028,BATCH-0224155,9,2026-06-28,2029-06-27,2026-06-29,10,0.829,10.86,LOW_STOCK,tablet,6.0,1094
HOSP-LB-004,MED-029,BATCH-0191769,141,2025-12-13,2028-12-12,2026-06-29,100,0.567,248.68,OK,tablet,1.5,897
HOSP-LB-004,MED-030,BATCH-0224156,5,2026-06-29,2029-06-28,2026-06-29,7,0.467,10.71,LOW_STOCK,bottle_100ml,85.0,1095
HOSP-LB-004,MED-031,BATCH-0221468,15,2026-06-15,2031-06-15,2026-06-29,50,3.541,4.24,OK,pair,25.0,1812
HOSP-LB-004,MED-031,BATCH-0224157,50,2026-06-28,2031-06-28,2026-06-29,50,3.541,14.12,OK,pair,25.0,1825
HOSP-LB-004,MED-032,BATCH-0220108,35,2026-06-08,2031-06-08,2026-06-29,100,3.937,8.89,OK,piece,5.0,1805
HOSP-LB-004,MED-032,BATCH-0224158,200,2026-06-27,2031-06-27,2026-06-29,100,3.937,50.8,OK,piece,5.0,1824
HOSP-LB-004,MED-033,BATCH-0222788,91,2026-06-21,2031-06-21,2026-06-29,50,1.475,61.69,OK,piece,35.0,1818
HOSP-LB-004,MED-034,BATCH-0215465,10,2026-05-11,2028-05-10,2026-06-29,10,0.29,34.48,OK,vial,25.0,681
HOSP-LB-004,MED-035,BATCH-0221469,3,2026-06-15,2028-06-14,2026-06-29,5,0.135,22.22,LOW_STOCK,vial,350.0,716
HOSP-LB-004,MED-036,BATCH-0220109,239,2026-06-07,2028-06-06,2026-06-29,100,2.09,114.35,OK,tablet,0.5,708
HOSP-LB-004,MED-037,BATCH-0222789,1,2026-06-22,2029-06-21,2026-06-29,4,0.389,2.57,LOW_STOCK,tablet,8.0,1088
HOSP-LB-004,MED-038,BATCH-0221471,15,2026-06-15,2028-06-14,2026-06-29,10,0.563,26.64,OK,ampoule,12.0,716
HOSP-LB-004,MED-039,BATCH-0221472,14,2026-06-13,2029-06-12,2026-06-29,10,0.368,38.04,OK,ampoule,10.0,1079
HOSP-LB-004,MED-040,BATCH-0222790,14,2026-06-22,2029-06-21,2026-06-29,10,0.32,43.75,OK,ampoule,28.0,1088
HOSP-LB-004,MED-041,BATCH-0209129,2,2026-03-28,2028-03-27,2026-06-29,5,0.05,40.0,OK,vial,180.0,637
HOSP-LB-004,MED-041,BATCH-0221473,6,2026-06-14,2028-06-13,2026-06-29,5,0.05,120.0,OK,vial,180.0,715
HOSP-LB-004,MED-042,BATCH-0191773,1,2025-12-13,2027-12-13,2026-06-29,5,0.05,20.0,OK,vial,1200.0,532
HOSP-LB-004,MED-042,BATCH-0204748,5,2026-03-02,2028-03-01,2026-06-29,5,0.05,100.0,OK,vial,1200.0,611
HOSP-LB-004,MED-043,BATCH-0181029,4,2025-10-13,2027-10-13,2026-06-29,5,0.05,80.0,OK,vial,3500.0,471
HOSP-LB-004,MED-043,BATCH-0218752,5,2026-06-01,2028-05-31,2026-06-29,5,0.05,100.0,OK,vial,3500.0,702
HOSP-LB-004,MED-044,BATCH-0210184,5,2026-04-04,2028-04-03,2026-06-29,5,0.05,100.0,OK,vial,450.0,644
HOSP-LB-004,MED-045,BATCH-0208012,27,2026-03-22,2028-03-21,2026-06-29,20,0.105,257.14,OK,tablet,15.0,631
HOSP-LB-004,MED-046,BATCH-0178240,1,2025-09-28,2027-03-29,2026-06-29,5,0.05,20.0,OK,prefilled,4500.0,273
HOSP-LB-004,MED-046,BATCH-0194065,5,2025-12-29,2027-06-29,2026-06-29,5,0.05,100.0,OK,prefilled,4500.0,365
HOSP-LB-004,MED-047,BATCH-0221474,70,2026-06-14,2029-06-13,2026-06-29,50,1.126,62.17,OK,sachet,6.0,1080
HOSP-LB-004,MED-048,BATCH-0224159,4,2026-06-28,2028-06-27,2026-06-29,5,0.364,10.99,LOW_STOCK,bottle,65.0,729
HOSP-LB-004,MED-049,BATCH-0203586,120,2026-02-21,2028-02-21,2026-06-29,100,0.548,218.98,OK,capsule,2.0,602
HOSP-LB-004,MED-050,BATCH-0221476,9,2026-06-15,2028-06-14,2026-06-29,10,0.303,29.7,LOW_STOCK,vial,120.0,716
HOSP-LB-004,MED-051,BATCH-0224160,20,2026-06-27,2028-06-26,2026-06-29,10,0.331,60.42,OK,vial,80.0,728
HOSP-LB-004,MED-052,BATCH-0224161,10,2026-06-28,2028-06-27,2026-06-29,11,0.79,12.66,LOW_STOCK,kit,25.0,729
HOSP-LB-004,MED-053,BATCH-0224162,14,2026-06-29,2028-06-28,2026-06-29,10,0.727,19.26,OK,ampoule,35.0,730
HOSP-LB-004,MED-054,BATCH-0220113,2,2026-06-08,2028-06-07,2026-06-29,4,0.386,5.18,LOW_STOCK,tablet,20.0,709
HOSP-LB-004,MED-055,BATCH-0210186,9,2026-04-06,2029-04-05,2026-06-29,10,0.2,45.0,LOW_STOCK,ampoule,18.0,1011
HOSP-LB-004,MED-056,BATCH-0222792,9,2026-06-21,2029-06-20,2026-06-29,5,0.162,55.56,OK,ampoule,45.0,1087
HOSP-LB-004,MED-057,BATCH-0206945,1,2026-03-14,2028-03-13,2026-06-29,5,0.099,10.1,OK,bottle,55.0,623
HOSP-LB-004,MED-057,BATCH-0215470,6,2026-05-10,2028-05-09,2026-06-29,5,0.099,60.61,OK,bottle,55.0,680
HOSP-LB-004,MED-058,BATCH-0204752,1,2026-03-01,2028-02-29,2026-06-29,5,0.095,10.53,OK,bottle,90.0,610
HOSP-LB-004,MED-058,BATCH-0215471,5,2026-05-10,2028-05-09,2026-06-29,5,0.095,52.63,OK,bottle,90.0,680
HOSP-LB-004,MED-059,BATCH-0212326,4,2026-04-19,2028-04-18,2026-06-29,5,0.087,45.98,OK,bottle,70.0,659
HOSP-LB-004,MED-059,BATCH-0224163,5,2026-06-29,2028-06-28,2026-06-29,5,0.087,57.47,OK,bottle,70.0,730
HOSP-LB-004,MED-060,BATCH-0220114,7,2026-06-06,2028-06-05,2026-06-29,5,0.076,92.11,OK,vial,2500.0,707
HOSP-LB-004,MED-061,BATCH-0217650,1,2026-05-24,2028-05-23,2026-06-29,10,0.183,5.46,OK,ampoule,25.0,694
HOSP-LB-004,MED-061,BATCH-0224164,20,2026-06-27,2028-06-26,2026-06-29,10,0.183,109.29,OK,ampoule,25.0,728
HOSP-LB-004,MED-062,BATCH-0216575,14,2026-05-18,2029-05-17,2026-06-29,10,0.137,102.19,OK,ampoule,12.0,1053
HOSP-LB-004,MED-063,BATCH-0215472,3,2026-05-10,2028-05-09,2026-06-29,5,0.088,34.09,OK,vial,850.0,680
HOSP-LB-004,MED-063,BATCH-0222793,5,2026-06-22,2028-06-21,2026-06-29,5,0.088,56.82,OK,vial,850.0,723
HOSP-LB-004,MED-064,BATCH-0222794,12,2026-06-21,2031-06-21,2026-06-29,12,0.734,16.35,OK,roll,80.0,1818
HOSP-LB-004,MED-065,BATCH-0221479,3,2026-06-13,2026-07-13,2026-06-29,3,0.197,15.23,OK,unit,0.0,14
HOSP-LB-004,MED-067,BATCH-0224165,7,2026-06-27,2029-06-26,2026-06-29,6,0.411,17.03,OK,vial,40.0,1093
HOSP-LB-004,MED-068,BATCH-0211221,4,2026-04-11,2029-04-10,2026-06-29,5,0.111,36.04,OK,vial,180.0,1016
HOSP-LB-004,MED-068,BATCH-0222795,5,2026-06-21,2029-06-20,2026-06-29,5,0.111,45.05,OK,vial,180.0,1087
HOSP-LB-004,MED-069,BATCH-0220116,5,2026-06-08,2029-06-07,2026-06-29,5,0.2,25.0,OK,ampoule,95.0,1074
HOSP-LB-004,MED-070,BATCH-0170542,119,2025-08-17,2027-08-17,2026-06-29,150,0.458,259.83,OK,sachet,120.0,414
HOSP-LB-004,MED-070,BATCH-0218756,150,2026-05-30,2028-05-29,2026-06-29,150,0.458,327.51,OK,sachet,120.0,700
HOSP-LB-004,MED-071,BATCH-0204756,2,2026-02-28,2028-02-28,2026-06-29,10,0.131,15.27,OK,ampoule,150.0,609
HOSP-LB-004,MED-071,BATCH-0213339,10,2026-04-25,2028-04-24,2026-06-29,10,0.131,76.34,OK,ampoule,150.0,665
HOSP-LB-004,MED-072,BATCH-0220117,1,2026-06-06,2028-06-05,2026-06-29,5,0.223,4.48,OK,vial,650.0,707
HOSP-LB-004,MED-072,BATCH-0224166,6,2026-06-29,2028-06-28,2026-06-29,5,0.223,26.91,OK,vial,650.0,730
HOSP-LB-005,MED-001,BATCH-0224167,2648,2026-06-27,2029-06-26,2026-06-29,1800,175.102,15.12,OK,tablet,1.5,1093
HOSP-LB-005,MED-002,BATCH-0222797,158,2026-06-21,2028-06-20,2026-06-29,404,29.882,5.29,LOW_STOCK,bottle,45.0,722
HOSP-LB-005,MED-003,BATCH-0224168,1237,2026-06-29,2029-06-28,2026-06-29,700,69.406,17.82,OK,tablet,2.5,1095
HOSP-LB-005,MED-004,BATCH-0222798,111,2026-06-21,2028-06-20,2026-06-29,230,22.518,4.93,LOW_STOCK,ampoule,25.0,722
HOSP-LB-005,MED-005,BATCH-0222799,470,2026-06-21,2028-06-20,2026-06-29,900,88.525,5.31,LOW_STOCK,capsule,6.0,722
HOSP-LB-005,MED-006,BATCH-0224169,491,2026-06-27,2028-06-26,2026-06-29,500,36.74,13.36,LOW_STOCK,tablet,35.0,728
HOSP-LB-005,MED-007,BATCH-0222800,217,2026-06-21,2028-06-20,2026-06-29,450,33.215,6.53,OK,tablet,40.0,722
HOSP-LB-005,MED-007,BATCH-0224170,450,2026-06-29,2028-06-28,2026-06-29,450,33.215,13.55,OK,tablet,40.0,730
HOSP-LB-005,MED-008,BATCH-0222801,438,2026-06-22,2029-06-21,2026-06-29,480,47.008,9.32,LOW_STOCK,tablet,8.0,1088
HOSP-LB-005,MED-009,BATCH-0222802,188,2026-06-21,2028-06-20,2026-06-29,452,33.416,5.63,LOW_STOCK,vial,85.0,722
HOSP-LB-005,MED-010,BATCH-0222803,191,2026-06-20,2029-06-19,2026-06-29,400,52.951,3.61,LOW_STOCK,tablet,2.0,1086
HOSP-LB-005,MED-011,BATCH-0224171,970,2026-06-27,2029-06-26,2026-06-29,1250,91.412,10.61,LOW_STOCK,sachet,8.0,1093
HOSP-LB-005,MED-013,BATCH-0222806,157,2026-06-21,2028-06-20,2026-06-29,603,44.654,3.52,LOW_STOCK,bag,55.0,722
HOSP-LB-005,MED-014,BATCH-0224172,933,2026-06-27,2028-06-26,2026-06-29,957,70.88,13.16,LOW_STOCK,bag,45.0,728
HOSP-LB-005,MED-015,BATCH-0224173,443,2026-06-27,2028-06-26,2026-06-29,497,36.749,12.05,LOW_STOCK,bag,48.0,728
HOSP-LB-005,MED-016,BATCH-0222809,66,2026-06-22,2028-06-21,2026-06-29,120,11.399,5.79,LOW_STOCK,tablet,15.0,723
HOSP-LB-005,MED-017,BATCH-0215482,6,2026-05-10,2029-05-09,2026-06-29,100,6.257,0.96,OK,tablet,1.8,1045
HOSP-LB-005,MED-017,BATCH-0224174,300,2026-06-27,2029-06-26,2026-06-29,100,6.257,47.95,OK,tablet,1.8,1093
HOSP-LB-005,MED-018,BATCH-0224175,155,2026-06-28,2028-06-27,2026-06-29,185,13.681,11.33,LOW_STOCK,unit,180.0,729
HOSP-LB-005,MED-019,BATCH-0222810,53,2026-06-22,2028-06-21,2026-06-29,210,20.424,2.59,LOW_STOCK,ampoule,30.0,723
HOSP-LB-005,MED-020,BATCH-0224176,206,2026-06-29,2028-06-28,2026-06-29,264,19.53,10.55,LOW_STOCK,bottle,55.0,730
HOSP-LB-005,MED-021,BATCH-0222812,360,2026-06-21,2029-06-20,2026-06-29,500,63.831,5.64,LOW_STOCK,tablet,1.0,1087
HOSP-LB-005,MED-022,BATCH-0222813,622,2026-06-21,2029-06-20,2026-06-29,600,55.419,11.22,OK,tablet,2.5,1087
HOSP-LB-005,MED-023,BATCH-0224177,1142,2026-06-27,2029-06-26,2026-06-29,800,79.824,14.31,OK,tablet,1.5,1093
HOSP-LB-005,MED-024,BATCH-0221490,5,2026-06-14,2028-06-13,2026-06-29,143,10.533,0.47,OK,vial,450.0,715
HOSP-LB-005,MED-024,BATCH-0224178,143,2026-06-28,2028-06-27,2026-06-29,143,10.533,13.58,OK,vial,450.0,729
HOSP-LB-005,MED-025,BATCH-0224179,862,2026-06-29,2029-06-28,2026-06-29,500,40.474,21.3,OK,tablet,3.0,1095
HOSP-LB-005,MED-026,BATCH-0222815,779,2026-06-20,2029-06-19,2026-06-29,600,73.946,10.53,OK,tablet,0.8,1086
HOSP-LB-005,MED-027,BATCH-0222816,20,2026-06-21,2029-06-20,2026-06-29,800,74.668,0.27,LOW_STOCK,capsule,2.0,1087
HOSP-LB-005,MED-029,BATCH-0224180,278,2026-06-28,2029-06-27,2026-06-29,200,21.962,12.66,OK,tablet,1.5,1094
HOSP-LB-005,MED-030,BATCH-0222818,201,2026-06-20,2029-06-19,2026-06-29,267,19.709,10.2,LOW_STOCK,bottle_100ml,85.0,1086
HOSP-LB-005,MED-031,BATCH-0222819,922,2026-06-20,2031-06-20,2026-06-29,1450,106.131,8.69,LOW_STOCK,pair,25.0,1817
HOSP-LB-005,MED-032,BATCH-0222820,1571,2026-06-21,2031-06-21,2026-06-29,2100,152.594,10.3,LOW_STOCK,piece,5.0,1818
HOSP-LB-005,MED-033,BATCH-0222821,219,2026-06-22,2031-06-22,2026-06-29,850,60.713,3.61,LOW_STOCK,piece,35.0,1819
HOSP-LB-005,MED-034,BATCH-0222822,55,2026-06-22,2028-06-21,2026-06-29,100,9.606,5.73,LOW_STOCK,vial,25.0,723
HOSP-LB-005,MED-035,BATCH-0222823,34,2026-06-22,2028-06-21,2026-06-29,60,4.38,7.76,LOW_STOCK,vial,350.0,723
HOSP-LB-005,MED-036,BATCH-0222824,513,2026-06-20,2028-06-19,2026-06-29,600,66.823,7.68,LOW_STOCK,tablet,0.5,721
HOSP-LB-005,MED-037,BATCH-0222825,146,2026-06-22,2029-06-21,2026-06-29,156,15.556,9.39,LOW_STOCK,tablet,8.0,1088
HOSP-LB-005,MED-038,BATCH-0224181,244,2026-06-29,2028-06-28,2026-06-29,180,17.806,13.7,OK,ampoule,12.0,730
HOSP-LB-005,MED-039,BATCH-0222826,153,2026-06-21,2029-06-20,2026-06-29,140,13.042,11.73,OK,ampoule,10.0,1087
HOSP-LB-005,MED-040,BATCH-0224182,111,2026-06-28,2029-06-27,2026-06-29,110,10.592,10.48,OK,ampoule,28.0,1094
HOSP-LB-005,MED-041,BATCH-0222828,12,2026-06-20,2028-06-19,2026-06-29,28,2.016,5.95,LOW_STOCK,vial,180.0,721
HOSP-LB-005,MED-042,BATCH-0224183,22,2026-06-28,2028-06-27,2026-06-29,20,1.432,15.36,OK,vial,1200.0,729
HOSP-LB-005,MED-043,BATCH-0224184,14,2026-06-29,2028-06-28,2026-06-29,11,0.742,18.87,OK,vial,3500.0,730
HOSP-LB-005,MED-044,BATCH-0224185,13,2026-06-28,2028-06-27,2026-06-29,14,0.988,13.16,LOW_STOCK,vial,450.0,729
HOSP-LB-005,MED-045,BATCH-0224186,68,2026-06-27,2028-06-26,2026-06-29,40,3.969,17.13,OK,tablet,15.0,728
HOSP-LB-005,MED-046,BATCH-0224187,7,2026-06-29,2027-12-28,2026-06-29,6,0.426,16.43,OK,prefilled,4500.0,547
HOSP-LB-005,MED-048,BATCH-0224188,260,2026-06-27,2028-06-26,2026-06-29,202,14.93,17.41,OK,bottle,65.0,728
HOSP-LB-005,MED-050,BATCH-0222830,59,2026-06-21,2028-06-20,2026-06-29,180,13.047,4.52,LOW_STOCK,vial,120.0,722
HOSP-LB-005,MED-051,BATCH-0221499,2,2026-06-13,2028-06-12,2026-06-29,150,10.583,0.19,OK,vial,80.0,714
HOSP-LB-005,MED-051,BATCH-0224189,210,2026-06-29,2028-06-28,2026-06-29,150,10.583,19.84,OK,vial,80.0,730
HOSP-LB-005,MED-052,BATCH-0224190,311,2026-06-28,2028-06-27,2026-06-29,354,26.19,11.87,LOW_STOCK,kit,25.0,729
HOSP-LB-005,MED-053,BATCH-0224191,336,2026-06-28,2028-06-27,2026-06-29,300,21.777,15.43,OK,ampoule,35.0,729
HOSP-LB-005,MED-054,BATCH-0222832,102,2026-06-20,2028-06-19,2026-06-29,128,12.638,8.07,LOW_STOCK,tablet,20.0,721
HOSP-LB-005,MED-055,BATCH-0222833,37,2026-06-21,2029-06-20,2026-06-29,80,7.99,4.63,LOW_STOCK,ampoule,18.0,1087
HOSP-LB-005,MED-056,BATCH-0222834,42,2026-06-22,2029-06-21,2026-06-29,60,5.787,7.26,LOW_STOCK,ampoule,45.0,1088
HOSP-LB-005,MED-057,BATCH-0222835,24,2026-06-22,2028-06-21,2026-06-29,76,5.608,4.28,LOW_STOCK,bottle,55.0,723
HOSP-LB-005,MED-058,BATCH-0224192,53,2026-06-29,2028-06-28,2026-06-29,56,4.122,12.86,LOW_STOCK,bottle,90.0,730
HOSP-LB-005,MED-059,BATCH-0222836,23,2026-06-20,2028-06-19,2026-06-29,55,4.006,5.74,OK,bottle,70.0,721
HOSP-LB-005,MED-059,BATCH-0224193,55,2026-06-27,2028-06-26,2026-06-29,55,4.006,13.73,OK,bottle,70.0,728
HOSP-LB-005,MED-060,BATCH-0224194,39,2026-06-28,2028-06-27,2026-06-29,38,2.785,14.0,OK,vial,2500.0,729
HOSP-LB-005,MED-061,BATCH-0222837,21,2026-06-22,2028-06-21,2026-06-29,70,6.679,3.14,LOW_STOCK,ampoule,25.0,723
HOSP-LB-005,MED-062,BATCH-0224195,99,2026-06-29,2029-06-28,2026-06-29,50,5.454,18.15,OK,ampoule,12.0,1095
HOSP-LB-005,MED-063,BATCH-0221506,8,2026-06-15,2028-06-14,2026-06-29,49,3.583,2.23,OK,vial,850.0,716
HOSP-LB-005,MED-063,BATCH-0224196,66,2026-06-29,2028-06-28,2026-06-29,49,3.583,18.42,OK,vial,850.0,730
HOSP-LB-005,MED-064,BATCH-0222838,353,2026-06-21,2031-06-21,2026-06-29,420,30.338,11.64,LOW_STOCK,roll,80.0,1818
HOSP-LB-005,MED-065,BATCH-0222839,46,2026-06-21,2026-07-21,2026-06-29,55,7.206,6.38,LOW_STOCK,unit,0.0,22
HOSP-LB-005,MED-066,BATCH-0224197,63,2026-06-28,2026-07-28,2026-06-29,37,4.819,13.07,OK,unit,0.0,29
HOSP-LB-005,MED-067,BATCH-0224198,189,2026-06-27,2029-06-26,2026-06-29,226,16.676,11.33,LOW_STOCK,vial,40.0,1093
HOSP-LB-005,MED-068,BATCH-0224199,54,2026-06-28,2029-06-27,2026-06-29,68,4.964,10.88,LOW_STOCK,vial,180.0,1094
HOSP-LB-005,MED-069,BATCH-0221510,11,2026-06-14,2029-06-13,2026-06-29,95,6.699,1.64,LOW_STOCK,ampoule,95.0,1080
HOSP-LB-005,MED-070,BATCH-0222840,385,2026-06-20,2028-06-19,2026-06-29,300,15.606,24.67,OK,sachet,120.0,721
HOSP-LB-005,MED-071,BATCH-0222841,67,2026-06-21,2028-06-20,2026-06-29,60,4.231,15.84,OK,ampoule,150.0,722
HOSP-LB-005,MED-072,BATCH-0222842,45,2026-06-22,2028-06-21,2026-06-29,102,7.551,5.96,LOW_STOCK,vial,650.0,723
HOSP-KR-001,MED-001,BATCH-0224751,231,2026-04-23,2029-04-22,2026-06-29,500,40.928,5.64,LOW_STOCK,tablet,1.5,1028
HOSP-KR-001,MED-002,BATCH-0224200,83,2026-06-27,2028-06-26,2026-06-29,84,6.22,13.34,LOW_STOCK,bottle,45.0,728
HOSP-KR-001,MED-003,BATCH-0224201,359,2026-06-28,2029-06-27,2026-06-29,200,17.669,20.32,OK,tablet,2.5,1094
HOSP-KR-001,MED-004,BATCH-0224202,80,2026-06-29,2028-06-28,2026-06-29,60,5.853,13.67,OK,ampoule,25.0,730
HOSP-KR-001,MED-005,BATCH-0222845,81,2026-06-21,2028-06-20,2026-06-29,200,17.856,4.54,LOW_STOCK,capsule,6.0,722
HOSP-KR-001,MED-006,BATCH-0222846,32,2026-06-21,2028-06-20,2026-06-29,150,10.421,3.07,OK,tablet,35.0,722
HOSP-KR-001,MED-006,BATCH-0224203,150,2026-06-27,2028-06-26,2026-06-29,150,10.421,14.39,OK,tablet,35.0,728
HOSP-KR-001,MED-007,BATCH-0222847,27,2026-06-22,2028-06-21,2026-06-29,117,8.476,3.19,LOW_STOCK,tablet,40.0,723
HOSP-KR-001,MED-008,BATCH-0224204,134,2026-06-27,2029-06-26,2026-06-29,120,11.812,11.34,OK,tablet,8.0,1093
HOSP-KR-001,MED-009,BATCH-0222848,30,2026-06-21,2028-06-20,2026-06-29,139,10.238,2.93,OK,vial,85.0,722
HOSP-KR-001,MED-009,BATCH-0224205,139,2026-06-29,2028-06-28,2026-06-29,139,10.238,13.58,OK,vial,85.0,730
HOSP-KR-001,MED-010,BATCH-0221516,195,2026-06-13,2029-06-12,2026-06-29,200,16.205,12.03,LOW_STOCK,tablet,2.0,1079
HOSP-KR-001,MED-011,BATCH-0224206,286,2026-06-29,2029-06-28,2026-06-29,300,21.435,13.34,LOW_STOCK,sachet,8.0,1095
HOSP-KR-001,MED-013,BATCH-0224207,186,2026-06-27,2028-06-26,2026-06-29,165,12.216,15.23,OK,bag,55.0,728
HOSP-KR-001,MED-014,BATCH-0224208,231,2026-06-27,2028-06-26,2026-06-29,247,18.284,12.63,LOW_STOCK,bag,45.0,728
HOSP-KR-001,MED-015,BATCH-0222852,73,2026-06-21,2028-06-20,2026-06-29,144,10.661,6.85,LOW_STOCK,bag,48.0,722
HOSP-KR-001,MED-016,BATCH-0224209,86,2026-06-27,2028-06-26,2026-06-29,48,3.167,27.16,OK,tablet,15.0,728
HOSP-KR-001,MED-017,BATCH-0208061,223,2026-03-22,2029-03-21,2026-06-29,100,1.376,162.06,OK,tablet,1.8,996
HOSP-KR-001,MED-018,BATCH-0224210,56,2026-06-28,2028-06-27,2026-06-29,49,3.578,15.65,OK,unit,180.0,729
HOSP-KR-001,MED-019,BATCH-0224211,72,2026-06-27,2028-06-26,2026-06-29,50,4.507,15.98,OK,ampoule,30.0,728
HOSP-KR-001,MED-020,BATCH-0222853,34,2026-06-20,2028-06-19,2026-06-29,64,4.73,7.19,OK,bottle,55.0,721
HOSP-KR-001,MED-020,BATCH-0224212,64,2026-06-28,2028-06-27,2026-06-29,64,4.73,13.53,OK,bottle,55.0,729
HOSP-KR-001,MED-021,BATCH-0221522,209,2026-06-15,2029-06-14,2026-06-29,200,16.669,12.54,OK,tablet,1.0,1081
HOSP-KR-001,MED-022,BATCH-0221523,134,2026-06-13,2029-06-12,2026-06-29,200,13.969,9.59,LOW_STOCK,tablet,2.5,1079
HOSP-KR-001,MED-023,BATCH-0221524,70,2026-06-13,2029-06-12,2026-06-29,300,22.689,3.09,OK,tablet,1.5,1079
HOSP-KR-001,MED-023,BATCH-0224213,500,2026-06-28,2029-06-27,2026-06-29,300,22.689,22.04,OK,tablet,1.5,1094
HOSP-KR-001,MED-024,BATCH-0224214,19,2026-06-27,2028-06-26,2026-06-29,40,2.904,6.54,LOW_STOCK,vial,450.0,728
HOSP-KR-001,MED-025,BATCH-0218799,1,2026-06-01,2029-05-31,2026-06-29,200,12.148,0.08,OK,tablet,3.0,1067
HOSP-KR-001,MED-025,BATCH-0222854,300,2026-06-22,2029-06-21,2026-06-29,200,12.148,24.7,OK,tablet,3.0,1088
HOSP-KR-001,MED-026,BATCH-0220176,115,2026-06-07,2029-06-06,2026-06-29,200,14.234,8.08,LOW_STOCK,tablet,0.8,1073
HOSP-KR-001,MED-027,BATCH-0222855,103,2026-06-20,2029-06-19,2026-06-29,200,17.971,5.73,LOW_STOCK,capsule,2.0,1086
HOSP-KR-001,MED-028,BATCH-0224215,119,2026-06-27,2029-06-26,2026-06-29,80,7.367,16.15,OK,tablet,6.0,1093
HOSP-KR-001,MED-029,BATCH-0222856,135,2026-06-20,2029-06-19,2026-06-29,100,5.869,23.0,OK,tablet,1.5,1086
HOSP-KR-001,MED-030,BATCH-0224216,61,2026-06-27,2029-06-26,2026-06-29,62,4.589,13.29,LOW_STOCK,bottle_100ml,85.0,1093
HOSP-KR-001,MED-032,BATCH-0222858,386,2026-06-21,2031-06-21,2026-06-29,600,38.773,9.96,LOW_STOCK,piece,5.0,1818
HOSP-KR-001,MED-033,BATCH-0222859,56,2026-06-20,2031-06-20,2026-06-29,200,14.65,3.82,OK,piece,35.0,1817
HOSP-KR-001,MED-033,BATCH-0224217,200,2026-06-27,2031-06-27,2026-06-29,200,14.65,13.65,OK,piece,35.0,1824
HOSP-KR-001,MED-034,BATCH-0222860,35,2026-06-20,2028-06-19,2026-06-29,30,2.441,14.34,OK,vial,25.0,721
HOSP-KR-001,MED-035,BATCH-0224218,15,2026-06-27,2028-06-26,2026-06-29,17,1.253,11.97,LOW_STOCK,vial,350.0,728
HOSP-KR-001,MED-036,BATCH-0220180,42,2026-06-08,2028-06-07,2026-06-29,200,18.209,2.31,LOW_STOCK,tablet,0.5,709
HOSP-KR-001,MED-037,BATCH-0222861,27,2026-06-21,2029-06-20,2026-06-29,44,4.338,6.22,LOW_STOCK,tablet,8.0,1087
HOSP-KR-001,MED-038,BATCH-0222862,31,2026-06-21,2028-06-20,2026-06-29,50,4.589,6.76,LOW_STOCK,ampoule,12.0,722
HOSP-KR-001,MED-039,BATCH-0224219,48,2026-06-29,2029-06-28,2026-06-29,40,3.465,13.85,OK,ampoule,10.0,1095
HOSP-KR-001,MED-040,BATCH-0222863,24,2026-06-20,2029-06-19,2026-06-29,30,2.937,8.17,LOW_STOCK,ampoule,28.0,1086
HOSP-KR-001,MED-041,BATCH-0222864,1,2026-06-20,2028-06-19,2026-06-29,7,0.513,1.95,LOW_STOCK,vial,180.0,721
HOSP-KR-001,MED-042,BATCH-0222865,3,2026-06-20,2028-06-19,2026-06-29,5,0.322,9.32,LOW_STOCK,vial,1200.0,721
HOSP-KR-001,MED-043,BATCH-0220185,2,2026-06-07,2028-06-06,2026-06-29,5,0.213,9.39,OK,vial,3500.0,708
HOSP-KR-001,MED-043,BATCH-0222866,5,2026-06-21,2028-06-20,2026-06-29,5,0.213,23.47,OK,vial,3500.0,722
HOSP-KR-001,MED-044,BATCH-0220186,2,2026-06-08,2028-06-07,2026-06-29,5,0.253,7.91,OK,vial,450.0,709
HOSP-KR-001,MED-044,BATCH-0224220,5,2026-06-28,2028-06-27,2026-06-29,5,0.253,19.76,OK,vial,450.0,729
HOSP-KR-001,MED-045,BATCH-0217705,8,2026-05-25,2028-05-24,2026-06-29,20,1.06,7.55,OK,tablet,15.0,695
HOSP-KR-001,MED-045,BATCH-0224221,40,2026-06-27,2028-06-26,2026-06-29,20,1.06,37.74,OK,tablet,15.0,728
HOSP-KR-001,MED-046,BATCH-0220187,4,2026-06-07,2027-12-06,2026-06-29,5,0.148,27.03,LOW_STOCK,prefilled,4500.0,525
HOSP-KR-001,MED-047,BATCH-0222867,37,2026-06-22,2029-06-21,2026-06-29,150,13.824,2.68,LOW_STOCK,sachet,6.0,1088
HOSP-KR-001,MED-048,BATCH-0224222,41,2026-06-28,2028-06-27,2026-06-29,56,4.084,10.04,LOW_STOCK,bottle,65.0,729
HOSP-KR-001,MED-049,BATCH-0217706,130,2026-05-23,2028-05-22,2026-06-29,100,4.327,30.04,OK,capsule,2.0,693
HOSP-KR-001,MED-050,BATCH-0222868,20,2026-06-21,2028-06-20,2026-06-29,60,3.869,5.17,OK,vial,120.0,722
HOSP-KR-001,MED-050,BATCH-0224223,70,2026-06-28,2028-06-27,2026-06-29,60,3.869,18.09,OK,vial,120.0,729
HOSP-KR-001,MED-051,BATCH-0221531,13,2026-06-15,2028-06-14,2026-06-29,40,2.957,4.4,OK,vial,80.0,716
HOSP-KR-001,MED-051,BATCH-0224224,40,2026-06-28,2028-06-27,2026-06-29,40,2.957,13.53,OK,vial,80.0,729
HOSP-KR-001,MED-052,BATCH-0221532,13,2026-06-14,2028-06-13,2026-06-29,82,6.026,2.16,OK,kit,25.0,715
HOSP-KR-001,MED-052,BATCH-0222869,82,2026-06-20,2028-06-19,2026-06-29,82,6.026,13.61,OK,kit,25.0,721
HOSP-KR-001,MED-053,BATCH-0222870,79,2026-06-21,2028-06-20,2026-06-29,80,5.352,14.76,LOW_STOCK,ampoule,35.0,722
HOSP-KR-001,MED-055,BATCH-0222871,30,2026-06-20,2029-06-19,2026-06-29,30,2.478,12.11,OK,ampoule,18.0,1086
HOSP-KR-001,MED-056,BATCH-0224225,32,2026-06-27,2029-06-26,2026-06-29,20,1.791,17.87,OK,ampoule,45.0,1093
HOSP-KR-001,MED-057,BATCH-0222872,10,2026-06-20,2028-06-19,2026-06-29,17,1.233,8.11,LOW_STOCK,bottle,55.0,721
HOSP-KR-001,MED-058,BATCH-0221534,1,2026-06-14,2028-06-13,2026-06-29,14,1.028,0.97,OK,bottle,90.0,715
HOSP-KR-001,MED-058,BATCH-0224226,16,2026-06-28,2028-06-27,2026-06-29,14,1.028,15.56,OK,bottle,90.0,729
HOSP-KR-001,MED-059,BATCH-0224227,14,2026-06-29,2028-06-28,2026-06-29,12,0.819,17.09,OK,bottle,70.0,730
HOSP-KR-001,MED-060,BATCH-0222873,1,2026-06-20,2028-06-19,2026-06-29,11,0.79,1.27,LOW_STOCK,vial,2500.0,721
HOSP-KR-001,MED-061,BATCH-0222874,23,2026-06-20,2028-06-19,2026-06-29,20,1.483,15.51,OK,ampoule,25.0,721
HOSP-KR-001,MED-062,BATCH-0224228,29,2026-06-27,2029-06-26,2026-06-29,10,0.964,30.08,OK,ampoule,12.0,1093
HOSP-KR-001,MED-063,BATCH-0224229,12,2026-06-29,2028-06-28,2026-06-29,12,0.834,14.39,OK,vial,850.0,730
HOSP-KR-001,MED-064,BATCH-0222875,47,2026-06-22,2031-06-22,2026-06-29,96,6.399,7.34,LOW_STOCK,roll,80.0,1819
HOSP-KR-001,MED-065,BATCH-0224752,9,2026-06-06,2026-07-06,2026-06-29,12,1.588,5.67,LOW_STOCK,unit,0.0,7
HOSP-KR-001,MED-066,BATCH-0222876,10,2026-06-22,2026-07-22,2026-06-29,8,0.977,10.24,OK,unit,0.0,23
HOSP-KR-001,MED-067,BATCH-0222877,36,2026-06-21,2029-06-20,2026-06-29,59,4.321,8.33,LOW_STOCK,vial,40.0,1087
HOSP-KR-001,MED-068,BATCH-0224230,23,2026-06-29,2029-06-28,2026-06-29,20,1.451,15.85,OK,vial,180.0,1095
HOSP-KR-001,MED-069,BATCH-0222878,12,2026-06-20,2029-06-19,2026-06-29,20,1.341,8.95,LOW_STOCK,ampoule,95.0,1086
HOSP-KR-001,MED-070,BATCH-0221540,268,2026-06-15,2028-06-14,2026-06-29,150,4.357,61.51,OK,sachet,120.0,716
HOSP-KR-001,MED-071,BATCH-0222879,21,2026-06-20,2028-06-19,2026-06-29,20,1.103,19.04,OK,ampoule,150.0,721
HOSP-KR-001,MED-072,BATCH-0224231,45,2026-06-28,2028-06-27,2026-06-29,41,3.01,14.95,OK,vial,650.0,729
HOSP-KR-003,MED-001,BATCH-0216638,159,2026-05-16,2029-05-15,2026-06-29,100,0.372,427.42,OK,tablet,1.5,1051
HOSP-KR-003,MED-002,BATCH-0200233,2,2026-01-31,2028-01-31,2026-06-29,5,0.062,32.26,OK,bottle,45.0,581
HOSP-KR-003,MED-002,BATCH-0224232,5,2026-06-28,2028-06-27,2026-06-29,5,0.062,80.65,OK,bottle,45.0,729
HOSP-KR-003,MED-003,BATCH-0197779,141,2026-01-18,2029-01-17,2026-06-29,100,0.158,892.41,OK,tablet,2.5,933
HOSP-KR-003,MED-004,BATCH-0214429,15,2026-05-04,2028-05-03,2026-06-29,10,0.05,300.0,OK,ampoule,25.0,674
HOSP-KR-003,MED-005,BATCH-0203658,156,2026-02-22,2028-02-22,2026-06-29,100,0.164,951.22,OK,capsule,6.0,603
HOSP-KR-003,MED-006,BATCH-0217718,13,2026-05-25,2028-05-24,2026-06-29,10,0.085,152.94,OK,tablet,35.0,695
HOSP-KR-003,MED-007,BATCH-0221542,2,2026-06-14,2028-06-13,2026-06-29,6,0.06,33.33,OK,tablet,40.0,715
HOSP-KR-003,MED-007,BATCH-0222880,6,2026-06-21,2028-06-20,2026-06-29,6,0.06,100.0,OK,tablet,40.0,722
HOSP-KR-003,MED-008,BATCH-0222881,18,2026-06-20,2029-06-19,2026-06-29,10,0.078,230.77,OK,tablet,8.0,1086
HOSP-KR-003,MED-009,BATCH-0221544,8,2026-06-13,2028-06-12,2026-06-29,5,0.086,93.02,OK,vial,85.0,714
HOSP-KR-003,MED-010,BATCH-0129485,85,2024-12-23,2027-12-23,2026-06-29,100,0.107,794.39,OK,tablet,2.0,542
HOSP-KR-003,MED-010,BATCH-0217719,300,2026-05-24,2029-05-23,2026-06-29,100,0.107,2803.74,OK,tablet,2.0,1059
HOSP-KR-003,MED-010,BATCH-0218819,300,2026-05-31,2029-05-30,2026-06-29,100,0.107,2803.74,OK,tablet,2.0,1066
HOSP-KR-003,MED-011,BATCH-0204815,17,2026-03-01,2029-02-28,2026-06-29,50,0.186,91.4,OK,sachet,8.0,975
HOSP-KR-003,MED-011,BATCH-0205876,50,2026-03-07,2029-03-06,2026-06-29,50,0.186,268.82,OK,sachet,8.0,981
HOSP-KR-003,MED-012,BATCH-0145780,105,2025-03-30,2028-03-29,2026-06-29,100,0.123,853.66,OK,tablet,1.2,639
HOSP-KR-003,MED-013,BATCH-0216640,2,2026-05-18,2028-05-17,2026-06-29,5,0.08,25.0,OK,bag,55.0,688
HOSP-KR-003,MED-013,BATCH-0217720,7,2026-05-23,2028-05-22,2026-06-29,5,0.08,87.5,OK,bag,55.0,693
HOSP-KR-003,MED-014,BATCH-0222882,3,2026-06-20,2028-06-19,2026-06-29,5,0.123,24.39,LOW_STOCK,bag,45.0,721
HOSP-KR-003,MED-015,BATCH-0224233,5,2026-06-28,2028-06-27,2026-06-29,5,0.075,66.67,OK,bag,48.0,729
HOSP-KR-003,MED-016,BATCH-0153178,38,2025-05-17,2027-05-17,2026-06-29,24,0.05,760.0,OK,tablet,15.0,322
HOSP-KR-003,MED-017,BATCH-0038137,300,2023-07-22,2026-07-21,2026-06-29,100,0.05,6000.0,OK,tablet,1.8,22
HOSP-KR-003,MED-018,BATCH-0205877,1,2026-03-08,2028-03-07,2026-06-29,5,0.05,20.0,OK,unit,180.0,617
HOSP-KR-003,MED-018,BATCH-0207009,5,2026-03-14,2028-03-13,2026-06-29,5,0.05,100.0,OK,unit,180.0,623
HOSP-KR-003,MED-019,BATCH-0209188,18,2026-03-29,2028-03-28,2026-06-29,10,0.05,360.0,OK,ampoule,30.0,638
HOSP-KR-003,MED-020,BATCH-0217721,1,2026-05-25,2028-05-24,2026-06-29,5,0.05,20.0,OK,bottle,55.0,695
HOSP-KR-003,MED-020,BATCH-0218820,5,2026-05-30,2028-05-29,2026-06-29,5,0.05,100.0,OK,bottle,55.0,700
HOSP-KR-003,MED-021,BATCH-0181112,124,2025-10-13,2028-10-12,2026-06-29,100,0.168,738.1,OK,tablet,1.0,836
HOSP-KR-003,MED-022,BATCH-0143623,116,2025-03-17,2028-03-16,2026-06-29,100,0.113,1026.55,OK,tablet,2.5,626
HOSP-KR-003,MED-023,BATCH-0203660,160,2026-02-22,2029-02-21,2026-06-29,100,0.178,898.88,OK,tablet,1.5,968
HOSP-KR-003,MED-024,BATCH-0221546,2,2026-06-15,2028-06-14,2026-06-29,5,0.05,40.0,OK,vial,450.0,716
HOSP-KR-003,MED-024,BATCH-0222883,7,2026-06-20,2028-06-19,2026-06-29,5,0.05,140.0,OK,vial,450.0,721
HOSP-KR-003,MED-025,BATCH-0107295,98,2024-08-18,2027-08-18,2026-06-29,100,0.105,933.33,OK,tablet,3.0,415
HOSP-KR-003,MED-025,BATCH-0224234,200,2026-06-27,2029-06-26,2026-06-29,100,0.105,1904.76,OK,tablet,3.0,1093
HOSP-KR-003,MED-026,BATCH-0169213,123,2025-08-10,2028-08-09,2026-06-29,100,0.149,825.5,OK,tablet,0.8,772
HOSP-KR-003,MED-027,BATCH-0224235,180,2026-06-27,2029-06-26,2026-06-29,100,0.159,1132.08,OK,capsule,2.0,1093
HOSP-KR-003,MED-028,BATCH-0197784,12,2026-01-18,2029-01-17,2026-06-29,10,0.055,218.18,OK,tablet,6.0,933
HOSP-KR-003,MED-029,BATCH-0202568,176,2026-02-15,2029-02-14,2026-06-29,100,0.05,3520.0,OK,tablet,1.5,961
HOSP-KR-003,MED-030,BATCH-0200235,5,2026-02-02,2029-02-01,2026-06-29,5,0.05,100.0,OK,bottle_100ml,85.0,948
HOSP-KR-003,MED-031,BATCH-0207010,8,2026-03-16,2031-03-16,2026-06-29,50,0.254,31.5,OK,pair,25.0,1721
HOSP-KR-003,MED-031,BATCH-0208090,50,2026-03-23,2031-03-23,2026-06-29,50,0.254,196.85,OK,pair,25.0,1728
HOSP-KR-003,MED-032,BATCH-0191846,95,2025-12-15,2030-12-15,2026-06-29,100,0.313,303.51,LOW_STOCK,piece,5.0,1630
HOSP-KR-003,MED-033,BATCH-0216641,35,2026-05-17,2031-05-17,2026-06-29,50,0.109,321.1,OK,piece,35.0,1783
HOSP-KR-003,MED-033,BATCH-0217722,50,2026-05-23,2031-05-23,2026-06-29,50,0.109,458.72,OK,piece,35.0,1789
HOSP-KR-003,MED-034,BATCH-0177064,10,2025-09-21,2027-09-21,2026-06-29,10,0.05,200.0,OK,vial,25.0,449
HOSP-KR-003,MED-035,BATCH-0167860,2,2025-08-03,2027-08-03,2026-06-29,5,0.05,40.0,OK,vial,350.0,400
HOSP-KR-003,MED-035,BATCH-0169215,6,2025-08-09,2027-08-09,2026-06-29,5,0.05,120.0,OK,vial,350.0,406
HOSP-KR-003,MED-036,BATCH-0201366,165,2026-02-09,2028-02-09,2026-06-29,100,0.146,1130.14,OK,tablet,0.5,590
HOSP-KR-003,MED-037,BATCH-0211277,2,2026-04-11,2029-04-10,2026-06-29,3,0.05,40.0,LOW_STOCK,tablet,8.0,1016
HOSP-KR-003,MED-038,BATCH-0205878,16,2026-03-07,2028-03-06,2026-06-29,10,0.05,320.0,OK,ampoule,12.0,616
HOSP-KR-003,MED-039,BATCH-0224236,18,2026-06-29,2029-06-28,2026-06-29,10,0.05,360.0,OK,ampoule,10.0,1095
HOSP-KR-003,MED-040,BATCH-0209189,17,2026-03-30,2029-03-29,2026-06-29,10,0.05,340.0,OK,ampoule,28.0,1004
HOSP-KR-003,MED-041,BATCH-0139098,8,2025-02-16,2027-02-16,2026-06-29,5,0.05,160.0,OK,vial,180.0,232
HOSP-KR-003,MED-042,BATCH-0196538,2,2026-01-10,2028-01-10,2026-06-29,5,0.05,40.0,OK,vial,1200.0,560
HOSP-KR-003,MED-042,BATCH-0197785,7,2026-01-19,2028-01-19,2026-06-29,5,0.05,140.0,OK,vial,1200.0,569
HOSP-KR-003,MED-043,BATCH-0139099,8,2025-02-15,2027-02-15,2026-06-29,5,0.05,160.0,OK,vial,3500.0,231
HOSP-KR-003,MED-044,BATCH-0139100,6,2025-02-17,2027-02-17,2026-06-29,5,0.05,120.0,OK,vial,450.0,233
HOSP-KR-003,MED-045,BATCH-0142427,30,2025-03-08,2027-03-08,2026-06-29,20,0.05,600.0,OK,tablet,15.0,252
HOSP-KR-003,MED-046,BATCH-0182509,5,2025-10-20,2027-04-20,2026-06-29,5,0.05,100.0,OK,prefilled,4500.0,295
HOSP-KR-003,MED-047,BATCH-0195305,61,2026-01-04,2029-01-03,2026-06-29,50,0.116,525.86,OK,sachet,6.0,919
HOSP-KR-003,MED-048,BATCH-0205879,2,2026-03-08,2028-03-07,2026-06-29,5,0.05,40.0,OK,bottle,65.0,617
HOSP-KR-003,MED-048,BATCH-0207011,7,2026-03-15,2028-03-14,2026-06-29,5,0.05,140.0,OK,bottle,65.0,624
HOSP-KR-003,MED-049,BATCH-0139102,158,2025-02-15,2027-02-15,2026-06-29,100,0.05,3160.0,OK,capsule,2.0,231
HOSP-KR-003,MED-050,BATCH-0215535,6,2026-05-11,2028-05-10,2026-06-29,10,0.05,120.0,OK,vial,120.0,681
HOSP-KR-003,MED-050,BATCH-0216642,10,2026-05-17,2028-05-16,2026-06-29,10,0.05,200.0,OK,vial,120.0,687
HOSP-KR-003,MED-051,BATCH-0185175,5,2025-11-01,2027-11-01,2026-06-29,10,0.05,100.0,OK,vial,80.0,490
HOSP-KR-003,MED-051,BATCH-0186350,10,2025-11-09,2027-11-09,2026-06-29,10,0.05,200.0,OK,vial,80.0,498
HOSP-KR-003,MED-052,BATCH-0212393,6,2026-04-18,2028-04-17,2026-06-29,5,0.069,86.96,OK,kit,25.0,658
HOSP-KR-003,MED-053,BATCH-0210264,5,2026-04-06,2028-04-05,2026-06-29,10,0.05,100.0,OK,ampoule,35.0,646
HOSP-KR-003,MED-053,BATCH-0211279,10,2026-04-12,2028-04-11,2026-06-29,10,0.05,200.0,OK,ampoule,35.0,652
HOSP-KR-003,MED-054,BATCH-0221547,7,2026-06-13,2028-06-12,2026-06-29,4,0.05,140.0,OK,tablet,20.0,714
HOSP-KR-003,MED-055,BATCH-0136790,10,2025-02-01,2028-02-01,2026-06-29,10,0.05,200.0,OK,ampoule,18.0,582
HOSP-KR-003,MED-056,BATCH-0196540,9,2026-01-10,2029-01-09,2026-06-29,5,0.05,180.0,OK,ampoule,45.0,925
HOSP-KR-003,MED-057,BATCH-0170611,5,2025-08-18,2027-08-18,2026-06-29,5,0.05,100.0,OK,bottle,55.0,415
HOSP-KR-003,MED-058,BATCH-0139104,8,2025-02-16,2027-02-16,2026-06-29,5,0.05,160.0,OK,bottle,90.0,232
HOSP-KR-003,MED-059,BATCH-0177066,5,2025-09-20,2027-09-20,2026-06-29,5,0.05,100.0,OK,bottle,70.0,448
HOSP-KR-003,MED-060,BATCH-0126086,1,2024-12-01,2026-12-01,2026-06-29,5,0.05,20.0,OK,vial,2500.0,155
HOSP-KR-003,MED-060,BATCH-0127222,5,2024-12-09,2026-12-09,2026-06-29,5,0.05,100.0,OK,vial,2500.0,163
HOSP-KR-003,MED-061,BATCH-0189588,11,2025-11-30,2027-11-30,2026-06-29,10,0.05,220.0,OK,ampoule,25.0,519
HOSP-KR-003,MED-062,BATCH-0166382,14,2025-07-26,2028-07-25,2026-06-29,10,0.05,280.0,OK,ampoule,12.0,757
HOSP-KR-003,MED-063,BATCH-0169220,1,2025-08-10,2027-08-10,2026-06-29,5,0.05,20.0,OK,vial,850.0,407
HOSP-KR-003,MED-063,BATCH-0170612,5,2025-08-16,2027-08-16,2026-06-29,5,0.05,100.0,OK,vial,850.0,413
HOSP-KR-003,MED-064,BATCH-0211280,7,2026-04-13,2031-04-13,2026-06-29,12,0.054,129.63,OK,roll,80.0,1749
HOSP-KR-003,MED-064,BATCH-0212394,12,2026-04-18,2031-04-18,2026-06-29,12,0.054,222.22,OK,roll,80.0,1754
HOSP-KR-003,MED-065,BATCH-0224237,5,2026-06-28,2026-07-28,2026-06-29,3,0.05,100.0,OK,unit,0.0,29
HOSP-KR-003,MED-066,BATCH-0221548,5,2026-06-14,2026-07-14,2026-06-29,3,0.05,100.0,OK,unit,0.0,15
HOSP-KR-003,MED-067,BATCH-0213398,5,2026-04-25,2029-04-24,2026-06-29,5,0.05,100.0,OK,vial,40.0,1030
HOSP-KR-003,MED-068,BATCH-0201367,6,2026-02-08,2029-02-07,2026-06-29,5,0.05,120.0,OK,vial,180.0,954
HOSP-KR-003,MED-069,BATCH-0146842,3,2025-04-07,2028-04-06,2026-06-29,5,0.05,60.0,LOW_STOCK,ampoule,95.0,647
HOSP-KR-003,MED-070,BATCH-0141405,12,2025-03-01,2027-03-01,2026-06-29,150,0.05,240.0,OK,sachet,120.0,245
HOSP-KR-003,MED-070,BATCH-0142428,300,2025-03-08,2027-03-08,2026-06-29,150,0.05,6000.0,OK,sachet,120.0,252
HOSP-KR-003,MED-071,BATCH-0141406,7,2025-03-03,2027-03-03,2026-06-29,10,0.05,140.0,OK,ampoule,150.0,247
HOSP-KR-003,MED-071,BATCH-0142429,10,2025-03-10,2027-03-10,2026-06-29,10,0.05,200.0,OK,ampoule,150.0,254
HOSP-KR-003,MED-072,BATCH-0169221,4,2025-08-09,2027-08-09,2026-06-29,5,0.05,80.0,LOW_STOCK,vial,650.0,406
HOSP-KR-004,MED-001,BATCH-0221549,133,2026-06-15,2029-06-14,2026-06-29,100,3.718,35.77,OK,tablet,1.5,1081
HOSP-KR-004,MED-002,BATCH-0224238,10,2026-06-28,2028-06-27,2026-06-29,11,0.751,13.32,LOW_STOCK,bottle,45.0,729
HOSP-KR-004,MED-003,BATCH-0224239,180,2026-06-27,2029-06-26,2026-06-29,100,1.554,115.83,OK,tablet,2.5,1093
HOSP-KR-004,MED-004,BATCH-0221551,8,2026-06-13,2028-06-12,2026-06-29,10,0.455,17.58,LOW_STOCK,ampoule,25.0,714
HOSP-KR-004,MED-005,BATCH-0221552,144,2026-06-15,2028-06-14,2026-06-29,100,1.76,81.82,OK,capsule,6.0,716
HOSP-KR-004,MED-006,BATCH-0224240,36,2026-06-29,2028-06-28,2026-06-29,20,1.059,33.99,OK,tablet,35.0,730
HOSP-KR-004,MED-007,BATCH-0222886,6,2026-06-20,2028-06-19,2026-06-29,9,0.611,9.82,LOW_STOCK,tablet,40.0,721
HOSP-KR-004,MED-008,BATCH-0224241,37,2026-06-27,2029-06-26,2026-06-29,20,1.104,33.51,OK,tablet,8.0,1093
HOSP-KR-004,MED-009,BATCH-0222887,1,2026-06-20,2028-06-19,2026-06-29,12,0.859,1.16,LOW_STOCK,vial,85.0,721
HOSP-KR-004,MED-010,BATCH-0209193,72,2026-03-29,2029-03-28,2026-06-29,100,1.341,53.69,LOW_STOCK,tablet,2.0,1003
HOSP-KR-004,MED-011,BATCH-0220205,17,2026-06-07,2029-06-06,2026-06-29,50,1.974,8.61,LOW_STOCK,sachet,8.0,1073
HOSP-KR-004,MED-012,BATCH-0222888,163,2026-06-21,2029-06-20,2026-06-29,100,1.307,124.71,OK,tablet,1.2,1087
HOSP-KR-004,MED-013,BATCH-0222889,3,2026-06-20,2028-06-19,2026-06-29,15,1.095,2.74,LOW_STOCK,bag,55.0,721
HOSP-KR-004,MED-014,BATCH-0224242,29,2026-06-29,2028-06-28,2026-06-29,24,1.75,16.57,OK,bag,45.0,730
HOSP-KR-004,MED-016,BATCH-0211284,34,2026-04-13,2028-04-12,2026-06-29,24,0.278,122.3,OK,tablet,15.0,653
HOSP-KR-004,MED-017,BATCH-0198245,272,2025-11-14,2028-11-13,2026-06-29,100,0.149,1825.5,OK,tablet,1.8,868
HOSP-KR-004,MED-018,BATCH-0222891,5,2026-06-20,2028-06-19,2026-06-29,6,0.4,12.5,LOW_STOCK,unit,180.0,721
HOSP-KR-004,MED-019,BATCH-0220208,12,2026-06-08,2028-06-07,2026-06-29,10,0.467,25.7,OK,ampoule,30.0,709
HOSP-KR-004,MED-021,BATCH-0209197,6,2026-03-28,2029-03-27,2026-06-29,100,1.873,3.2,OK,tablet,1.0,1002
HOSP-KR-004,MED-021,BATCH-0218827,300,2026-05-30,2029-05-29,2026-06-29,100,1.873,160.17,OK,tablet,1.0,1065
HOSP-KR-004,MED-022,BATCH-0211285,127,2026-04-11,2029-04-10,2026-06-29,100,1.456,87.23,OK,tablet,2.5,1016
HOSP-KR-004,MED-023,BATCH-0220210,127,2026-06-06,2029-06-05,2026-06-29,100,2.146,59.18,OK,tablet,1.5,1072
HOSP-KR-004,MED-024,BATCH-0221557,4,2026-06-14,2028-06-13,2026-06-29,5,0.236,16.95,LOW_STOCK,vial,450.0,715
HOSP-KR-004,MED-025,BATCH-0217730,156,2026-05-24,2029-05-23,2026-06-29,100,1.093,142.73,OK,tablet,3.0,1059
HOSP-KR-004,MED-026,BATCH-0217731,164,2026-05-24,2029-05-23,2026-06-29,100,1.594,102.89,OK,tablet,0.8,1059
HOSP-KR-004,MED-027,BATCH-0220211,130,2026-06-06,2029-06-05,2026-06-29,100,1.6,81.25,OK,capsule,2.0,1072
HOSP-KR-004,MED-028,BATCH-0224243,22,2026-06-28,2029-06-27,2026-06-29,10,0.736,29.89,OK,tablet,6.0,1094
HOSP-KR-004,MED-029,BATCH-0221558,159,2026-06-14,2029-06-13,2026-06-29,100,0.542,293.36,OK,tablet,1.5,1080
HOSP-KR-004,MED-031,BATCH-0224244,95,2026-06-27,2031-06-27,2026-06-29,50,2.807,33.84,OK,pair,25.0,1824
HOSP-KR-004,MED-032,BATCH-0220215,55,2026-06-06,2031-06-06,2026-06-29,100,3.089,17.81,OK,piece,5.0,1803
HOSP-KR-004,MED-032,BATCH-0224245,100,2026-06-29,2031-06-29,2026-06-29,100,3.089,32.37,OK,piece,5.0,1826
HOSP-KR-004,MED-033,BATCH-0215543,59,2026-05-09,2031-05-09,2026-06-29,50,1.343,43.93,OK,piece,35.0,1775
HOSP-KR-004,MED-034,BATCH-0220216,9,2026-06-08,2028-06-07,2026-06-29,10,0.235,38.3,LOW_STOCK,vial,25.0,709
HOSP-KR-004,MED-035,BATCH-0216650,2,2026-05-17,2028-05-16,2026-06-29,5,0.111,18.02,OK,vial,350.0,687
HOSP-KR-004,MED-035,BATCH-0221560,5,2026-06-15,2028-06-14,2026-06-29,5,0.111,45.05,OK,vial,350.0,716
HOSP-KR-004,MED-036,BATCH-0207020,100,2026-03-14,2028-03-13,2026-06-29,100,1.954,51.18,OK,tablet,0.5,623
HOSP-KR-004,MED-037,BATCH-0220217,1,2026-06-06,2029-06-05,2026-06-29,4,0.317,3.15,OK,tablet,8.0,1072
HOSP-KR-004,MED-037,BATCH-0224246,6,2026-06-29,2029-06-28,2026-06-29,4,0.317,18.93,OK,tablet,8.0,1095
HOSP-KR-004,MED-038,BATCH-0221561,17,2026-06-13,2028-06-12,2026-06-29,10,0.344,49.42,OK,ampoule,12.0,714
HOSP-KR-004,MED-039,BATCH-0222893,12,2026-06-20,2029-06-19,2026-06-29,10,0.323,37.15,OK,ampoule,10.0,1086
HOSP-KR-004,MED-040,BATCH-0220218,7,2026-06-08,2029-06-07,2026-06-29,10,0.282,24.82,LOW_STOCK,ampoule,28.0,1074
HOSP-KR-004,MED-041,BATCH-0211289,5,2026-04-13,2028-04-12,2026-06-29,5,0.055,90.91,OK,vial,180.0,653
HOSP-KR-004,MED-042,BATCH-0191861,4,2025-12-15,2027-12-15,2026-06-29,5,0.05,80.0,LOW_STOCK,vial,1200.0,534
HOSP-KR-004,MED-043,BATCH-0187439,3,2025-11-15,2027-11-15,2026-06-29,5,0.05,60.0,OK,vial,3500.0,504
HOSP-KR-004,MED-043,BATCH-0213406,5,2026-04-25,2028-04-24,2026-06-29,5,0.05,100.0,OK,vial,3500.0,665
HOSP-KR-004,MED-044,BATCH-0190728,4,2025-12-08,2027-12-08,2026-06-29,5,0.05,80.0,OK,vial,450.0,527
HOSP-KR-004,MED-044,BATCH-0222894,5,2026-06-20,2028-06-19,2026-06-29,5,0.05,100.0,OK,vial,450.0,721
HOSP-KR-004,MED-045,BATCH-0193025,24,2025-12-21,2027-12-21,2026-06-29,20,0.082,292.68,OK,tablet,15.0,540
HOSP-KR-004,MED-046,BATCH-0194149,1,2025-12-27,2027-06-27,2026-06-29,5,0.05,20.0,OK,prefilled,4500.0,363
HOSP-KR-004,MED-046,BATCH-0220219,8,2026-06-08,2027-12-07,2026-06-29,5,0.05,160.0,OK,prefilled,4500.0,526
HOSP-KR-004,MED-047,BATCH-0217732,40,2026-05-24,2029-05-23,2026-06-29,50,1.43,27.97,LOW_STOCK,sachet,6.0,1059
HOSP-KR-004,MED-048,BATCH-0222895,1,2026-06-20,2028-06-19,2026-06-29,6,0.39,2.56,LOW_STOCK,bottle,65.0,721
HOSP-KR-004,MED-049,BATCH-0179814,76,2025-10-04,2027-10-04,2026-06-29,100,0.54,140.74,OK,capsule,2.0,462
HOSP-KR-004,MED-049,BATCH-0222896,300,2026-06-22,2028-06-21,2026-06-29,100,0.54,555.56,OK,capsule,2.0,723
HOSP-KR-004,MED-050,BATCH-0222897,18,2026-06-22,2028-06-21,2026-06-29,10,0.333,54.05,OK,vial,120.0,723
HOSP-KR-004,MED-051,BATCH-0221562,16,2026-06-13,2028-06-12,2026-06-29,10,0.319,50.16,OK,vial,80.0,714
HOSP-KR-004,MED-052,BATCH-0222898,4,2026-06-20,2028-06-19,2026-06-29,9,0.648,6.17,LOW_STOCK,kit,25.0,721
HOSP-KR-004,MED-053,BATCH-0222899,4,2026-06-22,2028-06-21,2026-06-29,10,0.565,7.08,OK,ampoule,35.0,723
HOSP-KR-004,MED-053,BATCH-0224247,10,2026-06-29,2028-06-28,2026-06-29,10,0.565,17.7,OK,ampoule,35.0,730
HOSP-KR-004,MED-054,BATCH-0218830,5,2026-06-01,2028-05-31,2026-06-29,4,0.283,17.67,OK,tablet,20.0,702
HOSP-KR-004,MED-055,BATCH-0222900,18,2026-06-20,2029-06-19,2026-06-29,10,0.163,110.43,OK,ampoule,18.0,1086
HOSP-KR-004,MED-056,BATCH-0220222,7,2026-06-07,2029-06-06,2026-06-29,5,0.18,38.89,OK,ampoule,45.0,1073
HOSP-KR-004,MED-057,BATCH-0220223,5,2026-06-08,2028-06-07,2026-06-29,5,0.155,32.26,OK,bottle,55.0,709
HOSP-KR-004,MED-058,BATCH-0211291,6,2026-04-13,2028-04-12,2026-06-29,5,0.095,63.16,OK,bottle,90.0,653
HOSP-KR-004,MED-059,BATCH-0211292,1,2026-04-13,2028-04-12,2026-06-29,5,0.081,12.35,OK,bottle,70.0,653
HOSP-KR-004,MED-059,BATCH-0218831,6,2026-05-31,2028-05-30,2026-06-29,5,0.081,74.07,OK,bottle,70.0,701
HOSP-KR-004,MED-060,BATCH-0213409,3,2026-04-26,2028-04-25,2026-06-29,5,0.062,48.39,OK,vial,2500.0,666
HOSP-KR-004,MED-060,BATCH-0224248,6,2026-06-27,2028-06-26,2026-06-29,5,0.062,96.77,OK,vial,2500.0,728
HOSP-KR-004,MED-061,BATCH-0215547,20,2026-05-11,2028-05-10,2026-06-29,10,0.142,140.85,OK,ampoule,25.0,681
HOSP-KR-004,MED-062,BATCH-0189599,15,2025-12-01,2028-11-30,2026-06-29,10,0.132,113.64,OK,ampoule,12.0,885
HOSP-KR-004,MED-063,BATCH-0224249,6,2026-06-29,2028-06-28,2026-06-29,5,0.082,73.17,OK,vial,850.0,730
HOSP-KR-004,MED-064,BATCH-0222901,9,2026-06-20,2031-06-20,2026-06-29,12,0.643,14.0,LOW_STOCK,roll,80.0,1817
HOSP-KR-004,MED-065,BATCH-0222902,5,2026-06-20,2026-07-20,2026-06-29,3,0.159,31.45,OK,unit,0.0,21
HOSP-KR-004,MED-066,BATCH-0218834,3,2026-05-31,2026-06-30,2026-06-29,3,0.127,23.62,OK,unit,0.0,1
HOSP-KR-004,MED-067,BATCH-0222903,5,2026-06-20,2029-06-19,2026-06-29,6,0.402,12.44,LOW_STOCK,vial,40.0,1086
HOSP-KR-004,MED-068,BATCH-0222904,2,2026-06-20,2029-06-19,2026-06-29,5,0.123,16.26,LOW_STOCK,vial,180.0,1086
HOSP-KR-004,MED-069,BATCH-0216655,4,2026-05-16,2029-05-15,2026-06-29,5,0.135,29.63,LOW_STOCK,ampoule,95.0,1051
HOSP-KR-004,MED-070,BATCH-0151003,92,2025-05-03,2027-05-03,2026-06-29,150,0.378,243.39,OK,sachet,120.0,308
HOSP-KR-004,MED-070,BATCH-0199018,150,2026-01-25,2028-01-25,2026-06-29,150,0.378,396.83,OK,sachet,120.0,575
HOSP-KR-004,MED-071,BATCH-0201383,3,2026-02-09,2028-02-09,2026-06-29,10,0.132,22.73,OK,ampoule,150.0,590
HOSP-KR-004,MED-071,BATCH-0215549,10,2026-05-11,2028-05-10,2026-06-29,10,0.132,75.76,OK,ampoule,150.0,681
HOSP-KR-004,MED-072,BATCH-0221564,2,2026-06-14,2028-06-13,2026-06-29,5,0.213,9.39,OK,vial,650.0,715
HOSP-KR-004,MED-072,BATCH-0224250,7,2026-06-27,2028-06-26,2026-06-29,5,0.213,32.86,OK,vial,650.0,728
HOSP-SP-001,MED-001,BATCH-0223400,1166,2026-06-22,2029-06-21,2026-06-29,900,80.845,14.42,OK,tablet,1.5,1088
HOSP-SP-001,MED-002,BATCH-0222031,45,2026-06-15,2028-06-14,2026-06-29,215,15.859,2.84,OK,bottle,45.0,716
HOSP-SP-001,MED-002,BATCH-0223401,215,2026-06-22,2028-06-21,2026-06-29,215,15.859,13.56,OK,bottle,45.0,723
HOSP-SP-001,MED-003,BATCH-0223402,622,2026-06-22,2029-06-21,2026-06-29,400,35.896,17.33,OK,tablet,2.5,1088
HOSP-SP-001,MED-004,BATCH-0222032,15,2026-06-15,2028-06-14,2026-06-29,120,11.602,1.29,OK,ampoule,25.0,716
HOSP-SP-001,MED-004,BATCH-0223403,170,2026-06-22,2028-06-21,2026-06-29,120,11.602,14.65,OK,ampoule,25.0,723
HOSP-SP-001,MED-005,BATCH-0223404,603,2026-06-22,2028-06-21,2026-06-29,400,33.563,17.97,OK,capsule,6.0,723
HOSP-SP-001,MED-006,BATCH-0223405,271,2026-06-22,2028-06-21,2026-06-29,260,19.113,14.18,OK,tablet,35.0,723
HOSP-SP-001,MED-007,BATCH-0222033,69,2026-06-15,2028-06-14,2026-06-29,174,12.837,5.38,OK,tablet,40.0,716
HOSP-SP-001,MED-007,BATCH-0223406,174,2026-06-22,2028-06-21,2026-06-29,174,12.837,13.55,OK,tablet,40.0,723
HOSP-SP-001,MED-008,BATCH-0223407,270,2026-06-22,2029-06-21,2026-06-29,210,20.039,13.47,OK,tablet,8.0,1088
HOSP-SP-001,MED-009,BATCH-0223408,225,2026-06-22,2028-06-21,2026-06-29,234,17.278,13.02,OK,vial,85.0,723
HOSP-SP-001,MED-009,BATCH-0224753,234,2026-06-29,2028-06-28,2026-06-29,234,17.278,13.54,OK,vial,85.0,730
HOSP-SP-001,MED-010,BATCH-0223409,431,2026-06-22,2029-06-21,2026-06-29,200,24.726,17.43,OK,tablet,2.0,1088
HOSP-SP-001,MED-011,BATCH-0223410,228,2026-06-22,2029-06-21,2026-06-29,700,49.184,4.64,OK,sachet,8.0,1088
HOSP-SP-001,MED-011,BATCH-0224754,1050,2026-06-29,2029-06-28,2026-06-29,700,49.184,21.35,OK,sachet,8.0,1095
HOSP-SP-001,MED-012,BATCH-0224755,176,2026-04-23,2029-04-22,2026-06-29,300,35.894,4.9,LOW_STOCK,tablet,1.2,1028
HOSP-SP-001,MED-013,BATCH-0222036,41,2026-06-15,2028-06-14,2026-06-29,318,23.537,1.74,OK,bag,55.0,716
HOSP-SP-001,MED-013,BATCH-0223412,318,2026-06-22,2028-06-21,2026-06-29,318,23.537,13.51,OK,bag,55.0,723
HOSP-SP-001,MED-014,BATCH-0222037,212,2026-06-15,2028-06-14,2026-06-29,475,35.128,6.04,OK,bag,45.0,716
HOSP-SP-001,MED-014,BATCH-0224756,643,2026-06-29,2028-06-28,2026-06-29,475,35.128,18.3,OK,bag,45.0,730
HOSP-SP-001,MED-015,BATCH-0222038,108,2026-06-15,2028-06-14,2026-06-29,224,16.57,6.52,OK,bag,48.0,716
HOSP-SP-001,MED-015,BATCH-0224757,295,2026-06-29,2028-06-28,2026-06-29,224,16.57,17.8,OK,bag,48.0,730
HOSP-SP-001,MED-016,BATCH-0223413,44,2026-06-22,2028-06-21,2026-06-29,72,5.96,7.38,OK,tablet,15.0,723
HOSP-SP-001,MED-016,BATCH-0224758,144,2026-06-29,2028-06-28,2026-06-29,72,5.96,24.16,OK,tablet,15.0,730
HOSP-SP-001,MED-017,BATCH-0222040,290,2026-06-15,2029-06-14,2026-06-29,100,2.44,118.85,OK,tablet,1.8,1081
HOSP-SP-001,MED-018,BATCH-0223414,116,2026-06-22,2028-06-21,2026-06-29,94,6.892,16.83,OK,unit,180.0,723
HOSP-SP-001,MED-019,BATCH-0222041,97,2026-06-15,2028-06-14,2026-06-29,90,8.107,11.96,OK,ampoule,30.0,716
HOSP-SP-001,MED-020,BATCH-0222042,90,2026-06-15,2028-06-14,2026-06-29,113,8.33,10.8,OK,bottle,55.0,716
HOSP-SP-001,MED-020,BATCH-0224759,113,2026-06-29,2028-06-28,2026-06-29,113,8.33,13.57,OK,bottle,55.0,730
HOSP-SP-001,MED-021,BATCH-0222043,396,2026-06-15,2029-06-14,2026-06-29,300,35.64,11.11,OK,tablet,1.0,1081
HOSP-SP-001,MED-022,BATCH-0223415,551,2026-06-22,2029-06-21,2026-06-29,300,26.206,21.03,OK,tablet,2.5,1088
HOSP-SP-001,MED-023,BATCH-0223416,504,2026-06-22,2029-06-21,2026-06-29,400,34.358,14.67,OK,tablet,1.5,1088
HOSP-SP-001,MED-024,BATCH-0222044,24,2026-06-15,2028-06-14,2026-06-29,64,4.717,5.09,OK,vial,450.0,716
HOSP-SP-001,MED-024,BATCH-0224760,91,2026-06-29,2028-06-28,2026-06-29,64,4.717,19.29,OK,vial,450.0,730
HOSP-SP-001,MED-025,BATCH-0219337,12,2026-06-01,2029-05-31,2026-06-29,300,22.831,0.53,OK,tablet,3.0,1067
HOSP-SP-001,MED-025,BATCH-0223417,500,2026-06-22,2029-06-21,2026-06-29,300,22.831,21.9,OK,tablet,3.0,1088
HOSP-SP-001,MED-026,BATCH-0223418,675,2026-06-22,2029-06-21,2026-06-29,300,32.956,20.48,OK,tablet,0.8,1088
HOSP-SP-001,MED-027,BATCH-0223419,757,2026-06-22,2029-06-21,2026-06-29,500,40.134,18.86,OK,capsule,2.0,1088
HOSP-SP-001,MED-028,BATCH-0223420,99,2026-06-22,2029-06-21,2026-06-29,170,16.081,6.16,OK,tablet,6.0,1088
HOSP-SP-001,MED-028,BATCH-0224761,300,2026-06-29,2029-06-28,2026-06-29,170,16.081,18.66,OK,tablet,6.0,1095
HOSP-SP-001,MED-029,BATCH-0223421,186,2026-06-22,2029-06-21,2026-06-29,100,10.548,17.63,OK,tablet,1.5,1088
HOSP-SP-001,MED-030,BATCH-0223422,148,2026-06-22,2029-06-21,2026-06-29,132,9.71,15.24,OK,bottle_100ml,85.0,1088
HOSP-SP-001,MED-031,BATCH-0220717,170,2026-06-08,2031-06-08,2026-06-29,650,46.735,3.64,OK,pair,25.0,1805
HOSP-SP-001,MED-031,BATCH-0223423,650,2026-06-22,2031-06-22,2026-06-29,650,46.735,13.91,OK,pair,25.0,1819
HOSP-SP-001,MED-032,BATCH-0220718,179,2026-06-08,2031-06-08,2026-06-29,1300,89.42,2.0,OK,piece,5.0,1805
HOSP-SP-001,MED-032,BATCH-0223424,1300,2026-06-22,2031-06-22,2026-06-29,1300,89.42,14.54,OK,piece,5.0,1819
HOSP-SP-001,MED-033,BATCH-0222046,276,2026-06-15,2031-06-15,2026-06-29,450,30.563,9.03,OK,piece,35.0,1812
HOSP-SP-001,MED-033,BATCH-0224762,550,2026-06-29,2031-06-29,2026-06-29,450,30.563,18.0,OK,piece,35.0,1826
HOSP-SP-001,MED-034,BATCH-0222047,29,2026-06-15,2028-06-14,2026-06-29,50,4.452,6.51,OK,vial,25.0,716
HOSP-SP-001,MED-034,BATCH-0224763,90,2026-06-29,2028-06-28,2026-06-29,50,4.452,20.22,OK,vial,25.0,730
HOSP-SP-001,MED-035,BATCH-0219344,8,2026-06-01,2028-05-31,2026-06-29,27,1.93,4.15,OK,vial,350.0,702
HOSP-SP-001,MED-035,BATCH-0222048,29,2026-06-15,2028-06-14,2026-06-29,27,1.93,15.03,OK,vial,350.0,716
HOSP-SP-001,MED-036,BATCH-0222049,405,2026-06-15,2028-06-14,2026-06-29,300,37.028,10.94,OK,tablet,0.5,716
HOSP-SP-001,MED-037,BATCH-0222050,30,2026-06-15,2029-06-14,2026-06-29,60,5.919,5.07,OK,tablet,8.0,1081
HOSP-SP-001,MED-037,BATCH-0224764,108,2026-06-29,2029-06-28,2026-06-29,60,5.919,18.25,OK,tablet,8.0,1095
HOSP-SP-001,MED-038,BATCH-0222051,55,2026-06-15,2028-06-14,2026-06-29,80,7.552,7.28,OK,ampoule,12.0,716
HOSP-SP-001,MED-038,BATCH-0224765,130,2026-06-29,2028-06-28,2026-06-29,80,7.552,17.21,OK,ampoule,12.0,730
HOSP-SP-001,MED-039,BATCH-0223425,122,2026-06-22,2029-06-21,2026-06-29,70,6.847,17.82,OK,ampoule,10.0,1088
HOSP-SP-001,MED-040,BATCH-0222052,33,2026-06-15,2029-06-14,2026-06-29,60,5.501,6.0,OK,ampoule,28.0,1081
HOSP-SP-001,MED-040,BATCH-0224766,110,2026-06-29,2029-06-28,2026-06-29,60,5.501,20.0,OK,ampoule,28.0,1095
HOSP-SP-001,MED-041,BATCH-0222053,1,2026-06-15,2028-06-14,2026-06-29,12,0.865,1.16,OK,vial,180.0,716
HOSP-SP-001,MED-041,BATCH-0224767,20,2026-06-29,2028-06-28,2026-06-29,12,0.865,23.12,OK,vial,180.0,730
HOSP-SP-001,MED-042,BATCH-0223426,14,2026-06-22,2028-06-21,2026-06-29,9,0.598,23.41,OK,vial,1200.0,723
HOSP-SP-001,MED-043,BATCH-0219350,2,2026-06-01,2028-05-31,2026-06-29,5,0.326,6.13,OK,vial,3500.0,702
HOSP-SP-001,MED-043,BATCH-0224768,7,2026-06-29,2028-06-28,2026-06-29,5,0.326,21.47,OK,vial,3500.0,730
HOSP-SP-001,MED-044,BATCH-0220721,2,2026-06-08,2028-06-07,2026-06-29,7,0.468,4.27,OK,vial,450.0,709
HOSP-SP-001,MED-044,BATCH-0222054,7,2026-06-15,2028-06-14,2026-06-29,7,0.468,14.96,OK,vial,450.0,716
HOSP-SP-001,MED-045,BATCH-0222055,27,2026-06-15,2028-06-14,2026-06-29,20,1.729,15.62,OK,tablet,15.0,716
HOSP-SP-001,MED-046,BATCH-0222056,4,2026-06-15,2027-12-14,2026-06-29,5,0.25,16.0,OK,prefilled,4500.0,533
HOSP-SP-001,MED-046,BATCH-0224769,5,2026-06-29,2027-12-28,2026-06-29,5,0.25,20.0,OK,prefilled,4500.0,547
HOSP-SP-001,MED-047,BATCH-0223427,353,2026-06-22,2029-06-21,2026-06-29,250,23.995,14.71,OK,sachet,6.0,1088
HOSP-SP-001,MED-048,BATCH-0223428,94,2026-06-22,2028-06-21,2026-06-29,93,6.885,13.65,OK,bottle,65.0,723
HOSP-SP-001,MED-049,BATCH-0224770,118,2026-05-06,2028-05-05,2026-06-29,100,12.131,9.73,OK,capsule,2.0,676
HOSP-SP-001,MED-050,BATCH-0223430,112,2026-06-22,2028-06-21,2026-06-29,90,5.998,18.67,OK,vial,120.0,723
HOSP-SP-001,MED-051,BATCH-0222057,79,2026-06-15,2028-06-14,2026-06-29,90,6.546,12.07,OK,vial,80.0,716
HOSP-SP-001,MED-051,BATCH-0224771,90,2026-06-29,2028-06-28,2026-06-29,90,6.546,13.75,OK,vial,80.0,730
HOSP-SP-001,MED-052,BATCH-0222058,50,2026-06-15,2028-06-14,2026-06-29,154,11.346,4.41,OK,kit,25.0,716
HOSP-SP-001,MED-052,BATCH-0224772,227,2026-06-29,2028-06-28,2026-06-29,154,11.346,20.01,OK,kit,25.0,730
HOSP-SP-001,MED-053,BATCH-0223431,197,2026-06-22,2028-06-21,2026-06-29,150,10.81,18.22,OK,ampoule,35.0,723
HOSP-SP-001,MED-054,BATCH-0223432,76,2026-06-22,2028-06-21,2026-06-29,60,5.606,13.56,OK,tablet,20.0,723
HOSP-SP-001,MED-055,BATCH-0223433,61,2026-06-22,2029-06-21,2026-06-29,40,3.309,18.43,OK,ampoule,18.0,1088
HOSP-SP-001,MED-056,BATCH-0222059,2,2026-06-15,2029-06-14,2026-06-29,35,3.236,0.62,OK,ampoule,45.0,1081
HOSP-SP-001,MED-056,BATCH-0224773,80,2026-06-29,2029-06-28,2026-06-29,35,3.236,24.72,OK,ampoule,45.0,1095
HOSP-SP-001,MED-057,BATCH-0223434,51,2026-06-22,2028-06-21,2026-06-29,40,2.915,17.5,OK,bottle,55.0,723
HOSP-SP-001,MED-058,BATCH-0223435,24,2026-06-22,2028-06-21,2026-06-29,22,1.588,15.11,OK,bottle,90.0,723
HOSP-SP-001,MED-059,BATCH-0223436,28,2026-06-22,2028-06-21,2026-06-29,25,1.781,15.72,OK,bottle,70.0,723
HOSP-SP-001,MED-060,BATCH-0223437,17,2026-06-22,2028-06-21,2026-06-29,16,1.139,14.93,OK,vial,2500.0,723
HOSP-SP-001,MED-061,BATCH-0222061,1,2026-06-15,2028-06-14,2026-06-29,40,3.135,0.32,OK,ampoule,25.0,716
HOSP-SP-001,MED-061,BATCH-0224774,100,2026-06-29,2028-06-28,2026-06-29,40,3.135,31.9,OK,ampoule,25.0,730
HOSP-SP-001,MED-062,BATCH-0223438,21,2026-06-22,2029-06-21,2026-06-29,20,2.409,8.72,OK,ampoule,12.0,1088
HOSP-SP-001,MED-063,BATCH-0224775,41,2026-06-29,2028-06-28,2026-06-29,23,1.639,25.02,OK,vial,850.0,730
HOSP-SP-001,MED-064,BATCH-0223439,159,2026-06-22,2031-06-22,2026-06-29,144,10.151,15.66,OK,roll,80.0,1819
HOSP-SP-001,MED-065,BATCH-0223440,40,2026-06-22,2026-07-22,2026-06-29,27,3.595,11.13,OK,unit,0.0,23
HOSP-SP-001,MED-066,BATCH-0223441,34,2026-06-22,2026-07-22,2026-06-29,19,2.451,13.87,OK,unit,0.0,23
HOSP-SP-001,MED-067,BATCH-0222064,61,2026-06-15,2029-06-14,2026-06-29,100,7.406,8.24,OK,vial,40.0,1081
HOSP-SP-001,MED-067,BATCH-0224776,119,2026-06-29,2029-06-28,2026-06-29,100,7.406,16.07,OK,vial,40.0,1095
HOSP-SP-001,MED-068,BATCH-0223442,38,2026-06-22,2029-06-21,2026-06-29,29,2.083,18.24,OK,vial,180.0,1088
HOSP-SP-001,MED-069,BATCH-0224777,65,2026-06-29,2029-06-28,2026-06-29,35,2.57,25.29,OK,ampoule,95.0,1095
HOSP-SP-001,MED-070,BATCH-0220735,90,2026-06-08,2028-06-07,2026-06-29,150,6.289,14.31,OK,sachet,120.0,709
HOSP-SP-001,MED-070,BATCH-0223444,150,2026-06-22,2028-06-21,2026-06-29,150,6.289,23.85,OK,sachet,120.0,723
HOSP-SP-001,MED-071,BATCH-0222066,38,2026-06-15,2028-06-14,2026-06-29,40,2.303,16.5,OK,ampoule,150.0,716
HOSP-SP-001,MED-071,BATCH-0224778,40,2026-06-29,2028-06-28,2026-06-29,40,2.303,17.37,OK,ampoule,150.0,730
HOSP-SP-001,MED-072,BATCH-0224779,108,2026-06-29,2028-06-28,2026-06-29,60,4.395,24.57,OK,vial,650.0,730
HOSP-SP-002,MED-001,BATCH-0222068,71,2026-06-15,2029-06-14,2026-06-29,300,20.204,3.51,OK,tablet,1.5,1081
HOSP-SP-002,MED-001,BATCH-0224780,700,2026-06-29,2029-06-28,2026-06-29,300,20.204,34.65,OK,tablet,1.5,1095
HOSP-SP-002,MED-002,BATCH-0223445,19,2026-06-22,2028-06-21,2026-06-29,52,3.837,4.95,OK,bottle,45.0,723
HOSP-SP-002,MED-002,BATCH-0224781,74,2026-06-29,2028-06-28,2026-06-29,52,3.837,19.29,OK,bottle,45.0,730
HOSP-SP-002,MED-003,BATCH-0220738,113,2026-06-08,2029-06-07,2026-06-29,200,10.538,10.72,OK,tablet,2.5,1074
HOSP-SP-002,MED-003,BATCH-0224782,400,2026-06-29,2029-06-28,2026-06-29,200,10.538,37.96,OK,tablet,2.5,1095
HOSP-SP-002,MED-004,BATCH-0222070,24,2026-06-15,2028-06-14,2026-06-29,30,2.937,8.17,OK,ampoule,25.0,716
HOSP-SP-002,MED-004,BATCH-0224783,50,2026-06-29,2028-06-28,2026-06-29,30,2.937,17.02,OK,ampoule,25.0,730
HOSP-SP-002,MED-005,BATCH-0219368,16,2026-06-01,2028-05-31,2026-06-29,200,10.487,1.53,OK,capsule,6.0,702
HOSP-SP-002,MED-005,BATCH-0223446,400,2026-06-22,2028-06-21,2026-06-29,200,10.487,38.14,OK,capsule,6.0,723
HOSP-SP-002,MED-006,BATCH-0223447,80,2026-06-22,2028-06-21,2026-06-29,80,5.746,13.92,OK,tablet,35.0,723
HOSP-SP-002,MED-007,BATCH-0223448,57,2026-06-22,2028-06-21,2026-06-29,60,4.237,13.45,OK,tablet,40.0,723
HOSP-SP-002,MED-007,BATCH-0224784,60,2026-06-29,2028-06-28,2026-06-29,60,4.237,14.16,OK,tablet,40.0,730
HOSP-SP-002,MED-008,BATCH-0222072,22,2026-06-15,2029-06-14,2026-06-29,70,6.102,3.61,OK,tablet,8.0,1081
HOSP-SP-002,MED-008,BATCH-0224785,140,2026-06-29,2029-06-28,2026-06-29,70,6.102,22.94,OK,tablet,8.0,1095
HOSP-SP-002,MED-009,BATCH-0223449,26,2026-06-22,2028-06-21,2026-06-29,58,4.279,6.08,OK,vial,85.0,723
HOSP-SP-002,MED-009,BATCH-0224786,78,2026-06-29,2028-06-28,2026-06-29,58,4.279,18.23,OK,vial,85.0,730
HOSP-SP-002,MED-010,BATCH-0220742,90,2026-06-08,2029-06-07,2026-06-29,100,5.987,15.03,OK,tablet,2.0,1074
HOSP-SP-002,MED-010,BATCH-0224787,300,2026-06-29,2029-06-28,2026-06-29,100,5.987,50.11,OK,tablet,2.0,1095
HOSP-SP-002,MED-011,BATCH-0223450,200,2026-06-22,2029-06-21,2026-06-29,200,11.175,17.9,OK,sachet,8.0,1088
HOSP-SP-002,MED-012,BATCH-0224788,300,2026-06-29,2029-06-28,2026-06-29,100,7.229,41.5,OK,tablet,1.2,1095
HOSP-SP-002,MED-013,BATCH-0220745,64,2026-06-08,2028-06-07,2026-06-29,81,5.942,10.77,OK,bag,55.0,709
HOSP-SP-002,MED-013,BATCH-0224789,81,2026-06-29,2028-06-28,2026-06-29,81,5.942,13.63,OK,bag,55.0,730
HOSP-SP-002,MED-014,BATCH-0223452,72,2026-06-22,2028-06-21,2026-06-29,128,9.437,7.63,OK,bag,45.0,723
HOSP-SP-002,MED-014,BATCH-0224790,158,2026-06-29,2028-06-28,2026-06-29,128,9.437,16.74,OK,bag,45.0,730
HOSP-SP-002,MED-015,BATCH-0223453,71,2026-06-22,2028-06-21,2026-06-29,73,5.342,13.29,OK,bag,48.0,723
HOSP-SP-002,MED-015,BATCH-0224791,73,2026-06-29,2028-06-28,2026-06-29,73,5.342,13.67,OK,bag,48.0,730
HOSP-SP-002,MED-016,BATCH-0224792,72,2026-06-29,2028-06-28,2026-06-29,24,1.811,39.76,OK,tablet,15.0,730
HOSP-SP-002,MED-017,BATCH-0210667,216,2026-04-06,2029-04-05,2026-06-29,100,0.776,278.35,OK,tablet,1.8,1011
HOSP-SP-002,MED-018,BATCH-0220747,3,2026-06-08,2028-06-07,2026-06-29,25,1.821,1.65,OK,unit,180.0,709
HOSP-SP-002,MED-018,BATCH-0223454,32,2026-06-22,2028-06-21,2026-06-29,25,1.821,17.57,OK,unit,180.0,723
HOSP-SP-002,MED-019,BATCH-0224793,10,2026-04-20,2028-04-19,2026-06-29,20,1.986,5.04,LOW_STOCK,ampoule,30.0,660
HOSP-SP-002,MED-020,BATCH-0223455,16,2026-06-22,2028-06-21,2026-06-29,32,2.351,6.81,OK,bottle,55.0,723
HOSP-SP-002,MED-020,BATCH-0224794,41,2026-06-29,2028-06-28,2026-06-29,32,2.351,17.44,OK,bottle,55.0,730
HOSP-SP-002,MED-021,BATCH-0219377,31,2026-06-01,2029-05-31,2026-06-29,100,9.159,3.38,OK,tablet,1.0,1067
HOSP-SP-002,MED-021,BATCH-0224795,300,2026-06-29,2029-06-28,2026-06-29,100,9.159,32.75,OK,tablet,1.0,1095
HOSP-SP-002,MED-022,BATCH-0222079,102,2026-06-15,2029-06-14,2026-06-29,100,7.571,13.47,OK,tablet,2.5,1081
HOSP-SP-002,MED-023,BATCH-0219378,149,2026-06-01,2029-05-31,2026-06-29,200,10.832,13.76,OK,tablet,1.5,1067
HOSP-SP-002,MED-023,BATCH-0224796,400,2026-06-29,2029-06-28,2026-06-29,200,10.832,36.93,OK,tablet,1.5,1095
HOSP-SP-002,MED-024,BATCH-0220748,1,2026-06-08,2028-06-07,2026-06-29,18,1.33,0.75,OK,vial,450.0,709
HOSP-SP-002,MED-024,BATCH-0222080,18,2026-06-15,2028-06-14,2026-06-29,18,1.33,13.53,OK,vial,450.0,716
HOSP-SP-002,MED-025,BATCH-0223456,185,2026-06-22,2029-06-21,2026-06-29,100,5.4,34.26,OK,tablet,3.0,1088
HOSP-SP-002,MED-026,BATCH-0223457,134,2026-06-22,2029-06-21,2026-06-29,100,9.021,14.85,OK,tablet,0.8,1088
HOSP-SP-002,MED-027,BATCH-0220749,143,2026-06-08,2029-06-07,2026-06-29,200,10.242,13.96,OK,capsule,2.0,1074
HOSP-SP-002,MED-027,BATCH-0224797,400,2026-06-29,2029-06-28,2026-06-29,200,10.242,39.05,OK,capsule,2.0,1095
HOSP-SP-002,MED-028,BATCH-0224798,100,2026-06-29,2029-06-28,2026-06-29,40,3.784,26.43,OK,tablet,6.0,1095
HOSP-SP-002,MED-029,BATCH-0222082,126,2026-06-15,2029-06-14,2026-06-29,100,3.189,39.51,OK,tablet,1.5,1081
HOSP-SP-002,MED-030,BATCH-0222083,21,2026-06-15,2029-06-14,2026-06-29,34,2.476,8.48,OK,bottle_100ml,85.0,1081
HOSP-SP-002,MED-030,BATCH-0224799,40,2026-06-29,2029-06-28,2026-06-29,34,2.476,16.16,OK,bottle_100ml,85.0,1095
HOSP-SP-002,MED-031,BATCH-0219381,8,2026-06-01,2031-06-01,2026-06-29,200,13.639,0.59,OK,pair,25.0,1798
HOSP-SP-002,MED-031,BATCH-0223458,300,2026-06-22,2031-06-22,2026-06-29,200,13.639,22.0,OK,pair,25.0,1819
HOSP-SP-002,MED-032,BATCH-0222084,165,2026-06-15,2031-06-15,2026-06-29,300,20.332,8.12,OK,piece,5.0,1812
HOSP-SP-002,MED-032,BATCH-0224800,400,2026-06-29,2031-06-29,2026-06-29,300,20.332,19.67,OK,piece,5.0,1826
HOSP-SP-002,MED-033,BATCH-0222085,135,2026-06-15,2031-06-15,2026-06-29,150,9.023,14.96,OK,piece,35.0,1812
HOSP-SP-002,MED-033,BATCH-0224801,150,2026-06-29,2031-06-29,2026-06-29,150,9.023,16.62,OK,piece,35.0,1826
HOSP-SP-002,MED-034,BATCH-0222086,23,2026-06-15,2028-06-14,2026-06-29,20,1.18,19.49,OK,vial,25.0,716
HOSP-SP-002,MED-035,BATCH-0222087,6,2026-06-15,2028-06-14,2026-06-29,10,0.678,8.85,OK,vial,350.0,716
HOSP-SP-002,MED-035,BATCH-0224802,12,2026-06-29,2028-06-28,2026-06-29,10,0.678,17.7,OK,vial,350.0,730
HOSP-SP-002,MED-036,BATCH-0222088,108,2026-06-15,2028-06-14,2026-06-29,100,11.29,9.57,OK,tablet,0.5,716
HOSP-SP-002,MED-037,BATCH-0220751,3,2026-06-08,2029-06-07,2026-06-29,24,2.328,1.29,OK,tablet,8.0,1074
HOSP-SP-002,MED-037,BATCH-0223459,39,2026-06-22,2029-06-21,2026-06-29,24,2.328,16.75,OK,tablet,8.0,1088
HOSP-SP-002,MED-038,BATCH-0223460,60,2026-06-22,2028-06-21,2026-06-29,30,2.091,28.69,OK,ampoule,12.0,723
HOSP-SP-002,MED-039,BATCH-0222089,37,2026-06-15,2029-06-14,2026-06-29,30,2.129,17.38,OK,ampoule,10.0,1081
HOSP-SP-002,MED-040,BATCH-0222090,21,2026-06-15,2029-06-14,2026-06-29,20,1.536,13.67,OK,ampoule,28.0,1081
HOSP-SP-002,MED-041,BATCH-0222091,3,2026-06-15,2028-06-14,2026-06-29,5,0.247,12.15,OK,vial,180.0,716
HOSP-SP-002,MED-041,BATCH-0224803,6,2026-06-29,2028-06-28,2026-06-29,5,0.247,24.29,OK,vial,180.0,730
HOSP-SP-002,MED-042,BATCH-0220753,1,2026-06-08,2028-06-07,2026-06-29,5,0.148,6.76,OK,vial,1200.0,709
HOSP-SP-002,MED-042,BATCH-0223461,5,2026-06-22,2028-06-21,2026-06-29,5,0.148,33.78,OK,vial,1200.0,723
HOSP-SP-002,MED-043,BATCH-0213824,1,2026-04-27,2028-04-26,2026-06-29,5,0.107,9.35,OK,vial,3500.0,667
HOSP-SP-002,MED-043,BATCH-0219387,5,2026-06-01,2028-05-31,2026-06-29,5,0.107,46.73,OK,vial,3500.0,702
HOSP-SP-002,MED-044,BATCH-0215990,2,2026-05-11,2028-05-10,2026-06-29,5,0.127,15.75,OK,vial,450.0,681
HOSP-SP-002,MED-044,BATCH-0222092,5,2026-06-15,2028-06-14,2026-06-29,5,0.127,39.37,OK,vial,450.0,716
HOSP-SP-002,MED-045,BATCH-0211743,8,2026-04-13,2028-04-12,2026-06-29,20,0.497,16.1,OK,tablet,15.0,653
HOSP-SP-002,MED-045,BATCH-0223462,40,2026-06-22,2028-06-21,2026-06-29,20,0.497,80.48,OK,tablet,15.0,723
HOSP-SP-002,MED-046,BATCH-0222093,3,2026-06-15,2027-12-14,2026-06-29,5,0.086,34.88,OK,prefilled,4500.0,533
HOSP-SP-002,MED-046,BATCH-0224804,6,2026-06-29,2027-12-28,2026-06-29,5,0.086,69.77,OK,prefilled,4500.0,547
HOSP-SP-002,MED-047,BATCH-0222094,80,2026-06-15,2029-06-14,2026-06-29,100,5.918,13.52,OK,sachet,6.0,1081
HOSP-SP-002,MED-047,BATCH-0224805,150,2026-06-29,2029-06-28,2026-06-29,100,5.918,25.35,OK,sachet,6.0,1095
HOSP-SP-002,MED-048,BATCH-0223463,23,2026-06-22,2028-06-21,2026-06-29,26,1.904,12.08,OK,bottle,65.0,723
HOSP-SP-002,MED-048,BATCH-0224806,26,2026-06-29,2028-06-28,2026-06-29,26,1.904,13.66,OK,bottle,65.0,730
HOSP-SP-002,MED-049,BATCH-0214873,102,2026-05-04,2028-05-03,2026-06-29,100,3.06,33.33,OK,capsule,2.0,674
HOSP-SP-002,MED-050,BATCH-0222096,17,2026-06-15,2028-06-14,2026-06-29,30,1.897,8.96,OK,vial,120.0,716
HOSP-SP-002,MED-050,BATCH-0224807,40,2026-06-29,2028-06-28,2026-06-29,30,1.897,21.09,OK,vial,120.0,730
HOSP-SP-002,MED-051,BATCH-0220754,5,2026-06-08,2028-06-07,2026-06-29,30,1.685,2.97,OK,vial,80.0,709
HOSP-SP-002,MED-051,BATCH-0223464,40,2026-06-22,2028-06-21,2026-06-29,30,1.685,23.74,OK,vial,80.0,723
HOSP-SP-002,MED-052,BATCH-0223465,33,2026-06-22,2028-06-21,2026-06-29,43,3.164,10.43,OK,kit,25.0,723
HOSP-SP-002,MED-052,BATCH-0224808,44,2026-06-29,2028-06-28,2026-06-29,43,3.164,13.91,OK,kit,25.0,730
HOSP-SP-002,MED-053,BATCH-0222097,39,2026-06-15,2028-06-14,2026-06-29,50,3.142,12.41,OK,ampoule,35.0,716
HOSP-SP-002,MED-053,BATCH-0224809,60,2026-06-29,2028-06-28,2026-06-29,50,3.142,19.1,OK,ampoule,35.0,730
HOSP-SP-002,MED-054,BATCH-0224810,11,2026-05-08,2028-05-07,2026-06-29,20,1.857,5.92,LOW_STOCK,tablet,20.0,678
HOSP-SP-002,MED-055,BATCH-0222099,22,2026-06-15,2029-06-14,2026-06-29,20,1.251,17.59,OK,ampoule,18.0,1081
HOSP-SP-002,MED-056,BATCH-0222100,7,2026-06-15,2029-06-14,2026-06-29,10,0.775,9.03,OK,ampoule,45.0,1081
HOSP-SP-002,MED-056,BATCH-0224811,20,2026-06-29,2029-06-28,2026-06-29,10,0.775,25.81,OK,ampoule,45.0,1095
HOSP-SP-002,MED-057,BATCH-0223466,13,2026-06-22,2028-06-21,2026-06-29,11,0.776,16.75,OK,bottle,55.0,723
HOSP-SP-002,MED-058,BATCH-0222101,6,2026-06-15,2028-06-14,2026-06-29,7,0.492,12.2,OK,bottle,90.0,716
HOSP-SP-002,MED-058,BATCH-0224812,7,2026-06-29,2028-06-28,2026-06-29,7,0.492,14.23,OK,bottle,90.0,730
HOSP-SP-002,MED-059,BATCH-0220759,5,2026-06-08,2028-06-07,2026-06-29,6,0.373,13.4,OK,bottle,70.0,709
HOSP-SP-002,MED-059,BATCH-0224813,6,2026-06-29,2028-06-28,2026-06-29,6,0.373,16.09,OK,bottle,70.0,730
HOSP-SP-002,MED-060,BATCH-0223467,4,2026-06-22,2028-06-21,2026-06-29,5,0.32,12.5,OK,vial,2500.0,723
HOSP-SP-002,MED-060,BATCH-0224814,5,2026-06-29,2028-06-28,2026-06-29,5,0.32,15.62,OK,vial,2500.0,730
HOSP-SP-002,MED-061,BATCH-0223468,14,2026-06-22,2028-06-21,2026-06-29,10,0.958,14.61,OK,ampoule,25.0,723
HOSP-SP-002,MED-062,BATCH-0222102,22,2026-06-15,2029-06-14,2026-06-29,10,0.615,35.77,OK,ampoule,12.0,1081
HOSP-SP-002,MED-063,BATCH-0220762,2,2026-06-08,2028-06-07,2026-06-29,6,0.399,5.01,OK,vial,850.0,709
HOSP-SP-002,MED-063,BATCH-0223469,7,2026-06-22,2028-06-21,2026-06-29,6,0.399,17.54,OK,vial,850.0,723
HOSP-SP-002,MED-064,BATCH-0222103,51,2026-06-15,2031-06-15,2026-06-29,60,3.741,13.63,OK,roll,80.0,1812
HOSP-SP-002,MED-064,BATCH-0224815,60,2026-06-29,2031-06-29,2026-06-29,60,3.741,16.04,OK,roll,80.0,1826
HOSP-SP-002,MED-065,BATCH-0223470,7,2026-06-22,2026-07-22,2026-06-29,8,0.946,7.4,OK,unit,0.0,23
HOSP-SP-002,MED-065,BATCH-0224816,17,2026-06-29,2026-07-29,2026-06-29,8,0.946,17.97,OK,unit,0.0,30
HOSP-SP-002,MED-066,BATCH-0222104,3,2026-06-15,2026-07-15,2026-06-29,6,0.709,4.23,OK,unit,0.0,16
HOSP-SP-002,MED-066,BATCH-0224817,15,2026-06-29,2026-07-29,2026-06-29,6,0.709,21.16,OK,unit,0.0,30
HOSP-SP-002,MED-067,BATCH-0223471,16,2026-06-22,2029-06-21,2026-06-29,27,1.982,8.07,OK,vial,40.0,1088
HOSP-SP-002,MED-067,BATCH-0224818,32,2026-06-29,2029-06-28,2026-06-29,27,1.982,16.15,OK,vial,40.0,1095
HOSP-SP-002,MED-068,BATCH-0223472,5,2026-06-22,2029-06-21,2026-06-29,9,0.642,7.79,OK,vial,180.0,1088
HOSP-SP-002,MED-068,BATCH-0224819,11,2026-06-29,2029-06-28,2026-06-29,9,0.642,17.13,OK,vial,180.0,1095
HOSP-SP-002,MED-069,BATCH-0220765,9,2026-06-08,2029-06-07,2026-06-29,15,0.949,9.48,OK,ampoule,95.0,1074
HOSP-SP-002,MED-069,BATCH-0224820,20,2026-06-29,2029-06-28,2026-06-29,15,0.949,21.07,OK,ampoule,95.0,1095
HOSP-SP-002,MED-070,BATCH-0211750,82,2026-04-13,2028-04-12,2026-06-29,150,1.892,43.34,OK,sachet,120.0,653
HOSP-SP-002,MED-070,BATCH-0220766,150,2026-06-08,2028-06-07,2026-06-29,150,1.892,79.28,OK,sachet,120.0,709
HOSP-SP-002,MED-071,BATCH-0220767,9,2026-06-08,2028-06-07,2026-06-29,10,0.562,16.01,OK,ampoule,150.0,709
HOSP-SP-002,MED-071,BATCH-0224821,10,2026-06-29,2028-06-28,2026-06-29,10,0.562,17.79,OK,ampoule,150.0,730
HOSP-SP-002,MED-072,BATCH-0223473,16,2026-06-22,2028-06-21,2026-06-29,19,1.37,11.68,OK,vial,650.0,723
HOSP-SP-002,MED-072,BATCH-0224822,19,2026-06-29,2028-06-28,2026-06-29,19,1.37,13.87,OK,vial,650.0,730
HOSP-SP-003,MED-001,BATCH-0224251,180,2026-06-29,2029-06-28,2026-06-29,100,4.097,43.93,OK,tablet,1.5,1095
HOSP-SP-003,MED-003,BATCH-0220225,158,2026-06-06,2029-06-05,2026-06-29,100,1.049,150.62,OK,tablet,2.5,1072
HOSP-SP-003,MED-004,BATCH-0220226,2,2026-06-07,2028-06-06,2026-06-29,10,0.404,4.95,LOW_STOCK,ampoule,25.0,708
HOSP-SP-003,MED-005,BATCH-0224252,180,2026-06-29,2028-06-28,2026-06-29,100,1.557,115.61,OK,capsule,6.0,730
HOSP-SP-003,MED-006,BATCH-0224253,23,2026-06-29,2028-06-28,2026-06-29,20,0.777,29.6,OK,tablet,35.0,730
HOSP-SP-003,MED-007,BATCH-0222907,2,2026-06-21,2028-06-20,2026-06-29,12,0.669,2.99,OK,tablet,40.0,722
HOSP-SP-003,MED-007,BATCH-0224254,21,2026-06-28,2028-06-27,2026-06-29,12,0.669,31.39,OK,tablet,40.0,729
HOSP-SP-003,MED-008,BATCH-0224255,4,2026-06-29,2029-06-28,2026-06-29,10,0.931,4.3,LOW_STOCK,tablet,8.0,1095
HOSP-SP-003,MED-009,BATCH-0224256,1,2026-06-29,2028-06-28,2026-06-29,9,0.659,1.52,LOW_STOCK,vial,85.0,730
HOSP-SP-003,MED-010,BATCH-0200259,131,2026-01-31,2029-01-30,2026-06-29,100,1.119,117.07,OK,tablet,2.0,946
HOSP-SP-003,MED-011,BATCH-0220227,29,2026-06-08,2029-06-07,2026-06-29,50,1.779,16.3,LOW_STOCK,sachet,8.0,1074
HOSP-SP-003,MED-012,BATCH-0224257,180,2026-06-28,2029-06-27,2026-06-29,100,1.176,153.06,OK,tablet,1.2,1094
HOSP-SP-003,MED-013,BATCH-0222908,17,2026-06-22,2028-06-21,2026-06-29,12,0.884,19.23,OK,bag,55.0,723
HOSP-SP-003,MED-014,BATCH-0224258,8,2026-06-28,2028-06-27,2026-06-29,25,1.797,4.45,LOW_STOCK,bag,45.0,729
HOSP-SP-003,MED-015,BATCH-0224259,6,2026-06-29,2028-06-28,2026-06-29,12,0.852,7.04,LOW_STOCK,bag,48.0,730
HOSP-SP-003,MED-016,BATCH-0224260,43,2026-06-27,2028-06-26,2026-06-29,24,0.253,169.96,OK,tablet,15.0,728
HOSP-SP-003,MED-017,BATCH-0200726,169,2025-11-26,2028-11-25,2026-06-29,100,0.106,1594.34,OK,tablet,1.8,880
HOSP-SP-003,MED-018,BATCH-0222909,6,2026-06-22,2028-06-21,2026-06-29,5,0.301,19.93,OK,unit,180.0,723
HOSP-SP-003,MED-019,BATCH-0222910,15,2026-06-20,2028-06-19,2026-06-29,10,0.329,45.59,OK,ampoule,30.0,721
HOSP-SP-003,MED-020,BATCH-0224261,8,2026-06-29,2028-06-28,2026-06-29,5,0.358,22.35,OK,bottle,55.0,730
HOSP-SP-003,MED-021,BATCH-0208113,73,2026-03-23,2029-03-22,2026-06-29,100,1.459,50.03,LOW_STOCK,tablet,1.0,997
HOSP-SP-003,MED-022,BATCH-0215555,153,2026-05-09,2029-05-08,2026-06-29,100,1.371,111.6,OK,tablet,2.5,1044
HOSP-SP-003,MED-023,BATCH-0222912,166,2026-06-22,2029-06-21,2026-06-29,100,1.659,100.06,OK,tablet,1.5,1088
HOSP-SP-003,MED-023,BATCH-0224262,200,2026-06-29,2029-06-28,2026-06-29,100,1.659,120.55,OK,tablet,1.5,1095
HOSP-SP-003,MED-024,BATCH-0224263,7,2026-06-28,2028-06-27,2026-06-29,5,0.218,32.11,OK,vial,450.0,729
HOSP-SP-003,MED-025,BATCH-0216663,131,2026-05-17,2029-05-16,2026-06-29,100,0.818,160.15,OK,tablet,3.0,1052
HOSP-SP-003,MED-026,BATCH-0189608,77,2025-11-30,2028-11-29,2026-06-29,100,1.251,61.55,OK,tablet,0.8,884
HOSP-SP-003,MED-026,BATCH-0224264,300,2026-06-27,2029-06-26,2026-06-29,100,1.251,239.81,OK,tablet,0.8,1093
HOSP-SP-003,MED-027,BATCH-0224265,180,2026-06-28,2029-06-27,2026-06-29,100,1.565,115.02,OK,capsule,2.0,1094
HOSP-SP-003,MED-028,BATCH-0222915,5,2026-06-20,2029-06-19,2026-06-29,10,0.616,8.12,LOW_STOCK,tablet,6.0,1086
HOSP-SP-003,MED-029,BATCH-0173428,102,2025-09-01,2028-08-31,2026-06-29,100,0.526,193.92,OK,tablet,1.5,794
HOSP-SP-003,MED-030,BATCH-0224266,4,2026-06-27,2029-06-26,2026-06-29,5,0.369,10.84,LOW_STOCK,bottle_100ml,85.0,1093
HOSP-SP-003,MED-031,BATCH-0222916,74,2026-06-21,2031-06-21,2026-06-29,50,2.613,28.32,OK,pair,25.0,1818
HOSP-SP-003,MED-031,BATCH-0224267,100,2026-06-27,2031-06-27,2026-06-29,50,2.613,38.27,OK,pair,25.0,1824
HOSP-SP-003,MED-032,BATCH-0213417,138,2026-04-27,2031-04-27,2026-06-29,100,3.231,42.71,OK,piece,5.0,1763
HOSP-SP-003,MED-033,BATCH-0216665,98,2026-05-17,2031-05-17,2026-06-29,50,1.181,82.98,OK,piece,35.0,1783
HOSP-SP-003,MED-034,BATCH-0222917,18,2026-06-21,2028-06-20,2026-06-29,10,0.157,114.65,OK,vial,25.0,722
HOSP-SP-003,MED-035,BATCH-0222918,5,2026-06-21,2028-06-20,2026-06-29,5,0.082,60.98,OK,vial,350.0,722
HOSP-SP-003,MED-035,BATCH-0224268,5,2026-06-29,2028-06-28,2026-06-29,5,0.082,60.98,OK,vial,350.0,730
HOSP-SP-003,MED-036,BATCH-0202587,41,2026-02-16,2028-02-16,2026-06-29,100,1.658,24.73,OK,tablet,0.5,597
HOSP-SP-003,MED-036,BATCH-0220230,300,2026-06-08,2028-06-07,2026-06-29,100,1.658,180.94,OK,tablet,0.5,709
HOSP-SP-003,MED-036,BATCH-0221573,300,2026-06-14,2028-06-13,2026-06-29,100,1.658,180.94,OK,tablet,0.5,715
HOSP-SP-003,MED-038,BATCH-0224823,8,2026-06-09,2028-06-08,2026-06-29,10,0.362,22.1,LOW_STOCK,ampoule,12.0,710
HOSP-SP-003,MED-039,BATCH-0224269,18,2026-06-28,2029-06-27,2026-06-29,10,0.297,60.61,OK,ampoule,10.0,1094
HOSP-SP-003,MED-040,BATCH-0217745,12,2026-05-23,2029-05-22,2026-06-29,10,0.227,52.86,OK,ampoule,28.0,1058
HOSP-SP-003,MED-041,BATCH-0214452,4,2026-05-03,2028-05-02,2026-06-29,5,0.05,80.0,OK,vial,180.0,673
HOSP-SP-003,MED-041,BATCH-0215561,5,2026-05-10,2028-05-09,2026-06-29,5,0.05,100.0,OK,vial,180.0,680
HOSP-SP-003,MED-042,BATCH-0201399,5,2026-02-07,2028-02-07,2026-06-29,5,0.05,100.0,OK,vial,1200.0,588
HOSP-SP-003,MED-043,BATCH-0205903,4,2026-03-09,2028-03-08,2026-06-29,5,0.05,80.0,OK,vial,3500.0,618
HOSP-SP-003,MED-043,BATCH-0207038,5,2026-03-16,2028-03-15,2026-06-29,5,0.05,100.0,OK,vial,3500.0,625
HOSP-SP-003,MED-044,BATCH-0190747,5,2025-12-07,2027-12-07,2026-06-29,5,0.05,100.0,OK,vial,450.0,526
HOSP-SP-003,MED-045,BATCH-0221575,36,2026-06-14,2028-06-13,2026-06-29,20,0.077,467.53,OK,tablet,15.0,715
HOSP-SP-003,MED-045,BATCH-0222920,40,2026-06-21,2028-06-20,2026-06-29,20,0.077,519.48,OK,tablet,15.0,722
HOSP-SP-003,MED-046,BATCH-0212419,2,2026-04-20,2027-10-19,2026-06-29,5,0.05,40.0,OK,prefilled,4500.0,477
HOSP-SP-003,MED-046,BATCH-0213420,7,2026-04-26,2027-10-25,2026-06-29,5,0.05,140.0,OK,prefilled,4500.0,483
HOSP-SP-003,MED-047,BATCH-0221576,54,2026-06-13,2029-06-12,2026-06-29,50,1.047,51.58,OK,sachet,6.0,1079
HOSP-SP-003,MED-048,BATCH-0224270,9,2026-06-27,2028-06-26,2026-06-29,5,0.341,26.39,OK,bottle,65.0,728
HOSP-SP-003,MED-049,BATCH-0221577,178,2026-06-13,2028-06-12,2026-06-29,100,0.404,440.59,OK,capsule,2.0,714
HOSP-SP-003,MED-050,BATCH-0222922,18,2026-06-21,2028-06-20,2026-06-29,10,0.323,55.73,OK,vial,120.0,722
HOSP-SP-003,MED-051,BATCH-0221579,12,2026-06-13,2028-06-12,2026-06-29,10,0.242,49.59,OK,vial,80.0,714
HOSP-SP-003,MED-052,BATCH-0222923,7,2026-06-21,2028-06-20,2026-06-29,8,0.552,12.68,OK,kit,25.0,722
HOSP-SP-003,MED-052,BATCH-0224271,12,2026-06-27,2028-06-26,2026-06-29,8,0.552,21.74,OK,kit,25.0,728
HOSP-SP-003,MED-053,BATCH-0218846,4,2026-05-31,2028-05-30,2026-06-29,10,0.506,7.91,OK,ampoule,35.0,701
HOSP-SP-003,MED-053,BATCH-0220235,10,2026-06-07,2028-06-06,2026-06-29,10,0.506,19.76,OK,ampoule,35.0,708
HOSP-SP-003,MED-054,BATCH-0221581,1,2026-06-14,2028-06-13,2026-06-29,4,0.304,3.29,LOW_STOCK,tablet,20.0,715
HOSP-SP-003,MED-055,BATCH-0214453,14,2026-05-02,2029-05-01,2026-06-29,10,0.164,85.37,OK,ampoule,18.0,1037
HOSP-SP-003,MED-056,BATCH-0217747,3,2026-05-23,2029-05-22,2026-06-29,5,0.145,20.69,LOW_STOCK,ampoule,45.0,1058
HOSP-SP-003,MED-057,BATCH-0214454,2,2026-05-02,2028-05-01,2026-06-29,5,0.105,19.05,OK,bottle,55.0,672
HOSP-SP-003,MED-057,BATCH-0215562,5,2026-05-10,2028-05-09,2026-06-29,5,0.105,47.62,OK,bottle,55.0,680
HOSP-SP-003,MED-058,BATCH-0209214,1,2026-03-30,2028-03-29,2026-06-29,5,0.074,13.51,OK,bottle,90.0,639
HOSP-SP-003,MED-058,BATCH-0224272,5,2026-06-29,2028-06-28,2026-06-29,5,0.074,67.57,OK,bottle,90.0,730
HOSP-SP-003,MED-059,BATCH-0220237,3,2026-06-06,2028-06-05,2026-06-29,5,0.053,56.6,OK,bottle,70.0,707
HOSP-SP-003,MED-059,BATCH-0221582,5,2026-06-15,2028-06-14,2026-06-29,5,0.053,94.34,OK,bottle,70.0,716
HOSP-SP-003,MED-060,BATCH-0204842,2,2026-03-02,2028-03-01,2026-06-29,5,0.06,33.33,LOW_STOCK,vial,2500.0,611
HOSP-SP-003,MED-061,BATCH-0205910,6,2026-03-08,2028-03-07,2026-06-29,10,0.108,55.56,OK,ampoule,25.0,617
HOSP-SP-003,MED-061,BATCH-0224273,20,2026-06-29,2028-06-28,2026-06-29,10,0.108,185.19,OK,ampoule,25.0,730
HOSP-SP-003,MED-062,BATCH-0185218,9,2025-11-03,2028-11-02,2026-06-29,10,0.107,84.11,LOW_STOCK,ampoule,12.0,857
HOSP-SP-003,MED-063,BATCH-0216669,1,2026-05-16,2028-05-15,2026-06-29,5,0.061,16.39,OK,vial,850.0,686
HOSP-SP-003,MED-063,BATCH-0217748,5,2026-05-23,2028-05-22,2026-06-29,5,0.061,81.97,OK,vial,850.0,693
HOSP-SP-003,MED-064,BATCH-0224274,8,2026-06-28,2031-06-28,2026-06-29,12,0.483,16.56,LOW_STOCK,roll,80.0,1825
HOSP-SP-003,MED-067,BATCH-0221583,3,2026-06-15,2029-06-14,2026-06-29,5,0.355,8.45,LOW_STOCK,vial,40.0,1081
HOSP-SP-003,MED-068,BATCH-0221584,4,2026-06-14,2029-06-13,2026-06-29,5,0.118,33.9,OK,vial,180.0,1080
HOSP-SP-003,MED-068,BATCH-0222924,5,2026-06-21,2029-06-20,2026-06-29,5,0.118,42.37,OK,vial,180.0,1087
HOSP-SP-003,MED-069,BATCH-0222925,9,2026-06-20,2029-06-19,2026-06-29,5,0.139,64.75,OK,ampoule,95.0,1086
HOSP-SP-003,MED-070,BATCH-0220239,120,2026-06-06,2028-06-05,2026-06-29,150,0.343,349.85,OK,sachet,120.0,707
HOSP-SP-003,MED-070,BATCH-0221586,150,2026-06-13,2028-06-12,2026-06-29,150,0.343,437.32,OK,sachet,120.0,714
HOSP-SP-003,MED-071,BATCH-0189618,1,2025-11-29,2027-11-29,2026-06-29,10,0.089,11.24,OK,ampoule,150.0,518
HOSP-SP-003,MED-071,BATCH-0210299,10,2026-04-06,2028-04-05,2026-06-29,10,0.089,112.36,OK,ampoule,150.0,646
HOSP-SP-003,MED-071,BATCH-0211307,10,2026-04-13,2028-04-12,2026-06-29,10,0.089,112.36,OK,ampoule,150.0,653
HOSP-SP-003,MED-072,BATCH-0224275,4,2026-06-28,2028-06-27,2026-06-29,5,0.211,18.96,LOW_STOCK,vial,650.0,729
HOSP-SP-004,MED-001,BATCH-0224276,164,2026-06-28,2029-06-27,2026-06-29,100,5.654,29.01,OK,tablet,1.5,1094
HOSP-SP-004,MED-002,BATCH-0222926,11,2026-06-21,2028-06-20,2026-06-29,13,0.944,11.65,LOW_STOCK,bottle,45.0,722
HOSP-SP-004,MED-003,BATCH-0213427,103,2026-04-26,2029-04-25,2026-06-29,100,2.206,46.69,OK,tablet,2.5,1031
HOSP-SP-004,MED-004,BATCH-0222927,11,2026-06-20,2028-06-19,2026-06-29,10,0.738,14.91,OK,ampoule,25.0,721
HOSP-SP-004,MED-005,BATCH-0218847,50,2026-05-31,2028-05-30,2026-06-29,100,2.775,18.02,OK,capsule,6.0,701
HOSP-SP-004,MED-005,BATCH-0224277,200,2026-06-28,2028-06-27,2026-06-29,100,2.775,72.07,OK,capsule,6.0,729
HOSP-SP-004,MED-006,BATCH-0224278,26,2026-06-29,2028-06-28,2026-06-29,20,1.287,20.2,OK,tablet,35.0,730
HOSP-SP-004,MED-007,BATCH-0222928,2,2026-06-21,2028-06-20,2026-06-29,15,0.94,2.13,LOW_STOCK,tablet,40.0,722
HOSP-SP-004,MED-008,BATCH-0224279,29,2026-06-27,2029-06-26,2026-06-29,20,1.375,21.09,OK,tablet,8.0,1093
HOSP-SP-004,MED-009,BATCH-0221591,1,2026-06-14,2028-06-13,2026-06-29,17,1.197,0.84,OK,vial,85.0,715
HOSP-SP-004,MED-009,BATCH-0224280,20,2026-06-28,2028-06-27,2026-06-29,17,1.197,16.71,OK,vial,85.0,729
HOSP-SP-004,MED-010,BATCH-0204852,150,2026-03-01,2029-02-28,2026-06-29,100,1.439,104.24,OK,tablet,2.0,975
HOSP-SP-004,MED-011,BATCH-0224281,61,2026-06-29,2029-06-28,2026-06-29,50,2.902,21.02,OK,sachet,8.0,1095
HOSP-SP-004,MED-012,BATCH-0221593,107,2026-06-15,2029-06-14,2026-06-29,100,2.144,49.91,OK,tablet,1.2,1081
HOSP-SP-004,MED-013,BATCH-0224282,11,2026-06-27,2028-06-26,2026-06-29,15,1.083,10.16,LOW_STOCK,bag,55.0,728
HOSP-SP-004,MED-014,BATCH-0222930,5,2026-06-20,2028-06-19,2026-06-29,28,2.073,2.41,LOW_STOCK,bag,45.0,721
HOSP-SP-004,MED-015,BATCH-0222931,6,2026-06-22,2028-06-21,2026-06-29,18,1.323,4.54,LOW_STOCK,bag,48.0,723
HOSP-SP-004,MED-016,BATCH-0218851,28,2026-05-31,2028-05-30,2026-06-29,24,0.362,77.35,OK,tablet,15.0,701
HOSP-SP-004,MED-017,BATCH-0170660,106,2025-08-18,2028-08-17,2026-06-29,100,0.234,452.99,OK,tablet,1.8,780
HOSP-SP-004,MED-018,BATCH-0221597,2,2026-06-13,2028-06-12,2026-06-29,5,0.367,5.45,LOW_STOCK,unit,180.0,714
HOSP-SP-004,MED-019,BATCH-0220249,2,2026-06-06,2028-06-05,2026-06-29,10,0.708,2.82,OK,ampoule,30.0,707
HOSP-SP-004,MED-019,BATCH-0224283,20,2026-06-28,2028-06-27,2026-06-29,10,0.708,28.25,OK,ampoule,30.0,729
HOSP-SP-004,MED-020,BATCH-0222932,1,2026-06-22,2028-06-21,2026-06-29,10,0.701,1.43,LOW_STOCK,bottle,55.0,723
HOSP-SP-004,MED-021,BATCH-0215568,209,2026-05-09,2029-05-08,2026-06-29,100,2.702,77.35,OK,tablet,1.0,1044
HOSP-SP-004,MED-022,BATCH-0215569,165,2026-05-09,2029-05-08,2026-06-29,100,1.936,85.23,OK,tablet,2.5,1044
HOSP-SP-004,MED-023,BATCH-0221598,157,2026-06-14,2029-06-13,2026-06-29,100,2.82,55.67,OK,tablet,1.5,1080
HOSP-SP-004,MED-024,BATCH-0218854,3,2026-05-30,2028-05-29,2026-06-29,5,0.338,8.88,OK,vial,450.0,700
HOSP-SP-004,MED-024,BATCH-0224284,6,2026-06-29,2028-06-28,2026-06-29,5,0.338,17.75,OK,vial,450.0,730
HOSP-SP-004,MED-025,BATCH-0207053,46,2026-03-14,2029-03-13,2026-06-29,100,1.605,28.66,OK,tablet,3.0,988
HOSP-SP-004,MED-025,BATCH-0221599,200,2026-06-15,2029-06-14,2026-06-29,100,1.605,124.61,OK,tablet,3.0,1081
HOSP-SP-004,MED-026,BATCH-0207054,54,2026-03-14,2029-03-13,2026-06-29,100,1.978,27.3,OK,tablet,0.8,988
HOSP-SP-004,MED-026,BATCH-0222933,300,2026-06-20,2029-06-19,2026-06-29,100,1.978,151.67,OK,tablet,0.8,1086
HOSP-SP-004,MED-027,BATCH-0224285,180,2026-06-29,2029-06-28,2026-06-29,100,2.407,74.78,OK,capsule,2.0,1095
HOSP-SP-004,MED-028,BATCH-0224286,29,2026-06-27,2029-06-26,2026-06-29,20,1.089,26.63,OK,tablet,6.0,1093
HOSP-SP-004,MED-029,BATCH-0209222,76,2026-03-28,2029-03-27,2026-06-29,100,0.66,115.15,OK,tablet,1.5,1002
HOSP-SP-004,MED-029,BATCH-0224287,300,2026-06-27,2029-06-26,2026-06-29,100,0.66,454.55,OK,tablet,1.5,1093
HOSP-SP-004,MED-030,BATCH-0222934,3,2026-06-22,2029-06-21,2026-06-29,9,0.596,5.03,LOW_STOCK,bottle_100ml,85.0,1088
HOSP-SP-004,MED-031,BATCH-0221600,83,2026-06-13,2031-06-13,2026-06-29,100,3.773,22.0,LOW_STOCK,pair,25.0,1810
HOSP-SP-004,MED-032,BATCH-0218855,63,2026-06-01,2031-06-01,2026-06-29,100,4.286,14.7,LOW_STOCK,piece,5.0,1798
HOSP-SP-004,MED-033,BATCH-0217757,39,2026-05-24,2031-05-24,2026-06-29,50,2.072,18.82,LOW_STOCK,piece,35.0,1790
HOSP-SP-004,MED-034,BATCH-0221601,17,2026-06-14,2028-06-13,2026-06-29,10,0.32,53.12,OK,vial,25.0,715
HOSP-SP-004,MED-035,BATCH-0218856,6,2026-05-30,2028-05-29,2026-06-29,5,0.126,47.62,OK,vial,350.0,700
HOSP-SP-004,MED-036,BATCH-0222935,180,2026-06-22,2028-06-21,2026-06-29,100,2.414,74.57,OK,tablet,0.5,723
HOSP-SP-004,MED-037,BATCH-0221602,2,2026-06-13,2029-06-12,2026-06-29,5,0.457,4.38,LOW_STOCK,tablet,8.0,1079
HOSP-SP-004,MED-038,BATCH-0224288,12,2026-06-27,2028-06-26,2026-06-29,10,0.52,23.08,OK,ampoule,12.0,728
HOSP-SP-004,MED-039,BATCH-0222936,19,2026-06-21,2029-06-20,2026-06-29,10,0.436,43.58,OK,ampoule,10.0,1087
HOSP-SP-004,MED-040,BATCH-0221603,15,2026-06-13,2029-06-12,2026-06-29,10,0.345,43.48,OK,ampoule,28.0,1079
HOSP-SP-004,MED-041,BATCH-0214466,5,2026-05-02,2028-05-01,2026-06-29,5,0.068,73.53,OK,vial,180.0,672
HOSP-SP-004,MED-042,BATCH-0199050,4,2026-01-26,2028-01-26,2026-06-29,5,0.05,80.0,OK,vial,1200.0,576
HOSP-SP-004,MED-042,BATCH-0220255,5,2026-06-07,2028-06-06,2026-06-29,5,0.05,100.0,OK,vial,1200.0,708
HOSP-SP-004,MED-043,BATCH-0187465,1,2025-11-15,2027-11-15,2026-06-29,5,0.05,20.0,OK,vial,3500.0,504
HOSP-SP-004,MED-043,BATCH-0220256,5,2026-06-08,2028-06-07,2026-06-29,5,0.05,100.0,OK,vial,3500.0,709
HOSP-SP-004,MED-044,BATCH-0190760,3,2025-12-06,2027-12-06,2026-06-29,5,0.05,60.0,OK,vial,450.0,525
HOSP-SP-004,MED-044,BATCH-0222937,5,2026-06-21,2028-06-20,2026-06-29,5,0.05,100.0,OK,vial,450.0,722
HOSP-SP-004,MED-045,BATCH-0196594,20,2026-01-12,2028-01-12,2026-06-29,20,0.134,149.25,OK,tablet,15.0,562
HOSP-SP-004,MED-046,BATCH-0177113,2,2025-09-20,2027-03-21,2026-06-29,5,0.05,40.0,OK,prefilled,4500.0,265
HOSP-SP-004,MED-046,BATCH-0216681,5,2026-05-18,2027-11-16,2026-06-29,5,0.05,100.0,OK,prefilled,4500.0,505
HOSP-SP-004,MED-047,BATCH-0218858,22,2026-06-01,2029-05-31,2026-06-29,50,1.48,14.86,LOW_STOCK,sachet,6.0,1067
HOSP-SP-004,MED-048,BATCH-0224289,9,2026-06-27,2028-06-26,2026-06-29,7,0.46,19.57,OK,bottle,65.0,728
HOSP-SP-004,MED-049,BATCH-0210311,102,2026-04-04,2028-04-03,2026-06-29,100,0.733,139.15,OK,capsule,2.0,644
HOSP-SP-004,MED-050,BATCH-0222939,14,2026-06-22,2028-06-21,2026-06-29,10,0.474,29.54,OK,vial,120.0,723
HOSP-SP-004,MED-051,BATCH-0218860,1,2026-05-31,2028-05-30,2026-06-29,10,0.45,2.22,OK,vial,80.0,701
HOSP-SP-004,MED-051,BATCH-0224290,20,2026-06-27,2028-06-26,2026-06-29,10,0.45,44.44,OK,vial,80.0,728
HOSP-SP-004,MED-052,BATCH-0224291,14,2026-06-29,2028-06-28,2026-06-29,14,0.978,14.31,OK,kit,25.0,730
HOSP-SP-004,MED-053,BATCH-0221605,1,2026-06-13,2028-06-12,2026-06-29,10,0.71,1.41,LOW_STOCK,ampoule,35.0,714
HOSP-SP-004,MED-054,BATCH-0216682,3,2026-05-18,2028-05-17,2026-06-29,8,0.424,7.08,OK,tablet,20.0,688
HOSP-SP-004,MED-054,BATCH-0221606,12,2026-06-14,2028-06-13,2026-06-29,8,0.424,28.3,OK,tablet,20.0,715
HOSP-SP-004,MED-055,BATCH-0210315,11,2026-04-06,2029-04-05,2026-06-29,10,0.27,40.74,OK,ampoule,18.0,1011
HOSP-SP-004,MED-056,BATCH-0220258,2,2026-06-08,2029-06-07,2026-06-29,5,0.216,9.26,LOW_STOCK,ampoule,45.0,1074
HOSP-SP-004,MED-057,BATCH-0218862,4,2026-05-31,2028-05-30,2026-06-29,5,0.213,18.78,LOW_STOCK,bottle,55.0,701
HOSP-SP-004,MED-058,BATCH-0216683,2,2026-05-17,2028-05-16,2026-06-29,5,0.135,14.81,OK,bottle,90.0,687
HOSP-SP-004,MED-058,BATCH-0224292,6,2026-06-29,2028-06-28,2026-06-29,5,0.135,44.44,OK,bottle,90.0,730
HOSP-SP-004,MED-059,BATCH-0221607,6,2026-06-14,2028-06-13,2026-06-29,5,0.099,60.61,OK,bottle,70.0,715
HOSP-SP-004,MED-060,BATCH-0215579,3,2026-05-10,2028-05-09,2026-06-29,5,0.078,38.46,OK,vial,2500.0,680
HOSP-SP-004,MED-060,BATCH-0222940,5,2026-06-22,2028-06-21,2026-06-29,5,0.078,64.1,OK,vial,2500.0,723
HOSP-SP-004,MED-061,BATCH-0224293,18,2026-06-27,2028-06-26,2026-06-29,10,0.239,75.31,OK,ampoule,25.0,728
HOSP-SP-004,MED-062,BATCH-0211318,15,2026-04-13,2029-04-12,2026-06-29,10,0.163,92.02,OK,ampoule,12.0,1018
HOSP-SP-004,MED-063,BATCH-0220259,4,2026-06-07,2028-06-06,2026-06-29,5,0.103,38.83,LOW_STOCK,vial,850.0,708
HOSP-SP-004,MED-064,BATCH-0220260,3,2026-06-08,2031-06-08,2026-06-29,24,0.941,3.19,OK,roll,80.0,1805
HOSP-SP-004,MED-064,BATCH-0222941,36,2026-06-22,2031-06-22,2026-06-29,24,0.941,38.26,OK,roll,80.0,1819
HOSP-SP-004,MED-065,BATCH-0222942,4,2026-06-22,2026-07-22,2026-06-29,3,0.202,19.8,OK,unit,0.0,23
HOSP-SP-004,MED-066,BATCH-0222943,5,2026-06-20,2026-07-20,2026-06-29,3,0.153,32.68,OK,unit,0.0,21
HOSP-SP-004,MED-067,BATCH-0222944,6,2026-06-20,2029-06-19,2026-06-29,7,0.502,11.95,LOW_STOCK,vial,40.0,1086
HOSP-SP-004,MED-068,BATCH-0217762,5,2026-05-23,2029-05-22,2026-06-29,5,0.127,39.37,OK,vial,180.0,1058
HOSP-SP-004,MED-069,BATCH-0220262,3,2026-06-08,2029-06-07,2026-06-29,5,0.229,13.1,LOW_STOCK,ampoule,95.0,1074
HOSP-SP-004,MED-070,BATCH-0134322,5,2025-01-18,2027-01-18,2026-06-29,150,0.435,11.49,OK,sachet,120.0,203
HOSP-SP-004,MED-070,BATCH-0179846,150,2025-10-04,2027-10-04,2026-06-29,150,0.435,344.83,OK,sachet,120.0,462
HOSP-SP-004,MED-071,BATCH-0207066,4,2026-03-15,2028-03-14,2026-06-29,10,0.14,28.57,OK,ampoule,150.0,624
HOSP-SP-004,MED-071,BATCH-0218864,10,2026-05-30,2028-05-29,2026-06-29,10,0.14,71.43,OK,ampoule,150.0,700
HOSP-SP-004,MED-072,BATCH-0224294,4,2026-06-29,2028-06-28,2026-06-29,5,0.286,13.99,LOW_STOCK,vial,650.0,730
